-- phpMyAdmin SQL Dump
-- version 4.8.3
-- https://www.phpmyadmin.net/
--
-- Servidor: 127.0.0.1
-- Tiempo de generación: 19-12-2018 a las 15:00:17
-- Versión del servidor: 10.1.36-MariaDB
-- Versión de PHP: 7.2.11

SET SQL_MODE = "NO_AUTO_VALUE_ON_ZERO";
SET AUTOCOMMIT = 0;
START TRANSACTION;
SET time_zone = "+00:00";


/*!40101 SET @OLD_CHARACTER_SET_CLIENT=@@CHARACTER_SET_CLIENT */;
/*!40101 SET @OLD_CHARACTER_SET_RESULTS=@@CHARACTER_SET_RESULTS */;
/*!40101 SET @OLD_COLLATION_CONNECTION=@@COLLATION_CONNECTION */;
/*!40101 SET NAMES utf8mb4 */;

--
-- Base de datos: `yura_db`
--

-- --------------------------------------------------------

--
-- Estructura de tabla para la tabla `agencia_carga`
--

CREATE TABLE `agencia_carga` (
  `id_agencia_carga` int(11) NOT NULL,
  `nombre` varchar(250) COLLATE utf8_bin NOT NULL,
  `codigo` varchar(255) COLLATE utf8_bin NOT NULL,
  `estado` tinyint(1) NOT NULL DEFAULT '1',
  `fecha_registro` datetime NOT NULL DEFAULT CURRENT_TIMESTAMP
) ENGINE=InnoDB DEFAULT CHARSET=utf8 COLLATE=utf8_bin;

--
-- Volcado de datos para la tabla `agencia_carga`
--

INSERT INTO `agencia_carga` (`id_agencia_carga`, `nombre`, `codigo`, `estado`, `fecha_registro`) VALUES
(3, 'Agencia 3', 'AG3', 1, '2018-11-08 16:44:10'),
(4, 'Agencia 2', 'AG2', 1, '2018-11-08 16:44:15'),
(5, 'Agencia 1', 'AG1', 1, '2018-11-09 09:29:23'),
(7, 'Agencia 5', 'AG5', 1, '2018-11-09 10:42:18'),
(8, 'Agencia 6', 'AG6', 1, '2018-11-09 10:42:30'),
(9, 'Agencia 4', 'AG4', 1, '2018-11-15 12:51:34');

-- --------------------------------------------------------

--
-- Estructura de tabla para la tabla `agencia_transporte`
--

CREATE TABLE `agencia_transporte` (
  `id_agencia_transporte` int(11) NOT NULL,
  `nombre` varchar(255) COLLATE utf8_bin NOT NULL,
  `tipo_agencia` varchar(1) COLLATE utf8_bin NOT NULL,
  `estado` tinyint(1) NOT NULL DEFAULT '1',
  `fecha_registro` timestamp NOT NULL DEFAULT CURRENT_TIMESTAMP ON UPDATE CURRENT_TIMESTAMP
) ENGINE=InnoDB DEFAULT CHARSET=utf8 COLLATE=utf8_bin;

--
-- Volcado de datos para la tabla `agencia_transporte`
--

INSERT INTO `agencia_transporte` (`id_agencia_transporte`, `nombre`, `tipo_agencia`, `estado`, `fecha_registro`) VALUES
(1, 'AT3', 'A', 1, '2018-12-17 19:13:32'),
(2, 'AT1', 'A', 1, '2018-12-17 19:12:58'),
(3, 'AT2', 'A', 1, '2018-12-17 19:13:20');

-- --------------------------------------------------------

--
-- Estructura de tabla para la tabla `bitacora`
--

CREATE TABLE `bitacora` (
  `id_bitacora` int(11) NOT NULL,
  `tabla` varchar(250) COLLATE utf8_bin NOT NULL,
  `codigo` int(11) NOT NULL,
  `fecha_registro` datetime NOT NULL DEFAULT CURRENT_TIMESTAMP,
  `accion` char(1) COLLATE utf8_bin NOT NULL DEFAULT 'I',
  `id_usuario` int(11) NOT NULL,
  `ip` varchar(250) COLLATE utf8_bin NOT NULL,
  `observacion` varchar(180) COLLATE utf8_bin DEFAULT NULL
) ENGINE=InnoDB DEFAULT CHARSET=utf8 COLLATE=utf8_bin;

--
-- Volcado de datos para la tabla `bitacora`
--

INSERT INTO `bitacora` (`id_bitacora`, `tabla`, `codigo`, `fecha_registro`, `accion`, `id_usuario`, `ip`, `observacion`) VALUES
(1, 'CLASIFICACION_VERDE', 1, '2018-11-30 11:26:44', 'I', 1, '192.168.154.71', 'INSERCIÓN SATISFACTORIA DE UNA NUEVA CLASIFICACIÓN EN VERDE'),
(2, 'DETALLE_CLASIFICACION_VERDE', 1, '2018-11-30 11:26:44', 'I', 1, '192.168.154.71', 'INSERCIÓN SATISFACTORIA DE UN NUEVO DETALLE DE LA CLASIFICACIÓN EN VERDE'),
(3, 'DETALLE_CLASIFICACION_VERDE', 2, '2018-11-30 11:26:44', 'I', 1, '192.168.154.71', 'INSERCIÓN SATISFACTORIA DE UN NUEVO DETALLE DE LA CLASIFICACIÓN EN VERDE'),
(4, 'DETALLE_CLASIFICACION_VERDE', 3, '2018-11-30 11:26:44', 'I', 1, '192.168.154.71', 'INSERCIÓN SATISFACTORIA DE UN NUEVO DETALLE DE LA CLASIFICACIÓN EN VERDE'),
(5, 'DETALLE_CLASIFICACION_VERDE', 4, '2018-11-30 11:26:45', 'I', 1, '192.168.154.71', 'INSERCIÓN SATISFACTORIA DE UN NUEVO DETALLE DE LA CLASIFICACIÓN EN VERDE'),
(6, 'DETALLE_CLASIFICACION_VERDE', 5, '2018-11-30 11:26:56', 'I', 1, '192.168.154.71', 'INSERCIÓN SATISFACTORIA DE UN NUEVO DETALLE DE LA CLASIFICACIÓN EN VERDE'),
(7, 'DETALLE_CLASIFICACION_VERDE', 6, '2018-11-30 11:26:56', 'I', 1, '192.168.154.71', 'INSERCIÓN SATISFACTORIA DE UN NUEVO DETALLE DE LA CLASIFICACIÓN EN VERDE'),
(8, 'DETALLE_CLASIFICACION_VERDE', 7, '2018-11-30 11:26:56', 'I', 1, '192.168.154.71', 'INSERCIÓN SATISFACTORIA DE UN NUEVO DETALLE DE LA CLASIFICACIÓN EN VERDE'),
(9, 'DETALLE_CLASIFICACION_VERDE', 8, '2018-11-30 11:26:57', 'I', 1, '192.168.154.71', 'INSERCIÓN SATISFACTORIA DE UN NUEVO DETALLE DE LA CLASIFICACIÓN EN VERDE'),
(10, 'DETALLE_CLASIFICACION_VERDE', 9, '2018-11-30 11:27:12', 'I', 1, '192.168.154.71', 'INSERCIÓN SATISFACTORIA DE UN NUEVO DETALLE DE LA CLASIFICACIÓN EN VERDE'),
(11, 'DETALLE_CLASIFICACION_VERDE', 10, '2018-11-30 11:27:12', 'I', 1, '192.168.154.71', 'INSERCIÓN SATISFACTORIA DE UN NUEVO DETALLE DE LA CLASIFICACIÓN EN VERDE'),
(12, 'DETALLE_CLASIFICACION_VERDE', 11, '2018-11-30 11:27:12', 'I', 1, '192.168.154.71', 'INSERCIÓN SATISFACTORIA DE UN NUEVO DETALLE DE LA CLASIFICACIÓN EN VERDE'),
(13, 'DETALLE_CLASIFICACION_VERDE', 12, '2018-11-30 11:27:12', 'I', 1, '192.168.154.71', 'INSERCIÓN SATISFACTORIA DE UN NUEVO DETALLE DE LA CLASIFICACIÓN EN VERDE'),
(14, 'DETALLE_CLASIFICACION_VERDE', 13, '2018-11-30 11:27:29', 'I', 1, '192.168.154.71', 'INSERCIÓN SATISFACTORIA DE UN NUEVO DETALLE DE LA CLASIFICACIÓN EN VERDE'),
(15, 'DETALLE_CLASIFICACION_VERDE', 14, '2018-11-30 11:27:29', 'I', 1, '192.168.154.71', 'INSERCIÓN SATISFACTORIA DE UN NUEVO DETALLE DE LA CLASIFICACIÓN EN VERDE'),
(16, 'DETALLE_CLASIFICACION_VERDE', 15, '2018-11-30 11:27:29', 'I', 1, '192.168.154.71', 'INSERCIÓN SATISFACTORIA DE UN NUEVO DETALLE DE LA CLASIFICACIÓN EN VERDE'),
(17, 'DETALLE_CLASIFICACION_VERDE', 16, '2018-11-30 11:27:29', 'I', 1, '192.168.154.71', 'INSERCIÓN SATISFACTORIA DE UN NUEVO DETALLE DE LA CLASIFICACIÓN EN VERDE'),
(18, 'DETALLE_CLASIFICACION_VERDE', 17, '2018-11-30 11:27:45', 'I', 1, '192.168.154.71', 'INSERCIÓN SATISFACTORIA DE UN NUEVO DETALLE DE LA CLASIFICACIÓN EN VERDE'),
(19, 'DETALLE_CLASIFICACION_VERDE', 18, '2018-11-30 11:27:45', 'I', 1, '192.168.154.71', 'INSERCIÓN SATISFACTORIA DE UN NUEVO DETALLE DE LA CLASIFICACIÓN EN VERDE'),
(20, 'DETALLE_CLASIFICACION_VERDE', 19, '2018-11-30 11:27:45', 'I', 1, '192.168.154.71', 'INSERCIÓN SATISFACTORIA DE UN NUEVO DETALLE DE LA CLASIFICACIÓN EN VERDE'),
(21, 'DETALLE_CLASIFICACION_VERDE', 20, '2018-11-30 11:27:45', 'I', 1, '192.168.154.71', 'INSERCIÓN SATISFACTORIA DE UN NUEVO DETALLE DE LA CLASIFICACIÓN EN VERDE'),
(22, 'DETALLE_CLASIFICACION_VERDE', 21, '2018-11-30 11:28:40', 'I', 1, '192.168.154.71', 'INSERCIÓN SATISFACTORIA DE UN NUEVO DETALLE DE LA CLASIFICACIÓN EN VERDE'),
(23, 'DETALLE_CLASIFICACION_VERDE', 22, '2018-11-30 11:28:41', 'I', 1, '192.168.154.71', 'INSERCIÓN SATISFACTORIA DE UN NUEVO DETALLE DE LA CLASIFICACIÓN EN VERDE'),
(24, 'DETALLE_CLASIFICACION_VERDE', 23, '2018-11-30 11:28:41', 'I', 1, '192.168.154.71', 'INSERCIÓN SATISFACTORIA DE UN NUEVO DETALLE DE LA CLASIFICACIÓN EN VERDE'),
(25, 'DETALLE_CLASIFICACION_VERDE', 24, '2018-11-30 11:28:41', 'I', 1, '192.168.154.71', 'INSERCIÓN SATISFACTORIA DE UN NUEVO DETALLE DE LA CLASIFICACIÓN EN VERDE'),
(26, 'DETALLE_CLASIFICACION_VERDE', 25, '2018-11-30 11:28:51', 'I', 1, '192.168.154.71', 'INSERCIÓN SATISFACTORIA DE UN NUEVO DETALLE DE LA CLASIFICACIÓN EN VERDE'),
(27, 'DETALLE_CLASIFICACION_VERDE', 26, '2018-11-30 11:28:51', 'I', 1, '192.168.154.71', 'INSERCIÓN SATISFACTORIA DE UN NUEVO DETALLE DE LA CLASIFICACIÓN EN VERDE'),
(28, 'DETALLE_CLASIFICACION_VERDE', 27, '2018-11-30 11:28:51', 'I', 1, '192.168.154.71', 'INSERCIÓN SATISFACTORIA DE UN NUEVO DETALLE DE LA CLASIFICACIÓN EN VERDE'),
(29, 'DETALLE_CLASIFICACION_VERDE', 28, '2018-11-30 11:28:51', 'I', 1, '192.168.154.71', 'INSERCIÓN SATISFACTORIA DE UN NUEVO DETALLE DE LA CLASIFICACIÓN EN VERDE'),
(30, 'DETALLE_CLASIFICACION_VERDE', 29, '2018-11-30 11:29:06', 'I', 1, '192.168.154.71', 'INSERCIÓN SATISFACTORIA DE UN NUEVO DETALLE DE LA CLASIFICACIÓN EN VERDE'),
(31, 'DETALLE_CLASIFICACION_VERDE', 30, '2018-11-30 11:29:06', 'I', 1, '192.168.154.71', 'INSERCIÓN SATISFACTORIA DE UN NUEVO DETALLE DE LA CLASIFICACIÓN EN VERDE'),
(32, 'DETALLE_CLASIFICACION_VERDE', 31, '2018-11-30 11:29:06', 'I', 1, '192.168.154.71', 'INSERCIÓN SATISFACTORIA DE UN NUEVO DETALLE DE LA CLASIFICACIÓN EN VERDE'),
(33, 'DETALLE_CLASIFICACION_VERDE', 32, '2018-11-30 11:29:06', 'I', 1, '192.168.154.71', 'INSERCIÓN SATISFACTORIA DE UN NUEVO DETALLE DE LA CLASIFICACIÓN EN VERDE'),
(34, 'DETALLE_CLASIFICACION_VERDE', 33, '2018-11-30 11:29:22', 'I', 1, '192.168.154.71', 'INSERCIÓN SATISFACTORIA DE UN NUEVO DETALLE DE LA CLASIFICACIÓN EN VERDE'),
(35, 'DETALLE_CLASIFICACION_VERDE', 34, '2018-11-30 11:29:22', 'I', 1, '192.168.154.71', 'INSERCIÓN SATISFACTORIA DE UN NUEVO DETALLE DE LA CLASIFICACIÓN EN VERDE'),
(36, 'DETALLE_CLASIFICACION_VERDE', 35, '2018-11-30 11:29:23', 'I', 1, '192.168.154.71', 'INSERCIÓN SATISFACTORIA DE UN NUEVO DETALLE DE LA CLASIFICACIÓN EN VERDE'),
(37, 'DETALLE_CLASIFICACION_VERDE', 36, '2018-11-30 11:29:23', 'I', 1, '192.168.154.71', 'INSERCIÓN SATISFACTORIA DE UN NUEVO DETALLE DE LA CLASIFICACIÓN EN VERDE'),
(38, 'DETALLE_CLASIFICACION_VERDE', 37, '2018-11-30 11:29:36', 'I', 1, '192.168.154.71', 'INSERCIÓN SATISFACTORIA DE UN NUEVO DETALLE DE LA CLASIFICACIÓN EN VERDE'),
(39, 'DETALLE_CLASIFICACION_VERDE', 38, '2018-11-30 11:29:36', 'I', 1, '192.168.154.71', 'INSERCIÓN SATISFACTORIA DE UN NUEVO DETALLE DE LA CLASIFICACIÓN EN VERDE'),
(40, 'DETALLE_CLASIFICACION_VERDE', 39, '2018-11-30 11:29:36', 'I', 1, '192.168.154.71', 'INSERCIÓN SATISFACTORIA DE UN NUEVO DETALLE DE LA CLASIFICACIÓN EN VERDE'),
(41, 'DETALLE_CLASIFICACION_VERDE', 40, '2018-11-30 11:29:36', 'I', 1, '192.168.154.71', 'INSERCIÓN SATISFACTORIA DE UN NUEVO DETALLE DE LA CLASIFICACIÓN EN VERDE'),
(42, 'DETALLE_CLASIFICACION_VERDE', 41, '2018-11-30 11:29:48', 'I', 1, '192.168.154.71', 'INSERCIÓN SATISFACTORIA DE UN NUEVO DETALLE DE LA CLASIFICACIÓN EN VERDE'),
(43, 'DETALLE_CLASIFICACION_VERDE', 42, '2018-11-30 11:29:49', 'I', 1, '192.168.154.71', 'INSERCIÓN SATISFACTORIA DE UN NUEVO DETALLE DE LA CLASIFICACIÓN EN VERDE'),
(44, 'DETALLE_CLASIFICACION_VERDE', 43, '2018-11-30 11:29:49', 'I', 1, '192.168.154.71', 'INSERCIÓN SATISFACTORIA DE UN NUEVO DETALLE DE LA CLASIFICACIÓN EN VERDE'),
(45, 'DETALLE_CLASIFICACION_VERDE', 44, '2018-11-30 11:29:49', 'I', 1, '192.168.154.71', 'INSERCIÓN SATISFACTORIA DE UN NUEVO DETALLE DE LA CLASIFICACIÓN EN VERDE'),
(46, 'DETALLE_CLASIFICACION_VERDE', 45, '2018-11-30 11:34:55', 'I', 1, '192.168.154.71', 'INSERCIÓN SATISFACTORIA DE UN NUEVO DETALLE DE LA CLASIFICACIÓN EN VERDE'),
(47, 'CLASIFICACION_VERDE', 2, '2018-11-30 11:38:13', 'I', 1, '192.168.154.71', 'INSERCIÓN SATISFACTORIA DE UNA NUEVA CLASIFICACIÓN EN VERDE'),
(48, 'DETALLE_CLASIFICACION_VERDE', 46, '2018-11-30 11:38:14', 'I', 1, '192.168.154.71', 'INSERCIÓN SATISFACTORIA DE UN NUEVO DETALLE DE LA CLASIFICACIÓN EN VERDE'),
(49, 'DETALLE_CLASIFICACION_VERDE', 47, '2018-11-30 11:38:14', 'I', 1, '192.168.154.71', 'INSERCIÓN SATISFACTORIA DE UN NUEVO DETALLE DE LA CLASIFICACIÓN EN VERDE'),
(50, 'DETALLE_CLASIFICACION_VERDE', 48, '2018-11-30 11:38:14', 'I', 1, '192.168.154.71', 'INSERCIÓN SATISFACTORIA DE UN NUEVO DETALLE DE LA CLASIFICACIÓN EN VERDE'),
(51, 'DETALLE_CLASIFICACION_VERDE', 49, '2018-11-30 11:38:14', 'I', 1, '192.168.154.71', 'INSERCIÓN SATISFACTORIA DE UN NUEVO DETALLE DE LA CLASIFICACIÓN EN VERDE'),
(52, 'DETALLE_CLASIFICACION_VERDE', 50, '2018-11-30 11:38:42', 'I', 1, '192.168.154.71', 'INSERCIÓN SATISFACTORIA DE UN NUEVO DETALLE DE LA CLASIFICACIÓN EN VERDE'),
(53, 'DETALLE_CLASIFICACION_VERDE', 51, '2018-11-30 11:38:42', 'I', 1, '192.168.154.71', 'INSERCIÓN SATISFACTORIA DE UN NUEVO DETALLE DE LA CLASIFICACIÓN EN VERDE'),
(54, 'DETALLE_CLASIFICACION_VERDE', 52, '2018-11-30 11:38:42', 'I', 1, '192.168.154.71', 'INSERCIÓN SATISFACTORIA DE UN NUEVO DETALLE DE LA CLASIFICACIÓN EN VERDE'),
(55, 'DETALLE_CLASIFICACION_VERDE', 53, '2018-11-30 11:38:53', 'I', 1, '192.168.154.71', 'INSERCIÓN SATISFACTORIA DE UN NUEVO DETALLE DE LA CLASIFICACIÓN EN VERDE'),
(56, 'DETALLE_CLASIFICACION_VERDE', 54, '2018-11-30 11:38:53', 'I', 1, '192.168.154.71', 'INSERCIÓN SATISFACTORIA DE UN NUEVO DETALLE DE LA CLASIFICACIÓN EN VERDE'),
(57, 'DETALLE_CLASIFICACION_VERDE', 55, '2018-11-30 11:38:53', 'I', 1, '192.168.154.71', 'INSERCIÓN SATISFACTORIA DE UN NUEVO DETALLE DE LA CLASIFICACIÓN EN VERDE'),
(58, 'DETALLE_CLASIFICACION_VERDE', 56, '2018-11-30 11:38:53', 'I', 1, '192.168.154.71', 'INSERCIÓN SATISFACTORIA DE UN NUEVO DETALLE DE LA CLASIFICACIÓN EN VERDE'),
(59, 'DETALLE_CLASIFICACION_VERDE', 57, '2018-11-30 11:39:07', 'I', 1, '192.168.154.71', 'INSERCIÓN SATISFACTORIA DE UN NUEVO DETALLE DE LA CLASIFICACIÓN EN VERDE'),
(60, 'DETALLE_CLASIFICACION_VERDE', 58, '2018-11-30 11:39:07', 'I', 1, '192.168.154.71', 'INSERCIÓN SATISFACTORIA DE UN NUEVO DETALLE DE LA CLASIFICACIÓN EN VERDE'),
(61, 'DETALLE_CLASIFICACION_VERDE', 59, '2018-11-30 11:39:07', 'I', 1, '192.168.154.71', 'INSERCIÓN SATISFACTORIA DE UN NUEVO DETALLE DE LA CLASIFICACIÓN EN VERDE'),
(62, 'DETALLE_CLASIFICACION_VERDE', 60, '2018-11-30 11:39:07', 'I', 1, '192.168.154.71', 'INSERCIÓN SATISFACTORIA DE UN NUEVO DETALLE DE LA CLASIFICACIÓN EN VERDE'),
(63, 'DETALLE_CLASIFICACION_VERDE', 61, '2018-11-30 11:39:21', 'I', 1, '192.168.154.71', 'INSERCIÓN SATISFACTORIA DE UN NUEVO DETALLE DE LA CLASIFICACIÓN EN VERDE'),
(64, 'DETALLE_CLASIFICACION_VERDE', 62, '2018-11-30 11:39:21', 'I', 1, '192.168.154.71', 'INSERCIÓN SATISFACTORIA DE UN NUEVO DETALLE DE LA CLASIFICACIÓN EN VERDE'),
(65, 'DETALLE_CLASIFICACION_VERDE', 63, '2018-11-30 11:39:21', 'I', 1, '192.168.154.71', 'INSERCIÓN SATISFACTORIA DE UN NUEVO DETALLE DE LA CLASIFICACIÓN EN VERDE'),
(66, 'DETALLE_CLASIFICACION_VERDE', 64, '2018-11-30 11:39:21', 'I', 1, '192.168.154.71', 'INSERCIÓN SATISFACTORIA DE UN NUEVO DETALLE DE LA CLASIFICACIÓN EN VERDE'),
(67, 'CLASIFICACION_VERDE', 3, '2018-11-30 11:39:54', 'I', 1, '192.168.154.71', 'INSERCIÓN SATISFACTORIA DE UNA NUEVA CLASIFICACIÓN EN VERDE'),
(68, 'DETALLE_CLASIFICACION_VERDE', 65, '2018-11-30 11:39:55', 'I', 1, '192.168.154.71', 'INSERCIÓN SATISFACTORIA DE UN NUEVO DETALLE DE LA CLASIFICACIÓN EN VERDE'),
(69, 'DETALLE_CLASIFICACION_VERDE', 66, '2018-11-30 11:39:55', 'I', 1, '192.168.154.71', 'INSERCIÓN SATISFACTORIA DE UN NUEVO DETALLE DE LA CLASIFICACIÓN EN VERDE'),
(70, 'DETALLE_CLASIFICACION_VERDE', 67, '2018-11-30 11:39:55', 'I', 1, '192.168.154.71', 'INSERCIÓN SATISFACTORIA DE UN NUEVO DETALLE DE LA CLASIFICACIÓN EN VERDE'),
(71, 'DETALLE_CLASIFICACION_VERDE', 68, '2018-11-30 11:39:55', 'I', 1, '192.168.154.71', 'INSERCIÓN SATISFACTORIA DE UN NUEVO DETALLE DE LA CLASIFICACIÓN EN VERDE'),
(72, 'DETALLE_CLASIFICACION_VERDE', 69, '2018-11-30 11:40:12', 'I', 1, '192.168.154.71', 'INSERCIÓN SATISFACTORIA DE UN NUEVO DETALLE DE LA CLASIFICACIÓN EN VERDE'),
(73, 'DETALLE_CLASIFICACION_VERDE', 70, '2018-11-30 11:40:12', 'I', 1, '192.168.154.71', 'INSERCIÓN SATISFACTORIA DE UN NUEVO DETALLE DE LA CLASIFICACIÓN EN VERDE'),
(74, 'DETALLE_CLASIFICACION_VERDE', 71, '2018-11-30 11:40:12', 'I', 1, '192.168.154.71', 'INSERCIÓN SATISFACTORIA DE UN NUEVO DETALLE DE LA CLASIFICACIÓN EN VERDE'),
(75, 'DETALLE_CLASIFICACION_VERDE', 72, '2018-11-30 11:40:13', 'I', 1, '192.168.154.71', 'INSERCIÓN SATISFACTORIA DE UN NUEVO DETALLE DE LA CLASIFICACIÓN EN VERDE'),
(76, 'DETALLE_CLASIFICACION_VERDE', 73, '2018-11-30 11:40:27', 'I', 1, '192.168.154.71', 'INSERCIÓN SATISFACTORIA DE UN NUEVO DETALLE DE LA CLASIFICACIÓN EN VERDE'),
(77, 'DETALLE_CLASIFICACION_VERDE', 74, '2018-11-30 11:40:27', 'I', 1, '192.168.154.71', 'INSERCIÓN SATISFACTORIA DE UN NUEVO DETALLE DE LA CLASIFICACIÓN EN VERDE'),
(78, 'DETALLE_CLASIFICACION_VERDE', 75, '2018-11-30 11:40:27', 'I', 1, '192.168.154.71', 'INSERCIÓN SATISFACTORIA DE UN NUEVO DETALLE DE LA CLASIFICACIÓN EN VERDE'),
(79, 'DETALLE_CLASIFICACION_VERDE', 76, '2018-11-30 11:40:27', 'I', 1, '192.168.154.71', 'INSERCIÓN SATISFACTORIA DE UN NUEVO DETALLE DE LA CLASIFICACIÓN EN VERDE'),
(80, 'CLASIFICACION_VERDE', 4, '2018-11-30 11:41:24', 'I', 1, '192.168.154.71', 'INSERCIÓN SATISFACTORIA DE UNA NUEVA CLASIFICACIÓN EN VERDE'),
(81, 'DETALLE_CLASIFICACION_VERDE', 77, '2018-11-30 11:41:24', 'I', 1, '192.168.154.71', 'INSERCIÓN SATISFACTORIA DE UN NUEVO DETALLE DE LA CLASIFICACIÓN EN VERDE'),
(82, 'DETALLE_CLASIFICACION_VERDE', 78, '2018-11-30 11:41:24', 'I', 1, '192.168.154.71', 'INSERCIÓN SATISFACTORIA DE UN NUEVO DETALLE DE LA CLASIFICACIÓN EN VERDE'),
(83, 'DETALLE_CLASIFICACION_VERDE', 79, '2018-11-30 11:41:24', 'I', 1, '192.168.154.71', 'INSERCIÓN SATISFACTORIA DE UN NUEVO DETALLE DE LA CLASIFICACIÓN EN VERDE'),
(84, 'DETALLE_CLASIFICACION_VERDE', 80, '2018-11-30 11:41:24', 'I', 1, '192.168.154.71', 'INSERCIÓN SATISFACTORIA DE UN NUEVO DETALLE DE LA CLASIFICACIÓN EN VERDE'),
(85, 'DETALLE_CLASIFICACION_VERDE', 81, '2018-11-30 11:41:53', 'I', 1, '192.168.154.71', 'INSERCIÓN SATISFACTORIA DE UN NUEVO DETALLE DE LA CLASIFICACIÓN EN VERDE'),
(86, 'DETALLE_CLASIFICACION_VERDE', 82, '2018-11-30 11:41:53', 'I', 1, '192.168.154.71', 'INSERCIÓN SATISFACTORIA DE UN NUEVO DETALLE DE LA CLASIFICACIÓN EN VERDE'),
(87, 'DETALLE_CLASIFICACION_VERDE', 83, '2018-11-30 11:41:53', 'I', 1, '192.168.154.71', 'INSERCIÓN SATISFACTORIA DE UN NUEVO DETALLE DE LA CLASIFICACIÓN EN VERDE'),
(88, 'DETALLE_CLASIFICACION_VERDE', 84, '2018-11-30 11:41:53', 'I', 1, '192.168.154.71', 'INSERCIÓN SATISFACTORIA DE UN NUEVO DETALLE DE LA CLASIFICACIÓN EN VERDE'),
(89, 'DETALLE_CLASIFICACION_VERDE', 85, '2018-11-30 11:42:09', 'I', 1, '192.168.154.71', 'INSERCIÓN SATISFACTORIA DE UN NUEVO DETALLE DE LA CLASIFICACIÓN EN VERDE'),
(90, 'DETALLE_CLASIFICACION_VERDE', 86, '2018-11-30 11:42:09', 'I', 1, '192.168.154.71', 'INSERCIÓN SATISFACTORIA DE UN NUEVO DETALLE DE LA CLASIFICACIÓN EN VERDE'),
(91, 'DETALLE_CLASIFICACION_VERDE', 87, '2018-11-30 11:42:09', 'I', 1, '192.168.154.71', 'INSERCIÓN SATISFACTORIA DE UN NUEVO DETALLE DE LA CLASIFICACIÓN EN VERDE'),
(92, 'DETALLE_CLASIFICACION_VERDE', 88, '2018-11-30 11:42:09', 'I', 1, '192.168.154.71', 'INSERCIÓN SATISFACTORIA DE UN NUEVO DETALLE DE LA CLASIFICACIÓN EN VERDE'),
(93, 'DETALLE_CLASIFICACION_VERDE', 89, '2018-11-30 11:42:41', 'I', 1, '192.168.154.71', 'INSERCIÓN SATISFACTORIA DE UN NUEVO DETALLE DE LA CLASIFICACIÓN EN VERDE'),
(94, 'DETALLE_CLASIFICACION_VERDE', 90, '2018-11-30 11:42:41', 'I', 1, '192.168.154.71', 'INSERCIÓN SATISFACTORIA DE UN NUEVO DETALLE DE LA CLASIFICACIÓN EN VERDE'),
(95, 'DETALLE_CLASIFICACION_VERDE', 91, '2018-11-30 11:42:41', 'I', 1, '192.168.154.71', 'INSERCIÓN SATISFACTORIA DE UN NUEVO DETALLE DE LA CLASIFICACIÓN EN VERDE'),
(96, 'DETALLE_CLASIFICACION_VERDE', 92, '2018-11-30 11:42:41', 'I', 1, '192.168.154.71', 'INSERCIÓN SATISFACTORIA DE UN NUEVO DETALLE DE LA CLASIFICACIÓN EN VERDE'),
(97, 'CLASIFICACION_VERDE', 5, '2018-11-30 11:43:16', 'I', 1, '192.168.154.71', 'INSERCIÓN SATISFACTORIA DE UNA NUEVA CLASIFICACIÓN EN VERDE'),
(98, 'DETALLE_CLASIFICACION_VERDE', 93, '2018-11-30 11:43:16', 'I', 1, '192.168.154.71', 'INSERCIÓN SATISFACTORIA DE UN NUEVO DETALLE DE LA CLASIFICACIÓN EN VERDE'),
(99, 'DETALLE_CLASIFICACION_VERDE', 94, '2018-11-30 11:43:16', 'I', 1, '192.168.154.71', 'INSERCIÓN SATISFACTORIA DE UN NUEVO DETALLE DE LA CLASIFICACIÓN EN VERDE'),
(100, 'DETALLE_CLASIFICACION_VERDE', 95, '2018-11-30 11:43:17', 'I', 1, '192.168.154.71', 'INSERCIÓN SATISFACTORIA DE UN NUEVO DETALLE DE LA CLASIFICACIÓN EN VERDE'),
(101, 'DETALLE_CLASIFICACION_VERDE', 96, '2018-11-30 11:43:17', 'I', 1, '192.168.154.71', 'INSERCIÓN SATISFACTORIA DE UN NUEVO DETALLE DE LA CLASIFICACIÓN EN VERDE'),
(102, 'DETALLE_CLASIFICACION_VERDE', 97, '2018-11-30 11:43:41', 'I', 1, '192.168.154.71', 'INSERCIÓN SATISFACTORIA DE UN NUEVO DETALLE DE LA CLASIFICACIÓN EN VERDE'),
(103, 'DETALLE_CLASIFICACION_VERDE', 98, '2018-11-30 11:43:41', 'I', 1, '192.168.154.71', 'INSERCIÓN SATISFACTORIA DE UN NUEVO DETALLE DE LA CLASIFICACIÓN EN VERDE'),
(104, 'DETALLE_CLASIFICACION_VERDE', 99, '2018-11-30 11:43:41', 'I', 1, '192.168.154.71', 'INSERCIÓN SATISFACTORIA DE UN NUEVO DETALLE DE LA CLASIFICACIÓN EN VERDE'),
(105, 'DETALLE_CLASIFICACION_VERDE', 100, '2018-11-30 11:43:41', 'I', 1, '192.168.154.71', 'INSERCIÓN SATISFACTORIA DE UN NUEVO DETALLE DE LA CLASIFICACIÓN EN VERDE'),
(106, 'DETALLE_CLASIFICACION_VERDE', 101, '2018-11-30 11:43:53', 'I', 1, '192.168.154.71', 'INSERCIÓN SATISFACTORIA DE UN NUEVO DETALLE DE LA CLASIFICACIÓN EN VERDE'),
(107, 'DETALLE_CLASIFICACION_VERDE', 102, '2018-11-30 11:43:53', 'I', 1, '192.168.154.71', 'INSERCIÓN SATISFACTORIA DE UN NUEVO DETALLE DE LA CLASIFICACIÓN EN VERDE'),
(108, 'DETALLE_CLASIFICACION_VERDE', 103, '2018-11-30 11:43:53', 'I', 1, '192.168.154.71', 'INSERCIÓN SATISFACTORIA DE UN NUEVO DETALLE DE LA CLASIFICACIÓN EN VERDE'),
(109, 'DETALLE_CLASIFICACION_VERDE', 104, '2018-11-30 11:43:53', 'I', 1, '192.168.154.71', 'INSERCIÓN SATISFACTORIA DE UN NUEVO DETALLE DE LA CLASIFICACIÓN EN VERDE'),
(110, 'DETALLE_CLASIFICACION_VERDE', 105, '2018-11-30 11:44:13', 'I', 1, '192.168.154.71', 'INSERCIÓN SATISFACTORIA DE UN NUEVO DETALLE DE LA CLASIFICACIÓN EN VERDE'),
(111, 'DETALLE_CLASIFICACION_VERDE', 106, '2018-11-30 11:44:13', 'I', 1, '192.168.154.71', 'INSERCIÓN SATISFACTORIA DE UN NUEVO DETALLE DE LA CLASIFICACIÓN EN VERDE'),
(112, 'DETALLE_CLASIFICACION_VERDE', 107, '2018-11-30 11:44:13', 'I', 1, '192.168.154.71', 'INSERCIÓN SATISFACTORIA DE UN NUEVO DETALLE DE LA CLASIFICACIÓN EN VERDE'),
(113, 'DETALLE_CLASIFICACION_VERDE', 108, '2018-11-30 11:44:13', 'I', 1, '192.168.154.71', 'INSERCIÓN SATISFACTORIA DE UN NUEVO DETALLE DE LA CLASIFICACIÓN EN VERDE'),
(114, 'DETALLE_CLASIFICACION_VERDE', 109, '2018-11-30 11:44:37', 'I', 1, '192.168.154.71', 'INSERCIÓN SATISFACTORIA DE UN NUEVO DETALLE DE LA CLASIFICACIÓN EN VERDE'),
(115, 'DETALLE_CLASIFICACION_VERDE', 110, '2018-11-30 11:44:37', 'I', 1, '192.168.154.71', 'INSERCIÓN SATISFACTORIA DE UN NUEVO DETALLE DE LA CLASIFICACIÓN EN VERDE'),
(116, 'DETALLE_CLASIFICACION_VERDE', 111, '2018-11-30 11:44:37', 'I', 1, '192.168.154.71', 'INSERCIÓN SATISFACTORIA DE UN NUEVO DETALLE DE LA CLASIFICACIÓN EN VERDE'),
(117, 'DETALLE_CLASIFICACION_VERDE', 112, '2018-11-30 11:44:37', 'I', 1, '192.168.154.71', 'INSERCIÓN SATISFACTORIA DE UN NUEVO DETALLE DE LA CLASIFICACIÓN EN VERDE'),
(118, 'CLASIFICACION_VERDE', 6, '2018-11-30 11:44:54', 'I', 1, '192.168.154.71', 'INSERCIÓN SATISFACTORIA DE UNA NUEVA CLASIFICACIÓN EN VERDE'),
(119, 'DETALLE_CLASIFICACION_VERDE', 113, '2018-11-30 11:44:54', 'I', 1, '192.168.154.71', 'INSERCIÓN SATISFACTORIA DE UN NUEVO DETALLE DE LA CLASIFICACIÓN EN VERDE'),
(120, 'DETALLE_CLASIFICACION_VERDE', 114, '2018-11-30 11:44:54', 'I', 1, '192.168.154.71', 'INSERCIÓN SATISFACTORIA DE UN NUEVO DETALLE DE LA CLASIFICACIÓN EN VERDE'),
(121, 'DETALLE_CLASIFICACION_VERDE', 115, '2018-11-30 11:44:54', 'I', 1, '192.168.154.71', 'INSERCIÓN SATISFACTORIA DE UN NUEVO DETALLE DE LA CLASIFICACIÓN EN VERDE'),
(122, 'DETALLE_CLASIFICACION_VERDE', 116, '2018-11-30 11:44:54', 'I', 1, '192.168.154.71', 'INSERCIÓN SATISFACTORIA DE UN NUEVO DETALLE DE LA CLASIFICACIÓN EN VERDE'),
(123, 'DETALLE_CLASIFICACION_VERDE', 117, '2018-11-30 11:45:21', 'I', 1, '192.168.154.71', 'INSERCIÓN SATISFACTORIA DE UN NUEVO DETALLE DE LA CLASIFICACIÓN EN VERDE'),
(124, 'DETALLE_CLASIFICACION_VERDE', 118, '2018-11-30 11:45:21', 'I', 1, '192.168.154.71', 'INSERCIÓN SATISFACTORIA DE UN NUEVO DETALLE DE LA CLASIFICACIÓN EN VERDE'),
(125, 'DETALLE_CLASIFICACION_VERDE', 119, '2018-11-30 11:45:21', 'I', 1, '192.168.154.71', 'INSERCIÓN SATISFACTORIA DE UN NUEVO DETALLE DE LA CLASIFICACIÓN EN VERDE'),
(126, 'DETALLE_CLASIFICACION_VERDE', 120, '2018-11-30 11:45:21', 'I', 1, '192.168.154.71', 'INSERCIÓN SATISFACTORIA DE UN NUEVO DETALLE DE LA CLASIFICACIÓN EN VERDE'),
(127, 'DETALLE_CLASIFICACION_VERDE', 121, '2018-11-30 11:45:33', 'I', 1, '192.168.154.71', 'INSERCIÓN SATISFACTORIA DE UN NUEVO DETALLE DE LA CLASIFICACIÓN EN VERDE'),
(128, 'DETALLE_CLASIFICACION_VERDE', 122, '2018-11-30 11:45:34', 'I', 1, '192.168.154.71', 'INSERCIÓN SATISFACTORIA DE UN NUEVO DETALLE DE LA CLASIFICACIÓN EN VERDE'),
(129, 'DETALLE_CLASIFICACION_VERDE', 123, '2018-11-30 11:45:34', 'I', 1, '192.168.154.71', 'INSERCIÓN SATISFACTORIA DE UN NUEVO DETALLE DE LA CLASIFICACIÓN EN VERDE'),
(130, 'DETALLE_CLASIFICACION_VERDE', 124, '2018-11-30 11:45:34', 'I', 1, '192.168.154.71', 'INSERCIÓN SATISFACTORIA DE UN NUEVO DETALLE DE LA CLASIFICACIÓN EN VERDE'),
(131, 'DETALLE_CLASIFICACION_VERDE', 125, '2018-11-30 11:45:54', 'I', 1, '192.168.154.71', 'INSERCIÓN SATISFACTORIA DE UN NUEVO DETALLE DE LA CLASIFICACIÓN EN VERDE'),
(132, 'DETALLE_CLASIFICACION_VERDE', 126, '2018-11-30 11:45:54', 'I', 1, '192.168.154.71', 'INSERCIÓN SATISFACTORIA DE UN NUEVO DETALLE DE LA CLASIFICACIÓN EN VERDE'),
(133, 'DETALLE_CLASIFICACION_VERDE', 127, '2018-11-30 11:45:54', 'I', 1, '192.168.154.71', 'INSERCIÓN SATISFACTORIA DE UN NUEVO DETALLE DE LA CLASIFICACIÓN EN VERDE'),
(134, 'DETALLE_CLASIFICACION_VERDE', 128, '2018-11-30 11:45:54', 'I', 1, '192.168.154.71', 'INSERCIÓN SATISFACTORIA DE UN NUEVO DETALLE DE LA CLASIFICACIÓN EN VERDE'),
(135, 'DETALLE_CLASIFICACION_VERDE', 129, '2018-11-30 11:46:06', 'I', 1, '192.168.154.71', 'INSERCIÓN SATISFACTORIA DE UN NUEVO DETALLE DE LA CLASIFICACIÓN EN VERDE'),
(136, 'DETALLE_CLASIFICACION_VERDE', 130, '2018-11-30 11:46:07', 'I', 1, '192.168.154.71', 'INSERCIÓN SATISFACTORIA DE UN NUEVO DETALLE DE LA CLASIFICACIÓN EN VERDE'),
(137, 'DETALLE_CLASIFICACION_VERDE', 131, '2018-11-30 11:46:07', 'I', 1, '192.168.154.71', 'INSERCIÓN SATISFACTORIA DE UN NUEVO DETALLE DE LA CLASIFICACIÓN EN VERDE'),
(138, 'DETALLE_CLASIFICACION_VERDE', 132, '2018-11-30 11:46:07', 'I', 1, '192.168.154.71', 'INSERCIÓN SATISFACTORIA DE UN NUEVO DETALLE DE LA CLASIFICACIÓN EN VERDE'),
(139, 'DETALLE_CLASIFICACION_VERDE', 133, '2018-11-30 11:46:19', 'I', 1, '192.168.154.71', 'INSERCIÓN SATISFACTORIA DE UN NUEVO DETALLE DE LA CLASIFICACIÓN EN VERDE'),
(140, 'DETALLE_CLASIFICACION_VERDE', 134, '2018-11-30 11:46:19', 'I', 1, '192.168.154.71', 'INSERCIÓN SATISFACTORIA DE UN NUEVO DETALLE DE LA CLASIFICACIÓN EN VERDE'),
(141, 'DETALLE_CLASIFICACION_VERDE', 135, '2018-11-30 11:46:19', 'I', 1, '192.168.154.71', 'INSERCIÓN SATISFACTORIA DE UN NUEVO DETALLE DE LA CLASIFICACIÓN EN VERDE'),
(142, 'DETALLE_CLASIFICACION_VERDE', 136, '2018-11-30 11:46:19', 'I', 1, '192.168.154.71', 'INSERCIÓN SATISFACTORIA DE UN NUEVO DETALLE DE LA CLASIFICACIÓN EN VERDE'),
(143, 'CLASIFICACION_VERDE', 7, '2018-11-30 11:46:42', 'I', 1, '192.168.154.71', 'INSERCIÓN SATISFACTORIA DE UNA NUEVA CLASIFICACIÓN EN VERDE'),
(144, 'DETALLE_CLASIFICACION_VERDE', 137, '2018-11-30 11:46:42', 'I', 1, '192.168.154.71', 'INSERCIÓN SATISFACTORIA DE UN NUEVO DETALLE DE LA CLASIFICACIÓN EN VERDE'),
(145, 'DETALLE_CLASIFICACION_VERDE', 138, '2018-11-30 11:46:42', 'I', 1, '192.168.154.71', 'INSERCIÓN SATISFACTORIA DE UN NUEVO DETALLE DE LA CLASIFICACIÓN EN VERDE'),
(146, 'DETALLE_CLASIFICACION_VERDE', 139, '2018-11-30 11:46:42', 'I', 1, '192.168.154.71', 'INSERCIÓN SATISFACTORIA DE UN NUEVO DETALLE DE LA CLASIFICACIÓN EN VERDE'),
(147, 'DETALLE_CLASIFICACION_VERDE', 140, '2018-11-30 11:46:42', 'I', 1, '192.168.154.71', 'INSERCIÓN SATISFACTORIA DE UN NUEVO DETALLE DE LA CLASIFICACIÓN EN VERDE'),
(148, 'DETALLE_CLASIFICACION_VERDE', 141, '2018-11-30 11:46:55', 'I', 1, '192.168.154.71', 'INSERCIÓN SATISFACTORIA DE UN NUEVO DETALLE DE LA CLASIFICACIÓN EN VERDE'),
(149, 'DETALLE_CLASIFICACION_VERDE', 142, '2018-11-30 11:46:55', 'I', 1, '192.168.154.71', 'INSERCIÓN SATISFACTORIA DE UN NUEVO DETALLE DE LA CLASIFICACIÓN EN VERDE'),
(150, 'DETALLE_CLASIFICACION_VERDE', 143, '2018-11-30 11:46:55', 'I', 1, '192.168.154.71', 'INSERCIÓN SATISFACTORIA DE UN NUEVO DETALLE DE LA CLASIFICACIÓN EN VERDE'),
(151, 'DETALLE_CLASIFICACION_VERDE', 144, '2018-11-30 11:46:55', 'I', 1, '192.168.154.71', 'INSERCIÓN SATISFACTORIA DE UN NUEVO DETALLE DE LA CLASIFICACIÓN EN VERDE'),
(152, 'DETALLE_CLASIFICACION_VERDE', 145, '2018-11-30 11:47:13', 'I', 1, '192.168.154.71', 'INSERCIÓN SATISFACTORIA DE UN NUEVO DETALLE DE LA CLASIFICACIÓN EN VERDE'),
(153, 'DETALLE_CLASIFICACION_VERDE', 146, '2018-11-30 11:47:13', 'I', 1, '192.168.154.71', 'INSERCIÓN SATISFACTORIA DE UN NUEVO DETALLE DE LA CLASIFICACIÓN EN VERDE'),
(154, 'DETALLE_CLASIFICACION_VERDE', 147, '2018-11-30 11:47:13', 'I', 1, '192.168.154.71', 'INSERCIÓN SATISFACTORIA DE UN NUEVO DETALLE DE LA CLASIFICACIÓN EN VERDE'),
(155, 'DETALLE_CLASIFICACION_VERDE', 148, '2018-11-30 11:47:13', 'I', 1, '192.168.154.71', 'INSERCIÓN SATISFACTORIA DE UN NUEVO DETALLE DE LA CLASIFICACIÓN EN VERDE'),
(156, 'DETALLE_CLASIFICACION_VERDE', 149, '2018-11-30 11:47:28', 'I', 1, '192.168.154.71', 'INSERCIÓN SATISFACTORIA DE UN NUEVO DETALLE DE LA CLASIFICACIÓN EN VERDE'),
(157, 'DETALLE_CLASIFICACION_VERDE', 150, '2018-11-30 11:54:34', 'I', 1, '192.168.154.71', 'INSERCIÓN SATISFACTORIA DE UN NUEVO DETALLE DE LA CLASIFICACIÓN EN VERDE'),
(158, 'DETALLE_CLASIFICACION_VERDE', 151, '2018-11-30 11:54:34', 'I', 1, '192.168.154.71', 'INSERCIÓN SATISFACTORIA DE UN NUEVO DETALLE DE LA CLASIFICACIÓN EN VERDE'),
(159, 'DETALLE_CLASIFICACION_VERDE', 152, '2018-11-30 11:54:34', 'I', 1, '192.168.154.71', 'INSERCIÓN SATISFACTORIA DE UN NUEVO DETALLE DE LA CLASIFICACIÓN EN VERDE'),
(160, 'DETALLE_CLASIFICACION_VERDE', 153, '2018-11-30 11:54:34', 'I', 1, '192.168.154.71', 'INSERCIÓN SATISFACTORIA DE UN NUEVO DETALLE DE LA CLASIFICACIÓN EN VERDE'),
(161, 'CLASIFICACION_VERDE', 8, '2018-11-30 11:54:51', 'I', 1, '192.168.154.71', 'INSERCIÓN SATISFACTORIA DE UNA NUEVA CLASIFICACIÓN EN VERDE'),
(162, 'DETALLE_CLASIFICACION_VERDE', 154, '2018-11-30 11:54:51', 'I', 1, '192.168.154.71', 'INSERCIÓN SATISFACTORIA DE UN NUEVO DETALLE DE LA CLASIFICACIÓN EN VERDE'),
(163, 'DETALLE_CLASIFICACION_VERDE', 155, '2018-11-30 11:54:51', 'I', 1, '192.168.154.71', 'INSERCIÓN SATISFACTORIA DE UN NUEVO DETALLE DE LA CLASIFICACIÓN EN VERDE'),
(164, 'DETALLE_CLASIFICACION_VERDE', 156, '2018-11-30 11:54:51', 'I', 1, '192.168.154.71', 'INSERCIÓN SATISFACTORIA DE UN NUEVO DETALLE DE LA CLASIFICACIÓN EN VERDE'),
(165, 'DETALLE_CLASIFICACION_VERDE', 157, '2018-11-30 11:54:52', 'I', 1, '192.168.154.71', 'INSERCIÓN SATISFACTORIA DE UN NUEVO DETALLE DE LA CLASIFICACIÓN EN VERDE'),
(166, 'DETALLE_CLASIFICACION_VERDE', 158, '2018-11-30 11:55:14', 'I', 1, '192.168.154.71', 'INSERCIÓN SATISFACTORIA DE UN NUEVO DETALLE DE LA CLASIFICACIÓN EN VERDE'),
(167, 'DETALLE_CLASIFICACION_VERDE', 159, '2018-11-30 11:55:14', 'I', 1, '192.168.154.71', 'INSERCIÓN SATISFACTORIA DE UN NUEVO DETALLE DE LA CLASIFICACIÓN EN VERDE'),
(168, 'DETALLE_CLASIFICACION_VERDE', 160, '2018-11-30 11:55:14', 'I', 1, '192.168.154.71', 'INSERCIÓN SATISFACTORIA DE UN NUEVO DETALLE DE LA CLASIFICACIÓN EN VERDE'),
(169, 'DETALLE_CLASIFICACION_VERDE', 161, '2018-11-30 11:55:14', 'I', 1, '192.168.154.71', 'INSERCIÓN SATISFACTORIA DE UN NUEVO DETALLE DE LA CLASIFICACIÓN EN VERDE'),
(170, 'DETALLE_CLASIFICACION_VERDE', 162, '2018-11-30 11:55:34', 'I', 1, '192.168.154.71', 'INSERCIÓN SATISFACTORIA DE UN NUEVO DETALLE DE LA CLASIFICACIÓN EN VERDE'),
(171, 'DETALLE_CLASIFICACION_VERDE', 163, '2018-11-30 11:55:34', 'I', 1, '192.168.154.71', 'INSERCIÓN SATISFACTORIA DE UN NUEVO DETALLE DE LA CLASIFICACIÓN EN VERDE'),
(172, 'DETALLE_CLASIFICACION_VERDE', 164, '2018-11-30 11:55:34', 'I', 1, '192.168.154.71', 'INSERCIÓN SATISFACTORIA DE UN NUEVO DETALLE DE LA CLASIFICACIÓN EN VERDE'),
(173, 'DETALLE_CLASIFICACION_VERDE', 165, '2018-11-30 11:55:53', 'I', 1, '192.168.154.71', 'INSERCIÓN SATISFACTORIA DE UN NUEVO DETALLE DE LA CLASIFICACIÓN EN VERDE'),
(174, 'DETALLE_CLASIFICACION_VERDE', 166, '2018-11-30 11:55:53', 'I', 1, '192.168.154.71', 'INSERCIÓN SATISFACTORIA DE UN NUEVO DETALLE DE LA CLASIFICACIÓN EN VERDE'),
(175, 'DETALLE_CLASIFICACION_VERDE', 167, '2018-11-30 11:55:53', 'I', 1, '192.168.154.71', 'INSERCIÓN SATISFACTORIA DE UN NUEVO DETALLE DE LA CLASIFICACIÓN EN VERDE'),
(176, 'DETALLE_CLASIFICACION_VERDE', 168, '2018-11-30 11:55:53', 'I', 1, '192.168.154.71', 'INSERCIÓN SATISFACTORIA DE UN NUEVO DETALLE DE LA CLASIFICACIÓN EN VERDE'),
(177, 'DETALLE_CLASIFICACION_VERDE', 169, '2018-11-30 11:56:08', 'I', 1, '192.168.154.71', 'INSERCIÓN SATISFACTORIA DE UN NUEVO DETALLE DE LA CLASIFICACIÓN EN VERDE'),
(178, 'DETALLE_CLASIFICACION_VERDE', 170, '2018-11-30 11:56:08', 'I', 1, '192.168.154.71', 'INSERCIÓN SATISFACTORIA DE UN NUEVO DETALLE DE LA CLASIFICACIÓN EN VERDE'),
(179, 'DETALLE_CLASIFICACION_VERDE', 171, '2018-11-30 11:56:08', 'I', 1, '192.168.154.71', 'INSERCIÓN SATISFACTORIA DE UN NUEVO DETALLE DE LA CLASIFICACIÓN EN VERDE'),
(180, 'DETALLE_CLASIFICACION_VERDE', 172, '2018-11-30 11:56:08', 'I', 1, '192.168.154.71', 'INSERCIÓN SATISFACTORIA DE UN NUEVO DETALLE DE LA CLASIFICACIÓN EN VERDE'),
(181, 'DETALLE_CLASIFICACION_VERDE', 173, '2018-11-30 11:56:29', 'I', 1, '192.168.154.71', 'INSERCIÓN SATISFACTORIA DE UN NUEVO DETALLE DE LA CLASIFICACIÓN EN VERDE'),
(182, 'DETALLE_CLASIFICACION_VERDE', 174, '2018-11-30 11:56:29', 'I', 1, '192.168.154.71', 'INSERCIÓN SATISFACTORIA DE UN NUEVO DETALLE DE LA CLASIFICACIÓN EN VERDE'),
(183, 'DETALLE_CLASIFICACION_VERDE', 175, '2018-11-30 11:56:29', 'I', 1, '192.168.154.71', 'INSERCIÓN SATISFACTORIA DE UN NUEVO DETALLE DE LA CLASIFICACIÓN EN VERDE'),
(184, 'DETALLE_CLASIFICACION_VERDE', 176, '2018-11-30 11:56:29', 'I', 1, '192.168.154.71', 'INSERCIÓN SATISFACTORIA DE UN NUEVO DETALLE DE LA CLASIFICACIÓN EN VERDE'),
(185, 'CLASIFICACION_VERDE', 9, '2018-11-30 11:57:01', 'I', 1, '192.168.154.71', 'INSERCIÓN SATISFACTORIA DE UNA NUEVA CLASIFICACIÓN EN VERDE'),
(186, 'DETALLE_CLASIFICACION_VERDE', 177, '2018-11-30 11:57:01', 'I', 1, '192.168.154.71', 'INSERCIÓN SATISFACTORIA DE UN NUEVO DETALLE DE LA CLASIFICACIÓN EN VERDE'),
(187, 'DETALLE_CLASIFICACION_VERDE', 178, '2018-11-30 11:57:01', 'I', 1, '192.168.154.71', 'INSERCIÓN SATISFACTORIA DE UN NUEVO DETALLE DE LA CLASIFICACIÓN EN VERDE'),
(188, 'DETALLE_CLASIFICACION_VERDE', 179, '2018-11-30 11:57:01', 'I', 1, '192.168.154.71', 'INSERCIÓN SATISFACTORIA DE UN NUEVO DETALLE DE LA CLASIFICACIÓN EN VERDE'),
(189, 'DETALLE_CLASIFICACION_VERDE', 180, '2018-11-30 11:57:01', 'I', 1, '192.168.154.71', 'INSERCIÓN SATISFACTORIA DE UN NUEVO DETALLE DE LA CLASIFICACIÓN EN VERDE'),
(190, 'DETALLE_CLASIFICACION_VERDE', 181, '2018-11-30 11:57:32', 'I', 1, '192.168.154.71', 'INSERCIÓN SATISFACTORIA DE UN NUEVO DETALLE DE LA CLASIFICACIÓN EN VERDE'),
(191, 'DETALLE_CLASIFICACION_VERDE', 182, '2018-11-30 11:57:32', 'I', 1, '192.168.154.71', 'INSERCIÓN SATISFACTORIA DE UN NUEVO DETALLE DE LA CLASIFICACIÓN EN VERDE'),
(192, 'DETALLE_CLASIFICACION_VERDE', 183, '2018-11-30 11:57:32', 'I', 1, '192.168.154.71', 'INSERCIÓN SATISFACTORIA DE UN NUEVO DETALLE DE LA CLASIFICACIÓN EN VERDE'),
(193, 'DETALLE_CLASIFICACION_VERDE', 184, '2018-11-30 11:57:32', 'I', 1, '192.168.154.71', 'INSERCIÓN SATISFACTORIA DE UN NUEVO DETALLE DE LA CLASIFICACIÓN EN VERDE'),
(194, 'DETALLE_CLASIFICACION_VERDE', 185, '2018-11-30 11:57:56', 'I', 1, '192.168.154.71', 'INSERCIÓN SATISFACTORIA DE UN NUEVO DETALLE DE LA CLASIFICACIÓN EN VERDE'),
(195, 'DETALLE_CLASIFICACION_VERDE', 186, '2018-11-30 11:57:56', 'I', 1, '192.168.154.71', 'INSERCIÓN SATISFACTORIA DE UN NUEVO DETALLE DE LA CLASIFICACIÓN EN VERDE'),
(196, 'DETALLE_CLASIFICACION_VERDE', 187, '2018-11-30 11:57:56', 'I', 1, '192.168.154.71', 'INSERCIÓN SATISFACTORIA DE UN NUEVO DETALLE DE LA CLASIFICACIÓN EN VERDE'),
(197, 'DETALLE_CLASIFICACION_VERDE', 188, '2018-11-30 11:57:56', 'I', 1, '192.168.154.71', 'INSERCIÓN SATISFACTORIA DE UN NUEVO DETALLE DE LA CLASIFICACIÓN EN VERDE'),
(198, 'DETALLE_CLASIFICACION_VERDE', 189, '2018-11-30 12:00:20', 'I', 1, '192.168.154.71', 'INSERCIÓN SATISFACTORIA DE UN NUEVO DETALLE DE LA CLASIFICACIÓN EN VERDE'),
(199, 'DETALLE_CLASIFICACION_VERDE', 190, '2018-11-30 12:00:20', 'I', 1, '192.168.154.71', 'INSERCIÓN SATISFACTORIA DE UN NUEVO DETALLE DE LA CLASIFICACIÓN EN VERDE'),
(200, 'DETALLE_CLASIFICACION_VERDE', 191, '2018-11-30 12:00:20', 'I', 1, '192.168.154.71', 'INSERCIÓN SATISFACTORIA DE UN NUEVO DETALLE DE LA CLASIFICACIÓN EN VERDE'),
(201, 'DETALLE_CLASIFICACION_VERDE', 192, '2018-11-30 12:00:20', 'I', 1, '192.168.154.71', 'INSERCIÓN SATISFACTORIA DE UN NUEVO DETALLE DE LA CLASIFICACIÓN EN VERDE'),
(202, 'LOTE_RE', 1, '2018-11-30 12:22:22', 'I', 1, '192.168.154.71', 'INSERCIÓN SATISFACTORIA DE UN NUEVO LOTE RE'),
(203, 'STOCK_APERTURA', 1, '2018-11-30 12:22:23', 'I', 1, '192.168.154.71', 'INSERCIÓN SATISFACTORIA DE UN NUEVO LOTE RE A STOCK'),
(204, 'LOTE_RE', 2, '2018-11-30 12:22:23', 'I', 1, '192.168.154.71', 'INSERCIÓN SATISFACTORIA DE UN NUEVO LOTE RE'),
(205, 'STOCK_APERTURA', 2, '2018-11-30 12:22:23', 'I', 1, '192.168.154.71', 'INSERCIÓN SATISFACTORIA DE UN NUEVO LOTE RE A STOCK'),
(206, 'LOTE_RE', 3, '2018-11-30 12:22:23', 'I', 1, '192.168.154.71', 'INSERCIÓN SATISFACTORIA DE UN NUEVO LOTE RE'),
(207, 'STOCK_APERTURA', 3, '2018-11-30 12:22:23', 'I', 1, '192.168.154.71', 'INSERCIÓN SATISFACTORIA DE UN NUEVO LOTE RE A STOCK'),
(208, 'LOTE_RE', 4, '2018-11-30 12:22:23', 'I', 1, '192.168.154.71', 'INSERCIÓN SATISFACTORIA DE UN NUEVO LOTE RE'),
(209, 'STOCK_APERTURA', 4, '2018-11-30 12:22:23', 'I', 1, '192.168.154.71', 'INSERCIÓN SATISFACTORIA DE UN NUEVO LOTE RE A STOCK'),
(210, 'LOTE_RE', 5, '2018-11-30 12:23:18', 'I', 1, '192.168.154.71', 'INSERCIÓN SATISFACTORIA DE UN NUEVO LOTE RE'),
(211, 'STOCK_APERTURA', 5, '2018-11-30 12:23:18', 'I', 1, '192.168.154.71', 'INSERCIÓN SATISFACTORIA DE UN NUEVO LOTE RE A STOCK'),
(212, 'LOTE_RE', 6, '2018-11-30 12:23:18', 'I', 1, '192.168.154.71', 'INSERCIÓN SATISFACTORIA DE UN NUEVO LOTE RE'),
(213, 'STOCK_APERTURA', 6, '2018-11-30 12:23:18', 'I', 1, '192.168.154.71', 'INSERCIÓN SATISFACTORIA DE UN NUEVO LOTE RE A STOCK'),
(214, 'LOTE_RE', 7, '2018-11-30 12:23:18', 'I', 1, '192.168.154.71', 'INSERCIÓN SATISFACTORIA DE UN NUEVO LOTE RE'),
(215, 'STOCK_APERTURA', 7, '2018-11-30 12:23:18', 'I', 1, '192.168.154.71', 'INSERCIÓN SATISFACTORIA DE UN NUEVO LOTE RE A STOCK'),
(216, 'LOTE_RE', 8, '2018-11-30 12:23:18', 'I', 1, '192.168.154.71', 'INSERCIÓN SATISFACTORIA DE UN NUEVO LOTE RE'),
(217, 'STOCK_APERTURA', 8, '2018-11-30 12:23:18', 'I', 1, '192.168.154.71', 'INSERCIÓN SATISFACTORIA DE UN NUEVO LOTE RE A STOCK'),
(218, 'LOTE_RE', 9, '2018-11-30 12:23:18', 'I', 1, '192.168.154.71', 'INSERCIÓN SATISFACTORIA DE UN NUEVO LOTE RE'),
(219, 'LOTE_RE', 10, '2018-11-30 12:24:05', 'I', 1, '192.168.154.71', 'INSERCIÓN SATISFACTORIA DE UN NUEVO LOTE RE'),
(220, 'STOCK_APERTURA', 9, '2018-11-30 12:24:05', 'I', 1, '192.168.154.71', 'INSERCIÓN SATISFACTORIA DE UN NUEVO LOTE RE A STOCK'),
(221, 'LOTE_RE', 11, '2018-11-30 12:24:05', 'I', 1, '192.168.154.71', 'INSERCIÓN SATISFACTORIA DE UN NUEVO LOTE RE'),
(222, 'STOCK_APERTURA', 10, '2018-11-30 12:24:05', 'I', 1, '192.168.154.71', 'INSERCIÓN SATISFACTORIA DE UN NUEVO LOTE RE A STOCK'),
(223, 'LOTE_RE', 12, '2018-11-30 12:24:05', 'I', 1, '192.168.154.71', 'INSERCIÓN SATISFACTORIA DE UN NUEVO LOTE RE'),
(224, 'STOCK_APERTURA', 11, '2018-11-30 12:24:05', 'I', 1, '192.168.154.71', 'INSERCIÓN SATISFACTORIA DE UN NUEVO LOTE RE A STOCK'),
(225, 'LOTE_RE', 13, '2018-11-30 12:24:05', 'I', 1, '192.168.154.71', 'INSERCIÓN SATISFACTORIA DE UN NUEVO LOTE RE'),
(226, 'STOCK_APERTURA', 12, '2018-11-30 12:24:05', 'I', 1, '192.168.154.71', 'INSERCIÓN SATISFACTORIA DE UN NUEVO LOTE RE A STOCK'),
(227, 'LOTE_RE', 14, '2018-11-30 12:24:22', 'I', 1, '192.168.154.71', 'INSERCIÓN SATISFACTORIA DE UN NUEVO LOTE RE'),
(228, 'STOCK_APERTURA', 13, '2018-11-30 12:24:22', 'I', 1, '192.168.154.71', 'INSERCIÓN SATISFACTORIA DE UN NUEVO LOTE RE A STOCK'),
(229, 'LOTE_RE', 15, '2018-11-30 12:24:22', 'I', 1, '192.168.154.71', 'INSERCIÓN SATISFACTORIA DE UN NUEVO LOTE RE'),
(230, 'STOCK_APERTURA', 14, '2018-11-30 12:24:22', 'I', 1, '192.168.154.71', 'INSERCIÓN SATISFACTORIA DE UN NUEVO LOTE RE A STOCK'),
(231, 'LOTE_RE', 16, '2018-11-30 12:24:22', 'I', 1, '192.168.154.71', 'INSERCIÓN SATISFACTORIA DE UN NUEVO LOTE RE'),
(232, 'STOCK_APERTURA', 15, '2018-11-30 12:24:22', 'I', 1, '192.168.154.71', 'INSERCIÓN SATISFACTORIA DE UN NUEVO LOTE RE A STOCK'),
(233, 'LOTE_RE', 17, '2018-11-30 12:24:22', 'I', 1, '192.168.154.71', 'INSERCIÓN SATISFACTORIA DE UN NUEVO LOTE RE'),
(234, 'STOCK_APERTURA', 16, '2018-11-30 12:24:22', 'I', 1, '192.168.154.71', 'INSERCIÓN SATISFACTORIA DE UN NUEVO LOTE RE A STOCK'),
(235, 'LOTE_RE', 18, '2018-11-30 12:24:36', 'I', 1, '192.168.154.71', 'INSERCIÓN SATISFACTORIA DE UN NUEVO LOTE RE'),
(236, 'STOCK_APERTURA', 17, '2018-11-30 12:24:36', 'I', 1, '192.168.154.71', 'INSERCIÓN SATISFACTORIA DE UN NUEVO LOTE RE A STOCK'),
(237, 'LOTE_RE', 19, '2018-11-30 12:24:36', 'I', 1, '192.168.154.71', 'INSERCIÓN SATISFACTORIA DE UN NUEVO LOTE RE'),
(238, 'STOCK_APERTURA', 18, '2018-11-30 12:24:37', 'I', 1, '192.168.154.71', 'INSERCIÓN SATISFACTORIA DE UN NUEVO LOTE RE A STOCK'),
(239, 'LOTE_RE', 20, '2018-11-30 12:24:37', 'I', 1, '192.168.154.71', 'INSERCIÓN SATISFACTORIA DE UN NUEVO LOTE RE'),
(240, 'STOCK_APERTURA', 19, '2018-11-30 12:24:37', 'I', 1, '192.168.154.71', 'INSERCIÓN SATISFACTORIA DE UN NUEVO LOTE RE A STOCK'),
(241, 'LOTE_RE', 21, '2018-11-30 12:24:37', 'I', 1, '192.168.154.71', 'INSERCIÓN SATISFACTORIA DE UN NUEVO LOTE RE'),
(242, 'STOCK_APERTURA', 20, '2018-11-30 12:24:37', 'I', 1, '192.168.154.71', 'INSERCIÓN SATISFACTORIA DE UN NUEVO LOTE RE A STOCK'),
(243, 'LOTE_RE', 22, '2018-11-30 12:24:47', 'I', 1, '192.168.154.71', 'INSERCIÓN SATISFACTORIA DE UN NUEVO LOTE RE'),
(244, 'STOCK_APERTURA', 21, '2018-11-30 12:24:47', 'I', 1, '192.168.154.71', 'INSERCIÓN SATISFACTORIA DE UN NUEVO LOTE RE A STOCK'),
(245, 'LOTE_RE', 23, '2018-11-30 12:24:47', 'I', 1, '192.168.154.71', 'INSERCIÓN SATISFACTORIA DE UN NUEVO LOTE RE'),
(246, 'STOCK_APERTURA', 22, '2018-11-30 12:24:47', 'I', 1, '192.168.154.71', 'INSERCIÓN SATISFACTORIA DE UN NUEVO LOTE RE A STOCK'),
(247, 'LOTE_RE', 24, '2018-11-30 12:24:47', 'I', 1, '192.168.154.71', 'INSERCIÓN SATISFACTORIA DE UN NUEVO LOTE RE'),
(248, 'STOCK_APERTURA', 23, '2018-11-30 12:24:47', 'I', 1, '192.168.154.71', 'INSERCIÓN SATISFACTORIA DE UN NUEVO LOTE RE A STOCK'),
(249, 'LOTE_RE', 25, '2018-11-30 12:24:48', 'I', 1, '192.168.154.71', 'INSERCIÓN SATISFACTORIA DE UN NUEVO LOTE RE'),
(250, 'STOCK_APERTURA', 24, '2018-11-30 12:24:48', 'I', 1, '192.168.154.71', 'INSERCIÓN SATISFACTORIA DE UN NUEVO LOTE RE A STOCK'),
(251, 'LOTE_RE', 26, '2018-11-30 12:24:59', 'I', 1, '192.168.154.71', 'INSERCIÓN SATISFACTORIA DE UN NUEVO LOTE RE'),
(252, 'STOCK_APERTURA', 25, '2018-11-30 12:24:59', 'I', 1, '192.168.154.71', 'INSERCIÓN SATISFACTORIA DE UN NUEVO LOTE RE A STOCK'),
(253, 'LOTE_RE', 27, '2018-11-30 12:24:59', 'I', 1, '192.168.154.71', 'INSERCIÓN SATISFACTORIA DE UN NUEVO LOTE RE'),
(254, 'STOCK_APERTURA', 26, '2018-11-30 12:24:59', 'I', 1, '192.168.154.71', 'INSERCIÓN SATISFACTORIA DE UN NUEVO LOTE RE A STOCK'),
(255, 'LOTE_RE', 28, '2018-11-30 12:24:59', 'I', 1, '192.168.154.71', 'INSERCIÓN SATISFACTORIA DE UN NUEVO LOTE RE'),
(256, 'STOCK_APERTURA', 27, '2018-11-30 12:24:59', 'I', 1, '192.168.154.71', 'INSERCIÓN SATISFACTORIA DE UN NUEVO LOTE RE A STOCK'),
(257, 'LOTE_RE', 29, '2018-11-30 12:24:59', 'I', 1, '192.168.154.71', 'INSERCIÓN SATISFACTORIA DE UN NUEVO LOTE RE'),
(258, 'STOCK_APERTURA', 28, '2018-11-30 12:24:59', 'I', 1, '192.168.154.71', 'INSERCIÓN SATISFACTORIA DE UN NUEVO LOTE RE A STOCK'),
(259, 'LOTE_RE', 30, '2018-11-30 12:25:06', 'I', 1, '192.168.154.71', 'INSERCIÓN SATISFACTORIA DE UN NUEVO LOTE RE'),
(260, 'STOCK_APERTURA', 29, '2018-11-30 12:25:06', 'I', 1, '192.168.154.71', 'INSERCIÓN SATISFACTORIA DE UN NUEVO LOTE RE A STOCK'),
(261, 'LOTE_RE', 31, '2018-11-30 12:25:06', 'I', 1, '192.168.154.71', 'INSERCIÓN SATISFACTORIA DE UN NUEVO LOTE RE'),
(262, 'STOCK_APERTURA', 30, '2018-11-30 12:25:06', 'I', 1, '192.168.154.71', 'INSERCIÓN SATISFACTORIA DE UN NUEVO LOTE RE A STOCK'),
(263, 'LOTE_RE', 32, '2018-11-30 12:25:06', 'I', 1, '192.168.154.71', 'INSERCIÓN SATISFACTORIA DE UN NUEVO LOTE RE'),
(264, 'STOCK_APERTURA', 31, '2018-11-30 12:25:06', 'I', 1, '192.168.154.71', 'INSERCIÓN SATISFACTORIA DE UN NUEVO LOTE RE A STOCK'),
(265, 'LOTE_RE', 33, '2018-11-30 12:25:07', 'I', 1, '192.168.154.71', 'INSERCIÓN SATISFACTORIA DE UN NUEVO LOTE RE'),
(266, 'STOCK_APERTURA', 32, '2018-11-30 12:25:07', 'I', 1, '192.168.154.71', 'INSERCIÓN SATISFACTORIA DE UN NUEVO LOTE RE A STOCK'),
(267, 'LOTE_RE', 34, '2018-11-30 12:25:16', 'I', 1, '192.168.154.71', 'INSERCIÓN SATISFACTORIA DE UN NUEVO LOTE RE'),
(268, 'STOCK_APERTURA', 33, '2018-11-30 12:25:16', 'I', 1, '192.168.154.71', 'INSERCIÓN SATISFACTORIA DE UN NUEVO LOTE RE A STOCK'),
(269, 'LOTE_RE', 35, '2018-11-30 12:25:16', 'I', 1, '192.168.154.71', 'INSERCIÓN SATISFACTORIA DE UN NUEVO LOTE RE'),
(270, 'STOCK_APERTURA', 34, '2018-11-30 12:25:17', 'I', 1, '192.168.154.71', 'INSERCIÓN SATISFACTORIA DE UN NUEVO LOTE RE A STOCK'),
(271, 'LOTE_RE', 36, '2018-11-30 12:25:17', 'I', 1, '192.168.154.71', 'INSERCIÓN SATISFACTORIA DE UN NUEVO LOTE RE'),
(272, 'STOCK_APERTURA', 35, '2018-11-30 12:25:17', 'I', 1, '192.168.154.71', 'INSERCIÓN SATISFACTORIA DE UN NUEVO LOTE RE A STOCK'),
(273, 'LOTE_RE', 37, '2018-11-30 12:25:17', 'I', 1, '192.168.154.71', 'INSERCIÓN SATISFACTORIA DE UN NUEVO LOTE RE'),
(274, 'STOCK_APERTURA', 36, '2018-11-30 12:25:17', 'I', 1, '192.168.154.71', 'INSERCIÓN SATISFACTORIA DE UN NUEVO LOTE RE A STOCK'),
(275, 'LOTE_RE', 38, '2018-11-30 12:25:40', 'I', 1, '192.168.154.71', 'INSERCIÓN SATISFACTORIA DE UN NUEVO LOTE RE'),
(276, 'STOCK_APERTURA', 37, '2018-11-30 12:25:41', 'I', 1, '192.168.154.71', 'INSERCIÓN SATISFACTORIA DE UN NUEVO LOTE RE A STOCK'),
(277, 'LOTE_RE', 39, '2018-11-30 12:25:41', 'I', 1, '192.168.154.71', 'INSERCIÓN SATISFACTORIA DE UN NUEVO LOTE RE'),
(278, 'STOCK_APERTURA', 38, '2018-11-30 12:25:41', 'I', 1, '192.168.154.71', 'INSERCIÓN SATISFACTORIA DE UN NUEVO LOTE RE A STOCK'),
(279, 'LOTE_RE', 40, '2018-11-30 12:25:41', 'I', 1, '192.168.154.71', 'INSERCIÓN SATISFACTORIA DE UN NUEVO LOTE RE'),
(280, 'STOCK_APERTURA', 39, '2018-11-30 12:25:41', 'I', 1, '192.168.154.71', 'INSERCIÓN SATISFACTORIA DE UN NUEVO LOTE RE A STOCK'),
(281, 'LOTE_RE', 41, '2018-11-30 12:25:41', 'I', 1, '192.168.154.71', 'INSERCIÓN SATISFACTORIA DE UN NUEVO LOTE RE'),
(282, 'LOTE_RE', 42, '2018-11-30 12:25:54', 'I', 1, '192.168.154.71', 'INSERCIÓN SATISFACTORIA DE UN NUEVO LOTE RE'),
(283, 'STOCK_APERTURA', 40, '2018-11-30 12:25:54', 'I', 1, '192.168.154.71', 'INSERCIÓN SATISFACTORIA DE UN NUEVO LOTE RE A STOCK'),
(284, 'LOTE_RE', 43, '2018-11-30 12:25:54', 'I', 1, '192.168.154.71', 'INSERCIÓN SATISFACTORIA DE UN NUEVO LOTE RE'),
(285, 'STOCK_APERTURA', 41, '2018-11-30 12:25:54', 'I', 1, '192.168.154.71', 'INSERCIÓN SATISFACTORIA DE UN NUEVO LOTE RE A STOCK'),
(286, 'LOTE_RE', 44, '2018-11-30 12:25:54', 'I', 1, '192.168.154.71', 'INSERCIÓN SATISFACTORIA DE UN NUEVO LOTE RE'),
(287, 'STOCK_APERTURA', 42, '2018-11-30 12:25:54', 'I', 1, '192.168.154.71', 'INSERCIÓN SATISFACTORIA DE UN NUEVO LOTE RE A STOCK'),
(288, 'LOTE_RE', 45, '2018-11-30 12:25:54', 'I', 1, '192.168.154.71', 'INSERCIÓN SATISFACTORIA DE UN NUEVO LOTE RE'),
(289, 'STOCK_APERTURA', 43, '2018-11-30 12:25:54', 'I', 1, '192.168.154.71', 'INSERCIÓN SATISFACTORIA DE UN NUEVO LOTE RE A STOCK'),
(290, 'LOTE_RE', 46, '2018-11-30 12:26:05', 'I', 1, '192.168.154.71', 'INSERCIÓN SATISFACTORIA DE UN NUEVO LOTE RE'),
(291, 'STOCK_APERTURA', 44, '2018-11-30 12:26:05', 'I', 1, '192.168.154.71', 'INSERCIÓN SATISFACTORIA DE UN NUEVO LOTE RE A STOCK'),
(292, 'LOTE_RE', 47, '2018-11-30 12:26:05', 'I', 1, '192.168.154.71', 'INSERCIÓN SATISFACTORIA DE UN NUEVO LOTE RE'),
(293, 'STOCK_APERTURA', 45, '2018-11-30 12:26:05', 'I', 1, '192.168.154.71', 'INSERCIÓN SATISFACTORIA DE UN NUEVO LOTE RE A STOCK'),
(294, 'LOTE_RE', 48, '2018-11-30 12:26:05', 'I', 1, '192.168.154.71', 'INSERCIÓN SATISFACTORIA DE UN NUEVO LOTE RE'),
(295, 'STOCK_APERTURA', 46, '2018-11-30 12:26:05', 'I', 1, '192.168.154.71', 'INSERCIÓN SATISFACTORIA DE UN NUEVO LOTE RE A STOCK'),
(296, 'LOTE_RE', 49, '2018-11-30 12:26:06', 'I', 1, '192.168.154.71', 'INSERCIÓN SATISFACTORIA DE UN NUEVO LOTE RE'),
(297, 'STOCK_APERTURA', 47, '2018-11-30 12:26:06', 'I', 1, '192.168.154.71', 'INSERCIÓN SATISFACTORIA DE UN NUEVO LOTE RE A STOCK'),
(298, 'LOTE_RE', 50, '2018-11-30 12:27:18', 'I', 1, '192.168.154.71', 'INSERCIÓN SATISFACTORIA DE UN NUEVO LOTE RE'),
(299, 'STOCK_APERTURA', 48, '2018-11-30 12:27:18', 'I', 1, '192.168.154.71', 'INSERCIÓN SATISFACTORIA DE UN NUEVO LOTE RE A STOCK'),
(300, 'LOTE_RE', 51, '2018-11-30 12:27:18', 'I', 1, '192.168.154.71', 'INSERCIÓN SATISFACTORIA DE UN NUEVO LOTE RE'),
(301, 'STOCK_APERTURA', 49, '2018-11-30 12:27:18', 'I', 1, '192.168.154.71', 'INSERCIÓN SATISFACTORIA DE UN NUEVO LOTE RE A STOCK'),
(302, 'LOTE_RE', 52, '2018-11-30 12:27:18', 'I', 1, '192.168.154.71', 'INSERCIÓN SATISFACTORIA DE UN NUEVO LOTE RE'),
(303, 'STOCK_APERTURA', 50, '2018-11-30 12:27:18', 'I', 1, '192.168.154.71', 'INSERCIÓN SATISFACTORIA DE UN NUEVO LOTE RE A STOCK'),
(304, 'LOTE_RE', 53, '2018-11-30 12:27:18', 'I', 1, '192.168.154.71', 'INSERCIÓN SATISFACTORIA DE UN NUEVO LOTE RE'),
(305, 'STOCK_APERTURA', 51, '2018-11-30 12:27:18', 'I', 1, '192.168.154.71', 'INSERCIÓN SATISFACTORIA DE UN NUEVO LOTE RE A STOCK'),
(306, 'LOTE_RE', 54, '2018-11-30 12:27:27', 'I', 1, '192.168.154.71', 'INSERCIÓN SATISFACTORIA DE UN NUEVO LOTE RE'),
(307, 'STOCK_APERTURA', 52, '2018-11-30 12:27:27', 'I', 1, '192.168.154.71', 'INSERCIÓN SATISFACTORIA DE UN NUEVO LOTE RE A STOCK'),
(308, 'LOTE_RE', 55, '2018-11-30 12:27:28', 'I', 1, '192.168.154.71', 'INSERCIÓN SATISFACTORIA DE UN NUEVO LOTE RE'),
(309, 'STOCK_APERTURA', 53, '2018-11-30 12:27:28', 'I', 1, '192.168.154.71', 'INSERCIÓN SATISFACTORIA DE UN NUEVO LOTE RE A STOCK'),
(310, 'LOTE_RE', 56, '2018-11-30 12:27:28', 'I', 1, '192.168.154.71', 'INSERCIÓN SATISFACTORIA DE UN NUEVO LOTE RE'),
(311, 'STOCK_APERTURA', 54, '2018-11-30 12:27:28', 'I', 1, '192.168.154.71', 'INSERCIÓN SATISFACTORIA DE UN NUEVO LOTE RE A STOCK'),
(312, 'LOTE_RE', 57, '2018-11-30 12:27:28', 'I', 1, '192.168.154.71', 'INSERCIÓN SATISFACTORIA DE UN NUEVO LOTE RE'),
(313, 'STOCK_APERTURA', 55, '2018-11-30 12:27:28', 'I', 1, '192.168.154.71', 'INSERCIÓN SATISFACTORIA DE UN NUEVO LOTE RE A STOCK'),
(314, 'LOTE_RE', 58, '2018-11-30 12:27:36', 'I', 1, '192.168.154.71', 'INSERCIÓN SATISFACTORIA DE UN NUEVO LOTE RE'),
(315, 'STOCK_APERTURA', 56, '2018-11-30 12:27:36', 'I', 1, '192.168.154.71', 'INSERCIÓN SATISFACTORIA DE UN NUEVO LOTE RE A STOCK'),
(316, 'LOTE_RE', 59, '2018-11-30 12:27:36', 'I', 1, '192.168.154.71', 'INSERCIÓN SATISFACTORIA DE UN NUEVO LOTE RE'),
(317, 'STOCK_APERTURA', 57, '2018-11-30 12:27:37', 'I', 1, '192.168.154.71', 'INSERCIÓN SATISFACTORIA DE UN NUEVO LOTE RE A STOCK'),
(318, 'LOTE_RE', 60, '2018-11-30 12:27:37', 'I', 1, '192.168.154.71', 'INSERCIÓN SATISFACTORIA DE UN NUEVO LOTE RE'),
(319, 'STOCK_APERTURA', 58, '2018-11-30 12:27:37', 'I', 1, '192.168.154.71', 'INSERCIÓN SATISFACTORIA DE UN NUEVO LOTE RE A STOCK'),
(320, 'LOTE_RE', 61, '2018-11-30 12:27:37', 'I', 1, '192.168.154.71', 'INSERCIÓN SATISFACTORIA DE UN NUEVO LOTE RE'),
(321, 'STOCK_APERTURA', 59, '2018-11-30 12:27:37', 'I', 1, '192.168.154.71', 'INSERCIÓN SATISFACTORIA DE UN NUEVO LOTE RE A STOCK'),
(322, 'LOTE_RE', 62, '2018-11-30 12:27:45', 'I', 1, '192.168.154.71', 'INSERCIÓN SATISFACTORIA DE UN NUEVO LOTE RE'),
(323, 'STOCK_APERTURA', 60, '2018-11-30 12:27:45', 'I', 1, '192.168.154.71', 'INSERCIÓN SATISFACTORIA DE UN NUEVO LOTE RE A STOCK'),
(324, 'LOTE_RE', 63, '2018-11-30 12:27:45', 'I', 1, '192.168.154.71', 'INSERCIÓN SATISFACTORIA DE UN NUEVO LOTE RE'),
(325, 'STOCK_APERTURA', 61, '2018-11-30 12:27:45', 'I', 1, '192.168.154.71', 'INSERCIÓN SATISFACTORIA DE UN NUEVO LOTE RE A STOCK'),
(326, 'LOTE_RE', 64, '2018-11-30 12:27:45', 'I', 1, '192.168.154.71', 'INSERCIÓN SATISFACTORIA DE UN NUEVO LOTE RE'),
(327, 'STOCK_APERTURA', 62, '2018-11-30 12:27:45', 'I', 1, '192.168.154.71', 'INSERCIÓN SATISFACTORIA DE UN NUEVO LOTE RE A STOCK'),
(328, 'LOTE_RE', 65, '2018-11-30 12:27:45', 'I', 1, '192.168.154.71', 'INSERCIÓN SATISFACTORIA DE UN NUEVO LOTE RE'),
(329, 'STOCK_APERTURA', 63, '2018-11-30 12:27:45', 'I', 1, '192.168.154.71', 'INSERCIÓN SATISFACTORIA DE UN NUEVO LOTE RE A STOCK'),
(330, 'LOTE_RE', 66, '2018-11-30 12:27:53', 'I', 1, '192.168.154.71', 'INSERCIÓN SATISFACTORIA DE UN NUEVO LOTE RE'),
(331, 'STOCK_APERTURA', 64, '2018-11-30 12:27:53', 'I', 1, '192.168.154.71', 'INSERCIÓN SATISFACTORIA DE UN NUEVO LOTE RE A STOCK'),
(332, 'LOTE_RE', 67, '2018-11-30 12:27:53', 'I', 1, '192.168.154.71', 'INSERCIÓN SATISFACTORIA DE UN NUEVO LOTE RE'),
(333, 'STOCK_APERTURA', 65, '2018-11-30 12:27:53', 'I', 1, '192.168.154.71', 'INSERCIÓN SATISFACTORIA DE UN NUEVO LOTE RE A STOCK'),
(334, 'LOTE_RE', 68, '2018-11-30 12:27:53', 'I', 1, '192.168.154.71', 'INSERCIÓN SATISFACTORIA DE UN NUEVO LOTE RE'),
(335, 'STOCK_APERTURA', 66, '2018-11-30 12:27:54', 'I', 1, '192.168.154.71', 'INSERCIÓN SATISFACTORIA DE UN NUEVO LOTE RE A STOCK'),
(336, 'LOTE_RE', 69, '2018-11-30 12:27:54', 'I', 1, '192.168.154.71', 'INSERCIÓN SATISFACTORIA DE UN NUEVO LOTE RE'),
(337, 'STOCK_APERTURA', 67, '2018-11-30 12:27:54', 'I', 1, '192.168.154.71', 'INSERCIÓN SATISFACTORIA DE UN NUEVO LOTE RE A STOCK'),
(338, 'LOTE_RE', 70, '2018-11-30 12:28:01', 'I', 1, '192.168.154.71', 'INSERCIÓN SATISFACTORIA DE UN NUEVO LOTE RE');
INSERT INTO `bitacora` (`id_bitacora`, `tabla`, `codigo`, `fecha_registro`, `accion`, `id_usuario`, `ip`, `observacion`) VALUES
(339, 'STOCK_APERTURA', 68, '2018-11-30 12:28:01', 'I', 1, '192.168.154.71', 'INSERCIÓN SATISFACTORIA DE UN NUEVO LOTE RE A STOCK'),
(340, 'LOTE_RE', 71, '2018-11-30 12:28:08', 'I', 1, '192.168.154.71', 'INSERCIÓN SATISFACTORIA DE UN NUEVO LOTE RE'),
(341, 'STOCK_APERTURA', 69, '2018-11-30 12:28:08', 'I', 1, '192.168.154.71', 'INSERCIÓN SATISFACTORIA DE UN NUEVO LOTE RE A STOCK'),
(342, 'LOTE_RE', 72, '2018-11-30 12:28:08', 'I', 1, '192.168.154.71', 'INSERCIÓN SATISFACTORIA DE UN NUEVO LOTE RE'),
(343, 'STOCK_APERTURA', 70, '2018-11-30 12:28:09', 'I', 1, '192.168.154.71', 'INSERCIÓN SATISFACTORIA DE UN NUEVO LOTE RE A STOCK'),
(344, 'LOTE_RE', 73, '2018-11-30 12:28:09', 'I', 1, '192.168.154.71', 'INSERCIÓN SATISFACTORIA DE UN NUEVO LOTE RE'),
(345, 'STOCK_APERTURA', 71, '2018-11-30 12:28:09', 'I', 1, '192.168.154.71', 'INSERCIÓN SATISFACTORIA DE UN NUEVO LOTE RE A STOCK'),
(346, 'LOTE_RE', 74, '2018-11-30 12:28:09', 'I', 1, '192.168.154.71', 'INSERCIÓN SATISFACTORIA DE UN NUEVO LOTE RE'),
(347, 'STOCK_APERTURA', 72, '2018-11-30 12:28:09', 'I', 1, '192.168.154.71', 'INSERCIÓN SATISFACTORIA DE UN NUEVO LOTE RE A STOCK'),
(348, 'LOTE_RE', 75, '2018-11-30 12:28:20', 'I', 1, '192.168.154.71', 'INSERCIÓN SATISFACTORIA DE UN NUEVO LOTE RE'),
(349, 'STOCK_APERTURA', 73, '2018-11-30 12:28:20', 'I', 1, '192.168.154.71', 'INSERCIÓN SATISFACTORIA DE UN NUEVO LOTE RE A STOCK'),
(350, 'LOTE_RE', 76, '2018-11-30 12:28:20', 'I', 1, '192.168.154.71', 'INSERCIÓN SATISFACTORIA DE UN NUEVO LOTE RE'),
(351, 'STOCK_APERTURA', 74, '2018-11-30 12:28:20', 'I', 1, '192.168.154.71', 'INSERCIÓN SATISFACTORIA DE UN NUEVO LOTE RE A STOCK'),
(352, 'LOTE_RE', 77, '2018-11-30 12:28:20', 'I', 1, '192.168.154.71', 'INSERCIÓN SATISFACTORIA DE UN NUEVO LOTE RE'),
(353, 'STOCK_APERTURA', 75, '2018-11-30 12:28:20', 'I', 1, '192.168.154.71', 'INSERCIÓN SATISFACTORIA DE UN NUEVO LOTE RE A STOCK'),
(354, 'LOTE_RE', 78, '2018-11-30 12:28:20', 'I', 1, '192.168.154.71', 'INSERCIÓN SATISFACTORIA DE UN NUEVO LOTE RE'),
(355, 'STOCK_APERTURA', 76, '2018-11-30 12:28:20', 'I', 1, '192.168.154.71', 'INSERCIÓN SATISFACTORIA DE UN NUEVO LOTE RE A STOCK'),
(356, 'LOTE_RE', 79, '2018-11-30 12:28:27', 'I', 1, '192.168.154.71', 'INSERCIÓN SATISFACTORIA DE UN NUEVO LOTE RE'),
(357, 'STOCK_APERTURA', 77, '2018-11-30 12:28:27', 'I', 1, '192.168.154.71', 'INSERCIÓN SATISFACTORIA DE UN NUEVO LOTE RE A STOCK'),
(358, 'LOTE_RE', 80, '2018-11-30 12:28:27', 'I', 1, '192.168.154.71', 'INSERCIÓN SATISFACTORIA DE UN NUEVO LOTE RE'),
(359, 'STOCK_APERTURA', 78, '2018-11-30 12:28:27', 'I', 1, '192.168.154.71', 'INSERCIÓN SATISFACTORIA DE UN NUEVO LOTE RE A STOCK'),
(360, 'LOTE_RE', 81, '2018-11-30 12:28:28', 'I', 1, '192.168.154.71', 'INSERCIÓN SATISFACTORIA DE UN NUEVO LOTE RE'),
(361, 'STOCK_APERTURA', 79, '2018-11-30 12:28:28', 'I', 1, '192.168.154.71', 'INSERCIÓN SATISFACTORIA DE UN NUEVO LOTE RE A STOCK'),
(362, 'LOTE_RE', 82, '2018-11-30 12:28:28', 'I', 1, '192.168.154.71', 'INSERCIÓN SATISFACTORIA DE UN NUEVO LOTE RE'),
(363, 'STOCK_APERTURA', 80, '2018-11-30 12:28:28', 'I', 1, '192.168.154.71', 'INSERCIÓN SATISFACTORIA DE UN NUEVO LOTE RE A STOCK'),
(364, 'LOTE_RE', 83, '2018-11-30 12:28:36', 'I', 1, '192.168.154.71', 'INSERCIÓN SATISFACTORIA DE UN NUEVO LOTE RE'),
(365, 'STOCK_APERTURA', 81, '2018-11-30 12:28:36', 'I', 1, '192.168.154.71', 'INSERCIÓN SATISFACTORIA DE UN NUEVO LOTE RE A STOCK'),
(366, 'LOTE_RE', 84, '2018-11-30 12:28:36', 'I', 1, '192.168.154.71', 'INSERCIÓN SATISFACTORIA DE UN NUEVO LOTE RE'),
(367, 'STOCK_APERTURA', 82, '2018-11-30 12:28:37', 'I', 1, '192.168.154.71', 'INSERCIÓN SATISFACTORIA DE UN NUEVO LOTE RE A STOCK'),
(368, 'LOTE_RE', 85, '2018-11-30 12:28:37', 'I', 1, '192.168.154.71', 'INSERCIÓN SATISFACTORIA DE UN NUEVO LOTE RE'),
(369, 'STOCK_APERTURA', 83, '2018-11-30 12:28:37', 'I', 1, '192.168.154.71', 'INSERCIÓN SATISFACTORIA DE UN NUEVO LOTE RE A STOCK'),
(370, 'LOTE_RE', 86, '2018-11-30 12:28:37', 'I', 1, '192.168.154.71', 'INSERCIÓN SATISFACTORIA DE UN NUEVO LOTE RE'),
(371, 'STOCK_APERTURA', 84, '2018-11-30 12:28:37', 'I', 1, '192.168.154.71', 'INSERCIÓN SATISFACTORIA DE UN NUEVO LOTE RE A STOCK'),
(372, 'LOTE_RE', 87, '2018-11-30 12:28:44', 'I', 1, '192.168.154.71', 'INSERCIÓN SATISFACTORIA DE UN NUEVO LOTE RE'),
(373, 'STOCK_APERTURA', 85, '2018-11-30 12:28:44', 'I', 1, '192.168.154.71', 'INSERCIÓN SATISFACTORIA DE UN NUEVO LOTE RE A STOCK'),
(374, 'LOTE_RE', 88, '2018-11-30 12:28:44', 'I', 1, '192.168.154.71', 'INSERCIÓN SATISFACTORIA DE UN NUEVO LOTE RE'),
(375, 'STOCK_APERTURA', 86, '2018-11-30 12:28:44', 'I', 1, '192.168.154.71', 'INSERCIÓN SATISFACTORIA DE UN NUEVO LOTE RE A STOCK'),
(376, 'LOTE_RE', 89, '2018-11-30 12:28:44', 'I', 1, '192.168.154.71', 'INSERCIÓN SATISFACTORIA DE UN NUEVO LOTE RE'),
(377, 'STOCK_APERTURA', 87, '2018-11-30 12:28:45', 'I', 1, '192.168.154.71', 'INSERCIÓN SATISFACTORIA DE UN NUEVO LOTE RE A STOCK'),
(378, 'LOTE_RE', 90, '2018-11-30 12:28:45', 'I', 1, '192.168.154.71', 'INSERCIÓN SATISFACTORIA DE UN NUEVO LOTE RE'),
(379, 'STOCK_APERTURA', 88, '2018-11-30 12:28:45', 'I', 1, '192.168.154.71', 'INSERCIÓN SATISFACTORIA DE UN NUEVO LOTE RE A STOCK'),
(380, 'PEDIDO', 4, '2018-11-30 12:29:58', 'U', 3, '192.168.154.74', 'ACTUALIZACION SATISFACTORIA DEL ESTADO DE UN PEDIDO'),
(381, 'LOTE_RE', 91, '2018-11-30 12:34:17', 'I', 1, '192.168.154.71', 'INSERCIÓN SATISFACTORIA DE UN NUEVO LOTE RE'),
(382, 'STOCK_APERTURA', 89, '2018-11-30 12:34:18', 'I', 1, '192.168.154.71', 'INSERCIÓN SATISFACTORIA DE UN NUEVO LOTE RE A STOCK'),
(383, 'LOTE_RE', 92, '2018-11-30 12:34:18', 'I', 1, '192.168.154.71', 'INSERCIÓN SATISFACTORIA DE UN NUEVO LOTE RE'),
(384, 'STOCK_APERTURA', 90, '2018-11-30 12:34:18', 'I', 1, '192.168.154.71', 'INSERCIÓN SATISFACTORIA DE UN NUEVO LOTE RE A STOCK'),
(385, 'LOTE_RE', 93, '2018-11-30 12:34:18', 'I', 1, '192.168.154.71', 'INSERCIÓN SATISFACTORIA DE UN NUEVO LOTE RE'),
(386, 'STOCK_APERTURA', 91, '2018-11-30 12:34:18', 'I', 1, '192.168.154.71', 'INSERCIÓN SATISFACTORIA DE UN NUEVO LOTE RE A STOCK'),
(387, 'LOTE_RE', 94, '2018-11-30 12:34:18', 'I', 1, '192.168.154.71', 'INSERCIÓN SATISFACTORIA DE UN NUEVO LOTE RE'),
(388, 'STOCK_APERTURA', 92, '2018-11-30 12:34:18', 'I', 1, '192.168.154.71', 'INSERCIÓN SATISFACTORIA DE UN NUEVO LOTE RE A STOCK'),
(389, 'DETALLE_CLASIFICACION_VERDE', 193, '2018-11-30 12:38:07', 'I', 1, '192.168.154.71', 'INSERCIÓN SATISFACTORIA DE UN NUEVO DETALLE DE LA CLASIFICACIÓN EN VERDE'),
(390, 'DETALLE_CLASIFICACION_VERDE', 194, '2018-11-30 12:38:07', 'I', 1, '192.168.154.71', 'INSERCIÓN SATISFACTORIA DE UN NUEVO DETALLE DE LA CLASIFICACIÓN EN VERDE'),
(391, 'DETALLE_CLASIFICACION_VERDE', 195, '2018-11-30 12:38:07', 'I', 1, '192.168.154.71', 'INSERCIÓN SATISFACTORIA DE UN NUEVO DETALLE DE LA CLASIFICACIÓN EN VERDE'),
(392, 'DETALLE_CLASIFICACION_VERDE', 196, '2018-11-30 12:38:07', 'I', 1, '192.168.154.71', 'INSERCIÓN SATISFACTORIA DE UN NUEVO DETALLE DE LA CLASIFICACIÓN EN VERDE'),
(393, 'DETALLE_CLASIFICACION_VERDE', 197, '2018-11-30 12:38:26', 'I', 1, '192.168.154.71', 'INSERCIÓN SATISFACTORIA DE UN NUEVO DETALLE DE LA CLASIFICACIÓN EN VERDE'),
(394, 'DETALLE_CLASIFICACION_VERDE', 198, '2018-11-30 12:38:26', 'I', 1, '192.168.154.71', 'INSERCIÓN SATISFACTORIA DE UN NUEVO DETALLE DE LA CLASIFICACIÓN EN VERDE'),
(395, 'DETALLE_CLASIFICACION_VERDE', 199, '2018-11-30 12:38:26', 'I', 1, '192.168.154.71', 'INSERCIÓN SATISFACTORIA DE UN NUEVO DETALLE DE LA CLASIFICACIÓN EN VERDE'),
(396, 'DETALLE_CLASIFICACION_VERDE', 200, '2018-11-30 12:38:26', 'I', 1, '192.168.154.71', 'INSERCIÓN SATISFACTORIA DE UN NUEVO DETALLE DE LA CLASIFICACIÓN EN VERDE'),
(397, 'LOTE_RE', 95, '2018-11-30 12:38:54', 'I', 1, '192.168.154.71', 'INSERCIÓN SATISFACTORIA DE UN NUEVO LOTE RE'),
(398, 'STOCK_APERTURA', 93, '2018-11-30 12:38:54', 'I', 1, '192.168.154.71', 'INSERCIÓN SATISFACTORIA DE UN NUEVO LOTE RE A STOCK'),
(399, 'LOTE_RE', 96, '2018-11-30 12:38:54', 'I', 1, '192.168.154.71', 'INSERCIÓN SATISFACTORIA DE UN NUEVO LOTE RE'),
(400, 'STOCK_APERTURA', 94, '2018-11-30 12:38:54', 'I', 1, '192.168.154.71', 'INSERCIÓN SATISFACTORIA DE UN NUEVO LOTE RE A STOCK'),
(401, 'LOTE_RE', 97, '2018-11-30 12:38:55', 'I', 1, '192.168.154.71', 'INSERCIÓN SATISFACTORIA DE UN NUEVO LOTE RE'),
(402, 'STOCK_APERTURA', 95, '2018-11-30 12:38:55', 'I', 1, '192.168.154.71', 'INSERCIÓN SATISFACTORIA DE UN NUEVO LOTE RE A STOCK'),
(403, 'LOTE_RE', 98, '2018-11-30 12:38:55', 'I', 1, '192.168.154.71', 'INSERCIÓN SATISFACTORIA DE UN NUEVO LOTE RE'),
(404, 'STOCK_APERTURA', 96, '2018-11-30 12:38:55', 'I', 1, '192.168.154.71', 'INSERCIÓN SATISFACTORIA DE UN NUEVO LOTE RE A STOCK'),
(405, 'LOTE_RE', 99, '2018-11-30 12:48:25', 'I', 1, '192.168.154.71', 'INSERCIÓN SATISFACTORIA DE UN NUEVO LOTE RE'),
(406, 'STOCK_APERTURA', 97, '2018-11-30 12:48:25', 'I', 1, '192.168.154.71', 'INSERCIÓN SATISFACTORIA DE UN NUEVO LOTE RE A STOCK'),
(407, 'LOTE_RE', 100, '2018-11-30 12:48:25', 'I', 1, '192.168.154.71', 'INSERCIÓN SATISFACTORIA DE UN NUEVO LOTE RE'),
(408, 'STOCK_APERTURA', 98, '2018-11-30 12:48:26', 'I', 1, '192.168.154.71', 'INSERCIÓN SATISFACTORIA DE UN NUEVO LOTE RE A STOCK'),
(409, 'LOTE_RE', 101, '2018-11-30 12:48:26', 'I', 1, '192.168.154.71', 'INSERCIÓN SATISFACTORIA DE UN NUEVO LOTE RE'),
(410, 'STOCK_APERTURA', 99, '2018-11-30 12:48:26', 'I', 1, '192.168.154.71', 'INSERCIÓN SATISFACTORIA DE UN NUEVO LOTE RE A STOCK'),
(411, 'LOTE_RE', 102, '2018-11-30 12:48:26', 'I', 1, '192.168.154.71', 'INSERCIÓN SATISFACTORIA DE UN NUEVO LOTE RE'),
(412, 'STOCK_APERTURA', 100, '2018-11-30 12:48:26', 'I', 1, '192.168.154.71', 'INSERCIÓN SATISFACTORIA DE UN NUEVO LOTE RE A STOCK'),
(413, 'LOTE_RE', 103, '2018-11-30 12:50:11', 'I', 1, '192.168.154.71', 'INSERCIÓN SATISFACTORIA DE UN NUEVO LOTE RE'),
(414, 'STOCK_APERTURA', 101, '2018-11-30 12:50:11', 'I', 1, '192.168.154.71', 'INSERCIÓN SATISFACTORIA DE UN NUEVO LOTE RE A STOCK'),
(415, 'LOTE_RE', 104, '2018-11-30 12:50:11', 'I', 1, '192.168.154.71', 'INSERCIÓN SATISFACTORIA DE UN NUEVO LOTE RE'),
(416, 'STOCK_APERTURA', 102, '2018-11-30 12:50:12', 'I', 1, '192.168.154.71', 'INSERCIÓN SATISFACTORIA DE UN NUEVO LOTE RE A STOCK'),
(417, 'LOTE_RE', 105, '2018-11-30 12:50:12', 'I', 1, '192.168.154.71', 'INSERCIÓN SATISFACTORIA DE UN NUEVO LOTE RE'),
(418, 'STOCK_APERTURA', 103, '2018-11-30 12:50:12', 'I', 1, '192.168.154.71', 'INSERCIÓN SATISFACTORIA DE UN NUEVO LOTE RE A STOCK'),
(419, 'LOTE_RE', 106, '2018-11-30 12:50:12', 'I', 1, '192.168.154.71', 'INSERCIÓN SATISFACTORIA DE UN NUEVO LOTE RE'),
(420, 'STOCK_APERTURA', 104, '2018-11-30 12:50:12', 'I', 1, '192.168.154.71', 'INSERCIÓN SATISFACTORIA DE UN NUEVO LOTE RE A STOCK'),
(421, 'PEDIDO|DETALLE_PEDIDO', 5, '2018-11-30 15:56:45', 'I', 3, '192.168.154.74', 'INSERCIÓN SATISFACTORIA DE UN NUEVO PEDIDO'),
(422, 'PEDIDO|DETALLE_PEDIDO', 6, '2018-11-30 15:56:45', 'I', 3, '192.168.154.74', 'INSERCIÓN SATISFACTORIA DE UN NUEVO PEDIDO'),
(423, 'PEDIDO|DETALLE_PEDIDO', 7, '2018-11-30 15:56:45', 'I', 3, '192.168.154.74', 'INSERCIÓN SATISFACTORIA DE UN NUEVO PEDIDO'),
(424, 'PEDIDO|DETALLE_PEDIDO', 8, '2018-11-30 16:01:48', 'I', 3, '192.168.154.74', 'INSERCIÓN SATISFACTORIA DE UN NUEVO PEDIDO'),
(425, 'PEDIDO|DETALLE_PEDIDO', 9, '2018-11-30 16:01:49', 'I', 3, '192.168.154.74', 'INSERCIÓN SATISFACTORIA DE UN NUEVO PEDIDO'),
(426, 'PEDIDO|DETALLE_PEDIDO', 10, '2018-11-30 16:08:27', 'I', 3, '192.168.154.74', 'INSERCIÓN SATISFACTORIA DE UN NUEVO PEDIDO'),
(427, 'PEDIDO|DETALLE_PEDIDO', 11, '2018-11-30 16:09:26', 'I', 3, '192.168.154.74', 'INSERCIÓN SATISFACTORIA DE UN NUEVO PEDIDO'),
(428, 'USUARIO', 3, '2018-12-03 08:04:31', 'L', 3, '192.168.154.74', 'INICIO DE SESIÓN SATISFACTORIO. USUARIO:OBRIAN VILLASMIL'),
(429, 'USUARIO', 1, '2018-12-03 08:13:32', 'L', 1, '192.168.154.71', 'INICIO DE SESIÓN SATISFACTORIO. USUARIO:RAFAEL PRATS RECASEN'),
(430, 'CONFIGURACION_EMPRESA', 6, '2018-12-03 09:22:44', 'I', 1, '192.168.154.71', 'INSERCIÓN SATISFACTORIA DE UNA NUEVA CLASIFICACIÓN UNITARIA'),
(431, 'CONFIGURACION_EMPRESA', 6, '2018-12-03 09:22:44', 'I', 1, '192.168.154.71', 'INSERCIÓN SATISFACTORIA DE UNA NUEVA CLASIFICACIÓN UNITARIA'),
(432, 'CONFIGURACION_EMPRESA', 6, '2018-12-03 09:22:44', 'I', 1, '192.168.154.71', 'INSERCIÓN SATISFACTORIA DE UNA NUEVA CLASIFICACIÓN UNITARIA'),
(433, 'CONFIGURACION_EMPRESA', 6, '2018-12-03 09:22:44', 'I', 1, '192.168.154.71', 'INSERCIÓN SATISFACTORIA DE UNA NUEVA CLASIFICACIÓN UNITARIA'),
(434, 'CONFIGURACION_EMPRESA', 6, '2018-12-03 09:22:44', 'I', 1, '192.168.154.71', 'INSERCIÓN SATISFACTORIA DE UNA NUEVA CLASIFICACIÓN UNITARIA'),
(435, 'CLASIFICACION_RAMO', 6, '2018-12-03 09:22:44', 'I', 1, '192.168.154.71', 'INSERCIÓN SATISFACTORIA DE UNA NUEVA CLASIFICACIÓN POR RAMOS'),
(436, 'CLASIFICACION_RAMO', 6, '2018-12-03 09:22:44', 'I', 1, '192.168.154.71', 'INSERCIÓN SATISFACTORIA DE UNA NUEVA CLASIFICACIÓN POR RAMOS'),
(437, 'CLASIFICACION_RAMO', 6, '2018-12-03 09:22:45', 'I', 1, '192.168.154.71', 'INSERCIÓN SATISFACTORIA DE UNA NUEVA CLASIFICACIÓN POR RAMOS'),
(438, 'CLASIFICACION_RAMO', 6, '2018-12-03 09:22:45', 'I', 1, '192.168.154.71', 'INSERCIÓN SATISFACTORIA DE UNA NUEVA CLASIFICACIÓN POR RAMOS'),
(439, 'CLASIFICACION_RAMO', 6, '2018-12-03 09:22:45', 'I', 1, '192.168.154.71', 'INSERCIÓN SATISFACTORIA DE UNA NUEVA CLASIFICACIÓN POR RAMOS'),
(440, 'CLASIFICACION_RAMO', 6, '2018-12-03 09:22:45', 'I', 1, '192.168.154.71', 'INSERCIÓN SATISFACTORIA DE UNA NUEVA CLASIFICACIÓN POR RAMOS'),
(441, 'CLASIFICACION_RAMO', 12, '2018-12-03 09:22:45', 'I', 1, '192.168.154.71', 'INSERCIÓN SATISFACTORIA DE UN NUEVO EMPAQUE'),
(442, 'CLASIFICACION_RAMO', 12, '2018-12-03 09:22:45', 'I', 1, '192.168.154.71', 'INSERCIÓN SATISFACTORIA DE UN NUEVO EMPAQUE'),
(443, 'CLASIFICACION_RAMO', 12, '2018-12-03 09:22:45', 'I', 1, '192.168.154.71', 'INSERCIÓN SATISFACTORIA DE UN NUEVO EMPAQUE'),
(444, 'CLASIFICACION_RAMO', 12, '2018-12-03 09:22:45', 'I', 1, '192.168.154.71', 'INSERCIÓN SATISFACTORIA DE UN NUEVO EMPAQUE'),
(445, 'CLASIFICACION_RAMO', 12, '2018-12-03 09:22:45', 'I', 1, '192.168.154.71', 'INSERCIÓN SATISFACTORIA DE UN NUEVO EMPAQUE'),
(446, 'CLASIFICACION_RAMO', 12, '2018-12-03 09:22:45', 'I', 1, '192.168.154.71', 'INSERCIÓN SATISFACTORIA DE UN NUEVO EMPAQUE'),
(447, 'CLASIFICACION_RAMO', 12, '2018-12-03 09:22:45', 'I', 1, '192.168.154.71', 'INSERCIÓN SATISFACTORIA DE UN NUEVO EMPAQUE'),
(448, 'CLASIFICACION_RAMO', 12, '2018-12-03 09:22:45', 'I', 1, '192.168.154.71', 'INSERCIÓN SATISFACTORIA DE UN NUEVO EMPAQUE'),
(449, 'SUBMENU', 14, '2018-12-03 09:32:27', 'I', 1, '192.168.154.71', 'INSERCIÓN SATISFACTORIA DE UN NUEVO SUBMENÚ'),
(450, 'ROL_SUBMENU', 14, '2018-12-03 09:35:05', 'I', 1, '192.168.154.71', 'INSERCIÓN SATISFACTORIA DE UN NUEVO ROL_SUBMENU'),
(451, 'PEDIDO|DETALLE_PEDIDO', 12, '2018-12-03 11:11:30', 'I', 3, '192.168.154.74', 'INSERCIÓN SATISFACTORIA DE UN NUEVO PEDIDO'),
(452, 'SUBMENU', 15, '2018-12-03 11:15:47', 'I', 3, '192.168.154.74', 'INSERCIÓN SATISFACTORIA DE UN NUEVO SUBMENÚ'),
(453, 'ROL_SUBMENU', 15, '2018-12-03 11:18:06', 'I', 3, '192.168.154.74', 'INSERCIÓN SATISFACTORIA DE UN NUEVO ROL_SUBMENU'),
(454, 'CLASIFICACION_VERDE', 10, '2018-12-03 11:49:29', 'I', 1, '192.168.154.71', 'INSERCIÓN SATISFACTORIA DE UNA NUEVA CLASIFICACIÓN EN VERDE'),
(455, 'DETALLE_CLASIFICACION_VERDE', 201, '2018-12-03 11:49:29', 'I', 1, '192.168.154.71', 'INSERCIÓN SATISFACTORIA DE UN NUEVO DETALLE DE LA CLASIFICACIÓN EN VERDE'),
(456, 'DETALLE_CLASIFICACION_VERDE', 202, '2018-12-03 11:49:29', 'I', 1, '192.168.154.71', 'INSERCIÓN SATISFACTORIA DE UN NUEVO DETALLE DE LA CLASIFICACIÓN EN VERDE'),
(457, 'DETALLE_CLASIFICACION_VERDE', 203, '2018-12-03 11:49:29', 'I', 1, '192.168.154.71', 'INSERCIÓN SATISFACTORIA DE UN NUEVO DETALLE DE LA CLASIFICACIÓN EN VERDE'),
(458, 'DETALLE_CLASIFICACION_VERDE', 204, '2018-12-03 11:49:29', 'I', 1, '192.168.154.71', 'INSERCIÓN SATISFACTORIA DE UN NUEVO DETALLE DE LA CLASIFICACIÓN EN VERDE'),
(459, 'DETALLE_CLASIFICACION_VERDE', 205, '2018-12-03 11:50:03', 'I', 1, '192.168.154.71', 'INSERCIÓN SATISFACTORIA DE UN NUEVO DETALLE DE LA CLASIFICACIÓN EN VERDE'),
(460, 'DETALLE_CLASIFICACION_VERDE', 206, '2018-12-03 11:50:03', 'I', 1, '192.168.154.71', 'INSERCIÓN SATISFACTORIA DE UN NUEVO DETALLE DE LA CLASIFICACIÓN EN VERDE'),
(461, 'DETALLE_CLASIFICACION_VERDE', 207, '2018-12-03 11:50:03', 'I', 1, '192.168.154.71', 'INSERCIÓN SATISFACTORIA DE UN NUEVO DETALLE DE LA CLASIFICACIÓN EN VERDE'),
(462, 'DETALLE_CLASIFICACION_VERDE', 208, '2018-12-03 11:50:03', 'I', 1, '192.168.154.71', 'INSERCIÓN SATISFACTORIA DE UN NUEVO DETALLE DE LA CLASIFICACIÓN EN VERDE'),
(463, 'DETALLE_CLASIFICACION_VERDE', 209, '2018-12-03 11:50:26', 'I', 1, '192.168.154.71', 'INSERCIÓN SATISFACTORIA DE UN NUEVO DETALLE DE LA CLASIFICACIÓN EN VERDE'),
(464, 'DETALLE_CLASIFICACION_VERDE', 210, '2018-12-03 11:50:26', 'I', 1, '192.168.154.71', 'INSERCIÓN SATISFACTORIA DE UN NUEVO DETALLE DE LA CLASIFICACIÓN EN VERDE'),
(465, 'DETALLE_CLASIFICACION_VERDE', 211, '2018-12-03 11:50:26', 'I', 1, '192.168.154.71', 'INSERCIÓN SATISFACTORIA DE UN NUEVO DETALLE DE LA CLASIFICACIÓN EN VERDE'),
(466, 'DETALLE_CLASIFICACION_VERDE', 212, '2018-12-03 11:50:44', 'I', 1, '192.168.154.71', 'INSERCIÓN SATISFACTORIA DE UN NUEVO DETALLE DE LA CLASIFICACIÓN EN VERDE'),
(467, 'DETALLE_CLASIFICACION_VERDE', 213, '2018-12-03 11:50:44', 'I', 1, '192.168.154.71', 'INSERCIÓN SATISFACTORIA DE UN NUEVO DETALLE DE LA CLASIFICACIÓN EN VERDE'),
(468, 'DETALLE_CLASIFICACION_VERDE', 214, '2018-12-03 11:50:44', 'I', 1, '192.168.154.71', 'INSERCIÓN SATISFACTORIA DE UN NUEVO DETALLE DE LA CLASIFICACIÓN EN VERDE'),
(469, 'DETALLE_CLASIFICACION_VERDE', 215, '2018-12-03 11:50:44', 'I', 1, '192.168.154.71', 'INSERCIÓN SATISFACTORIA DE UN NUEVO DETALLE DE LA CLASIFICACIÓN EN VERDE'),
(470, 'DETALLE_CLASIFICACION_VERDE', 216, '2018-12-03 11:51:44', 'I', 1, '192.168.154.71', 'INSERCIÓN SATISFACTORIA DE UN NUEVO DETALLE DE LA CLASIFICACIÓN EN VERDE'),
(471, 'DETALLE_CLASIFICACION_VERDE', 217, '2018-12-03 11:51:44', 'I', 1, '192.168.154.71', 'INSERCIÓN SATISFACTORIA DE UN NUEVO DETALLE DE LA CLASIFICACIÓN EN VERDE'),
(472, 'DETALLE_CLASIFICACION_VERDE', 218, '2018-12-03 11:51:44', 'I', 1, '192.168.154.71', 'INSERCIÓN SATISFACTORIA DE UN NUEVO DETALLE DE LA CLASIFICACIÓN EN VERDE'),
(473, 'DETALLE_CLASIFICACION_VERDE', 219, '2018-12-03 11:51:44', 'I', 1, '192.168.154.71', 'INSERCIÓN SATISFACTORIA DE UN NUEVO DETALLE DE LA CLASIFICACIÓN EN VERDE'),
(474, 'DETALLE_CLASIFICACION_VERDE', 220, '2018-12-03 11:52:00', 'I', 1, '192.168.154.71', 'INSERCIÓN SATISFACTORIA DE UN NUEVO DETALLE DE LA CLASIFICACIÓN EN VERDE'),
(475, 'DETALLE_CLASIFICACION_VERDE', 221, '2018-12-03 11:52:00', 'I', 1, '192.168.154.71', 'INSERCIÓN SATISFACTORIA DE UN NUEVO DETALLE DE LA CLASIFICACIÓN EN VERDE'),
(476, 'DETALLE_CLASIFICACION_VERDE', 222, '2018-12-03 11:52:00', 'I', 1, '192.168.154.71', 'INSERCIÓN SATISFACTORIA DE UN NUEVO DETALLE DE LA CLASIFICACIÓN EN VERDE'),
(477, 'DETALLE_CLASIFICACION_VERDE', 223, '2018-12-03 11:52:00', 'I', 1, '192.168.154.71', 'INSERCIÓN SATISFACTORIA DE UN NUEVO DETALLE DE LA CLASIFICACIÓN EN VERDE'),
(478, 'DETALLE_CLASIFICACION_VERDE', 224, '2018-12-03 11:52:13', 'I', 1, '192.168.154.71', 'INSERCIÓN SATISFACTORIA DE UN NUEVO DETALLE DE LA CLASIFICACIÓN EN VERDE'),
(479, 'DETALLE_CLASIFICACION_VERDE', 225, '2018-12-03 11:52:13', 'I', 1, '192.168.154.71', 'INSERCIÓN SATISFACTORIA DE UN NUEVO DETALLE DE LA CLASIFICACIÓN EN VERDE'),
(480, 'DETALLE_CLASIFICACION_VERDE', 226, '2018-12-03 11:52:13', 'I', 1, '192.168.154.71', 'INSERCIÓN SATISFACTORIA DE UN NUEVO DETALLE DE LA CLASIFICACIÓN EN VERDE'),
(481, 'DETALLE_CLASIFICACION_VERDE', 227, '2018-12-03 11:52:13', 'I', 1, '192.168.154.71', 'INSERCIÓN SATISFACTORIA DE UN NUEVO DETALLE DE LA CLASIFICACIÓN EN VERDE'),
(482, 'LOTE_RE', 107, '2018-12-03 11:53:04', 'I', 1, '192.168.154.71', 'INSERCIÓN SATISFACTORIA DE UN NUEVO LOTE RE'),
(483, 'STOCK_APERTURA', 105, '2018-12-03 11:53:04', 'I', 1, '192.168.154.71', 'INSERCIÓN SATISFACTORIA DE UN NUEVO LOTE RE A STOCK'),
(484, 'LOTE_RE', 108, '2018-12-03 11:53:04', 'I', 1, '192.168.154.71', 'INSERCIÓN SATISFACTORIA DE UN NUEVO LOTE RE'),
(485, 'STOCK_APERTURA', 106, '2018-12-03 11:53:04', 'I', 1, '192.168.154.71', 'INSERCIÓN SATISFACTORIA DE UN NUEVO LOTE RE A STOCK'),
(486, 'LOTE_RE', 109, '2018-12-03 11:53:04', 'I', 1, '192.168.154.71', 'INSERCIÓN SATISFACTORIA DE UN NUEVO LOTE RE'),
(487, 'STOCK_APERTURA', 107, '2018-12-03 11:53:04', 'I', 1, '192.168.154.71', 'INSERCIÓN SATISFACTORIA DE UN NUEVO LOTE RE A STOCK'),
(488, 'LOTE_RE', 110, '2018-12-03 11:53:04', 'I', 1, '192.168.154.71', 'INSERCIÓN SATISFACTORIA DE UN NUEVO LOTE RE'),
(489, 'STOCK_APERTURA', 108, '2018-12-03 11:53:04', 'I', 1, '192.168.154.71', 'INSERCIÓN SATISFACTORIA DE UN NUEVO LOTE RE A STOCK'),
(490, 'LOTE_RE', 111, '2018-12-03 11:53:14', 'I', 1, '192.168.154.71', 'INSERCIÓN SATISFACTORIA DE UN NUEVO LOTE RE'),
(491, 'STOCK_APERTURA', 109, '2018-12-03 11:53:14', 'I', 1, '192.168.154.71', 'INSERCIÓN SATISFACTORIA DE UN NUEVO LOTE RE A STOCK'),
(492, 'LOTE_RE', 112, '2018-12-03 11:53:14', 'I', 1, '192.168.154.71', 'INSERCIÓN SATISFACTORIA DE UN NUEVO LOTE RE'),
(493, 'STOCK_APERTURA', 110, '2018-12-03 11:53:14', 'I', 1, '192.168.154.71', 'INSERCIÓN SATISFACTORIA DE UN NUEVO LOTE RE A STOCK'),
(494, 'LOTE_RE', 113, '2018-12-03 11:53:14', 'I', 1, '192.168.154.71', 'INSERCIÓN SATISFACTORIA DE UN NUEVO LOTE RE'),
(495, 'STOCK_APERTURA', 111, '2018-12-03 11:53:14', 'I', 1, '192.168.154.71', 'INSERCIÓN SATISFACTORIA DE UN NUEVO LOTE RE A STOCK'),
(496, 'LOTE_RE', 114, '2018-12-03 11:53:14', 'I', 1, '192.168.154.71', 'INSERCIÓN SATISFACTORIA DE UN NUEVO LOTE RE'),
(497, 'STOCK_APERTURA', 112, '2018-12-03 11:53:14', 'I', 1, '192.168.154.71', 'INSERCIÓN SATISFACTORIA DE UN NUEVO LOTE RE A STOCK'),
(498, 'LOTE_RE', 115, '2018-12-03 11:53:22', 'I', 1, '192.168.154.71', 'INSERCIÓN SATISFACTORIA DE UN NUEVO LOTE RE'),
(499, 'STOCK_APERTURA', 113, '2018-12-03 11:53:23', 'I', 1, '192.168.154.71', 'INSERCIÓN SATISFACTORIA DE UN NUEVO LOTE RE A STOCK'),
(500, 'LOTE_RE', 116, '2018-12-03 11:53:23', 'I', 1, '192.168.154.71', 'INSERCIÓN SATISFACTORIA DE UN NUEVO LOTE RE'),
(501, 'STOCK_APERTURA', 114, '2018-12-03 11:53:23', 'I', 1, '192.168.154.71', 'INSERCIÓN SATISFACTORIA DE UN NUEVO LOTE RE A STOCK'),
(502, 'LOTE_RE', 117, '2018-12-03 11:53:23', 'I', 1, '192.168.154.71', 'INSERCIÓN SATISFACTORIA DE UN NUEVO LOTE RE'),
(503, 'STOCK_APERTURA', 115, '2018-12-03 11:53:23', 'I', 1, '192.168.154.71', 'INSERCIÓN SATISFACTORIA DE UN NUEVO LOTE RE A STOCK'),
(504, 'LOTE_RE', 118, '2018-12-03 11:53:23', 'I', 1, '192.168.154.71', 'INSERCIÓN SATISFACTORIA DE UN NUEVO LOTE RE'),
(505, 'STOCK_APERTURA', 116, '2018-12-03 11:53:23', 'I', 1, '192.168.154.71', 'INSERCIÓN SATISFACTORIA DE UN NUEVO LOTE RE A STOCK'),
(506, 'CLIENTE_AGENCIACARGA', 29, '2018-12-03 14:42:15', 'I', 3, '192.168.154.74', 'INSERCIÓN SATISFACTORIA DE LA RELACIÓN DE UNA AGENCIA DE CARGA A UN CLIENTE'),
(507, 'PEDIDO|DETALLE_PEDIDO', 13, '2018-12-03 14:42:44', 'I', 3, '192.168.154.74', 'INSERCIÓN SATISFACTORIA DE UN NUEVO PEDIDO'),
(508, 'PEDIDO|DETALLE_PEDIDO', 13, '2018-12-03 14:42:44', 'I', 3, '192.168.154.74', 'INSERCIÓN SATISFACTORIA DE UN NUEVO PEDIDO'),
(509, 'CONFIGURACION_USER', 3, '2018-12-03 15:30:21', 'U', 3, '192.168.154.74', 'ACTUALIZACIÓN SATISFACTORIA DE LA CONFIGURACIÓN'),
(510, 'CONFIGURACION_USER', 3, '2018-12-03 15:30:29', 'U', 3, '192.168.154.74', 'ACTUALIZACIÓN SATISFACTORIA DE LA CONFIGURACIÓN'),
(511, 'CONFIGURACION_USER', 3, '2018-12-03 15:30:41', 'U', 3, '192.168.154.74', 'ACTUALIZACIÓN SATISFACTORIA DE LA CONFIGURACIÓN'),
(512, 'CONFIGURACION_USER', 3, '2018-12-03 15:31:06', 'U', 3, '192.168.154.74', 'ACTUALIZACIÓN SATISFACTORIA DE LA CONFIGURACIÓN'),
(513, 'CLIENTE_AGENCIACARGA', 30, '2018-12-03 16:21:06', 'I', 3, '192.168.154.74', 'INSERCIÓN SATISFACTORIA DE LA RELACIÓN DE UNA AGENCIA DE CARGA A UN CLIENTE'),
(514, 'PEDIDO|DETALLE_PEDIDO', 14, '2018-12-03 16:29:45', 'I', 3, '192.168.154.74', 'INSERCIÓN SATISFACTORIA DE UN NUEVO PEDIDO'),
(515, 'USUARIO', 3, '2018-12-04 08:04:52', 'L', 3, '192.168.154.74', 'INICIO DE SESIÓN SATISFACTORIO. USUARIO:OBRIAN VILLASMIL'),
(516, 'USUARIO', 1, '2018-12-04 08:19:12', 'L', 1, '192.168.154.71', 'INICIO DE SESIÓN SATISFACTORIO. USUARIO:RAFAEL PRATS RECASEN'),
(517, 'DOCUMENTO', 1, '2018-12-04 10:01:31', 'I', 1, '192.168.154.71', 'INSERCIÓN SATISFACTORIA DE UN NUEVO DOCUMENTO'),
(518, 'DOCUMENTO', 1, '2018-12-04 10:01:58', 'D', 1, '192.168.154.71', 'ELIMINACION DE UN DOCUMENTO'),
(519, 'DOCUMENTO', 2, '2018-12-04 10:02:26', 'I', 1, '192.168.154.71', 'INSERCIÓN SATISFACTORIA DE UN NUEVO DOCUMENTO'),
(520, 'PEDIDO|DETALLE_PEDIDO', 17, '2018-12-04 10:20:35', 'I', 3, '192.168.154.74', 'INSERCIÓN SATISFACTORIA DE UN NUEVO PEDIDO'),
(521, 'PEDIDO|DETALLE_PEDIDO', 19, '2018-12-04 11:15:24', 'I', 3, '192.168.154.74', 'INSERCIÓN SATISFACTORIA DE UN NUEVO PEDIDO'),
(522, 'PEDIDO|DETALLE_PEDIDO', 20, '2018-12-04 11:33:29', 'I', 3, '192.168.154.74', 'INSERCIÓN SATISFACTORIA DE UN NUEVO PEDIDO'),
(523, 'PEDIDO|DETALLE_PEDIDO', 20, '2018-12-04 11:33:29', 'I', 3, '192.168.154.74', 'INSERCIÓN SATISFACTORIA DE UN NUEVO PEDIDO'),
(524, 'PEDIDO|DETALLE_PEDIDO', 21, '2018-12-04 11:34:06', 'I', 3, '192.168.154.74', 'INSERCIÓN SATISFACTORIA DE UN NUEVO PEDIDO'),
(525, 'PEDIDO|DETALLE_PEDIDO', 21, '2018-12-04 11:34:06', 'I', 3, '192.168.154.74', 'INSERCIÓN SATISFACTORIA DE UN NUEVO PEDIDO'),
(526, 'PEDIDO|DETALLE_PEDIDO', 22, '2018-12-04 11:35:23', 'I', 3, '192.168.154.74', 'INSERCIÓN SATISFACTORIA DE UN NUEVO PEDIDO'),
(527, 'PEDIDO|DETALLE_PEDIDO', 22, '2018-12-04 11:35:23', 'I', 3, '192.168.154.74', 'INSERCIÓN SATISFACTORIA DE UN NUEVO PEDIDO'),
(528, 'PEDIDO|DETALLE_PEDIDO', 23, '2018-12-04 11:37:31', 'I', 3, '192.168.154.74', 'INSERCIÓN SATISFACTORIA DE UN NUEVO PEDIDO'),
(529, 'PEDIDO|DETALLE_PEDIDO', 23, '2018-12-04 11:37:31', 'I', 3, '192.168.154.74', 'INSERCIÓN SATISFACTORIA DE UN NUEVO PEDIDO'),
(530, 'PEDIDO|DETALLE_PEDIDO', 24, '2018-12-04 11:37:31', 'I', 3, '192.168.154.74', 'INSERCIÓN SATISFACTORIA DE UN NUEVO PEDIDO'),
(531, 'PEDIDO|DETALLE_PEDIDO', 24, '2018-12-04 11:37:31', 'I', 3, '192.168.154.74', 'INSERCIÓN SATISFACTORIA DE UN NUEVO PEDIDO'),
(532, 'PEDIDO|DETALLE_PEDIDO', 25, '2018-12-04 11:40:08', 'I', 3, '192.168.154.74', 'INSERCIÓN SATISFACTORIA DE UN NUEVO PEDIDO'),
(533, 'PEDIDO|DETALLE_PEDIDO', 26, '2018-12-04 11:40:08', 'I', 3, '192.168.154.74', 'INSERCIÓN SATISFACTORIA DE UN NUEVO PEDIDO'),
(534, 'PEDIDO|DETALLE_PEDIDO', 27, '2018-12-04 12:32:45', 'I', 3, '192.168.154.74', 'INSERCIÓN SATISFACTORIA DE UN NUEVO PEDIDO'),
(535, 'PEDIDO|DETALLE_PEDIDO', 28, '2018-12-04 12:32:46', 'I', 3, '192.168.154.74', 'INSERCIÓN SATISFACTORIA DE UN NUEVO PEDIDO'),
(536, 'PEDIDO|DETALLE_PEDIDO', 29, '2018-12-04 12:34:56', 'I', 3, '192.168.154.74', 'INSERCIÓN SATISFACTORIA DE UN NUEVO PEDIDO'),
(537, 'PEDIDO|DETALLE_PEDIDO', 30, '2018-12-04 12:36:23', 'I', 3, '192.168.154.74', 'INSERCIÓN SATISFACTORIA DE UN NUEVO PEDIDO'),
(538, 'PEDIDO|DETALLE_PEDIDO', 31, '2018-12-04 12:51:48', 'I', 3, '192.168.154.74', 'INSERCIÓN SATISFACTORIA DE UN NUEVO PEDIDO'),
(539, 'PEDIDO|DETALLE_PEDIDO', 32, '2018-12-04 12:51:49', 'I', 3, '192.168.154.74', 'INSERCIÓN SATISFACTORIA DE UN NUEVO PEDIDO'),
(540, 'PEDIDO|DETALLE_PEDIDO', 33, '2018-12-04 12:53:33', 'I', 3, '192.168.154.74', 'INSERCIÓN SATISFACTORIA DE UN NUEVO PEDIDO'),
(541, 'PEDIDO|DETALLE_PEDIDO', 34, '2018-12-04 12:53:33', 'I', 3, '192.168.154.74', 'INSERCIÓN SATISFACTORIA DE UN NUEVO PEDIDO'),
(542, 'PEDIDO|DETALLE_PEDIDO', 35, '2018-12-04 12:53:33', 'I', 3, '192.168.154.74', 'INSERCIÓN SATISFACTORIA DE UN NUEVO PEDIDO'),
(543, 'PEDIDO|DETALLE_PEDIDO', 36, '2018-12-04 12:57:27', 'I', 3, '192.168.154.74', 'INSERCIÓN SATISFACTORIA DE UN NUEVO PEDIDO'),
(544, 'PEDIDO|DETALLE_PEDIDO', 37, '2018-12-04 13:01:47', 'I', 3, '192.168.154.74', 'INSERCIÓN SATISFACTORIA DE UN NUEVO PEDIDO'),
(545, 'PEDIDO|DETALLE_PEDIDO', 38, '2018-12-04 13:01:47', 'I', 3, '192.168.154.74', 'INSERCIÓN SATISFACTORIA DE UN NUEVO PEDIDO'),
(546, 'VARIEDAD', 1, '2018-12-04 14:24:10', 'U', 3, '192.168.154.74', 'ACTUALIZACIÓN SATISFACTORIA DE UNA VARIEDAD'),
(547, 'VARIEDAD', 1, '2018-12-04 14:24:26', 'U', 3, '192.168.154.74', 'ACTUALIZACIÓN SATISFACTORIA DE UNA VARIEDAD'),
(548, 'VARIEDAD', 1, '2018-12-04 14:24:36', 'U', 3, '192.168.154.74', 'ACTUALIZACIÓN SATISFACTORIA DE UNA VARIEDAD'),
(549, 'PEDIDO|DETALLE_PEDIDO', 39, '2018-12-04 15:11:39', 'I', 3, '192.168.154.74', 'INSERCIÓN SATISFACTORIA DE UN NUEVO PEDIDO'),
(550, 'PEDIDO|DETALLE_PEDIDO', 40, '2018-12-04 15:12:03', 'I', 3, '192.168.154.74', 'INSERCIÓN SATISFACTORIA DE UN NUEVO PEDIDO'),
(551, 'PEDIDO|DETALLE_PEDIDO', 41, '2018-12-04 15:12:53', 'I', 3, '192.168.154.74', 'INSERCIÓN SATISFACTORIA DE UN NUEVO PEDIDO'),
(552, 'PEDIDO|DETALLE_PEDIDO', 42, '2018-12-04 15:16:28', 'I', 3, '192.168.154.74', 'INSERCIÓN SATISFACTORIA DE UN NUEVO PEDIDO'),
(553, 'USUARIO', 1, '2018-12-04 15:18:23', 'L', 1, '192.168.154.71', 'INICIO DE SESIÓN SATISFACTORIO. USUARIO:RAFAEL PRATS RECASEN'),
(554, 'PEDIDO|DETALLE_PEDIDO', 43, '2018-12-04 15:20:25', 'I', 3, '192.168.154.74', 'INSERCIÓN SATISFACTORIA DE UN NUEVO PEDIDO'),
(555, 'USUARIO', 3, '2018-12-05 08:08:46', 'L', 3, '192.168.154.74', 'INICIO DE SESIÓN SATISFACTORIO. USUARIO:OBRIAN VILLASMIL'),
(556, 'USUARIO', 1, '2018-12-05 08:59:05', 'L', 1, '192.168.154.71', 'INICIO DE SESIÓN SATISFACTORIO. USUARIO:RAFAEL PRATS RECASEN'),
(557, 'SUBMENU', 16, '2018-12-05 09:54:47', 'I', 3, '192.168.154.74', 'INSERCIÓN SATISFACTORIA DE UN NUEVO SUBMENÚ'),
(558, 'ROL_SUBMENU', 16, '2018-12-05 09:55:52', 'I', 3, '192.168.154.74', 'INSERCIÓN SATISFACTORIA DE UN NUEVO ROL_SUBMENU'),
(559, 'SUBMENU', 16, '2018-12-05 09:56:22', 'U', 3, '192.168.154.74', 'ACTUALIZACIÓN SATISFACTORIA DE UN SUBMENÚ'),
(560, 'STOCK_APERTURA', 118, '2018-12-05 10:06:14', 'I', 1, '192.168.154.71', 'INSERCIÓN SATISFACTORIA DE UN NUEVO STOCK'),
(561, 'USUARIO', 1, '2018-12-05 10:31:46', 'L', 1, '192.168.154.123', 'INICIO DE SESIÓN SATISFACTORIO. USUARIO:RAFAEL PRATS RECASEN'),
(562, 'CLASIFICACION_VERDE', 11, '2018-12-05 10:45:40', 'I', 1, '192.168.154.123', 'INSERCIÓN SATISFACTORIA DE UNA NUEVA CLASIFICACIÓN EN VERDE'),
(563, 'DETALLE_CLASIFICACION_VERDE', 228, '2018-12-05 10:45:41', 'I', 1, '192.168.154.123', 'INSERCIÓN SATISFACTORIA DE UN NUEVO DETALLE DE LA CLASIFICACIÓN EN VERDE'),
(564, 'DETALLE_CLASIFICACION_VERDE', 229, '2018-12-05 10:45:41', 'I', 1, '192.168.154.123', 'INSERCIÓN SATISFACTORIA DE UN NUEVO DETALLE DE LA CLASIFICACIÓN EN VERDE'),
(565, 'DETALLE_CLASIFICACION_VERDE', 230, '2018-12-05 10:45:41', 'I', 1, '192.168.154.123', 'INSERCIÓN SATISFACTORIA DE UN NUEVO DETALLE DE LA CLASIFICACIÓN EN VERDE'),
(566, 'DETALLE_CLASIFICACION_VERDE', 231, '2018-12-05 10:45:41', 'I', 1, '192.168.154.123', 'INSERCIÓN SATISFACTORIA DE UN NUEVO DETALLE DE LA CLASIFICACIÓN EN VERDE'),
(567, 'DETALLE_CLASIFICACION_VERDE', 232, '2018-12-05 10:46:56', 'I', 1, '192.168.154.123', 'INSERCIÓN SATISFACTORIA DE UN NUEVO DETALLE DE LA CLASIFICACIÓN EN VERDE'),
(568, 'DETALLE_CLASIFICACION_VERDE', 233, '2018-12-05 10:46:56', 'I', 1, '192.168.154.123', 'INSERCIÓN SATISFACTORIA DE UN NUEVO DETALLE DE LA CLASIFICACIÓN EN VERDE'),
(569, 'DETALLE_CLASIFICACION_VERDE', 234, '2018-12-05 10:46:56', 'I', 1, '192.168.154.123', 'INSERCIÓN SATISFACTORIA DE UN NUEVO DETALLE DE LA CLASIFICACIÓN EN VERDE'),
(570, 'DETALLE_CLASIFICACION_VERDE', 235, '2018-12-05 10:46:56', 'I', 1, '192.168.154.123', 'INSERCIÓN SATISFACTORIA DE UN NUEVO DETALLE DE LA CLASIFICACIÓN EN VERDE'),
(571, 'DETALLE_CLASIFICACION_VERDE', 236, '2018-12-05 10:47:26', 'I', 1, '192.168.154.123', 'INSERCIÓN SATISFACTORIA DE UN NUEVO DETALLE DE LA CLASIFICACIÓN EN VERDE'),
(572, 'DETALLE_CLASIFICACION_VERDE', 237, '2018-12-05 10:47:26', 'I', 1, '192.168.154.123', 'INSERCIÓN SATISFACTORIA DE UN NUEVO DETALLE DE LA CLASIFICACIÓN EN VERDE'),
(573, 'DETALLE_CLASIFICACION_VERDE', 238, '2018-12-05 10:47:26', 'I', 1, '192.168.154.123', 'INSERCIÓN SATISFACTORIA DE UN NUEVO DETALLE DE LA CLASIFICACIÓN EN VERDE'),
(574, 'DETALLE_CLASIFICACION_VERDE', 239, '2018-12-05 10:47:27', 'I', 1, '192.168.154.123', 'INSERCIÓN SATISFACTORIA DE UN NUEVO DETALLE DE LA CLASIFICACIÓN EN VERDE'),
(575, 'DETALLE_CLASIFICACION_VERDE', 240, '2018-12-05 10:48:29', 'I', 1, '192.168.154.123', 'INSERCIÓN SATISFACTORIA DE UN NUEVO DETALLE DE LA CLASIFICACIÓN EN VERDE'),
(576, 'DETALLE_CLASIFICACION_VERDE', 241, '2018-12-05 10:48:29', 'I', 1, '192.168.154.123', 'INSERCIÓN SATISFACTORIA DE UN NUEVO DETALLE DE LA CLASIFICACIÓN EN VERDE'),
(577, 'DETALLE_CLASIFICACION_VERDE', 242, '2018-12-05 10:48:29', 'I', 1, '192.168.154.123', 'INSERCIÓN SATISFACTORIA DE UN NUEVO DETALLE DE LA CLASIFICACIÓN EN VERDE'),
(578, 'DETALLE_CLASIFICACION_VERDE', 243, '2018-12-05 10:48:29', 'I', 1, '192.168.154.123', 'INSERCIÓN SATISFACTORIA DE UN NUEVO DETALLE DE LA CLASIFICACIÓN EN VERDE'),
(579, 'AGENCIA_TRANPOSRTE', 1, '2018-12-05 11:12:09', 'I', 3, '192.168.154.74', 'INSERCIÓN SATISFACTORIA DE UNA NUEVA AGENCIA DE TRANSPORTE'),
(580, 'LOTE_RE', 119, '2018-12-05 11:17:50', 'I', 1, '192.168.154.123', 'INSERCIÓN SATISFACTORIA DE UN NUEVO LOTE RE'),
(581, 'STOCK_APERTURA', 119, '2018-12-05 11:17:50', 'I', 1, '192.168.154.123', 'INSERCIÓN SATISFACTORIA DE UN NUEVO LOTE RE A STOCK'),
(582, 'LOTE_RE', 120, '2018-12-05 11:17:50', 'I', 1, '192.168.154.123', 'INSERCIÓN SATISFACTORIA DE UN NUEVO LOTE RE'),
(583, 'STOCK_APERTURA', 120, '2018-12-05 11:17:50', 'I', 1, '192.168.154.123', 'INSERCIÓN SATISFACTORIA DE UN NUEVO LOTE RE A STOCK'),
(584, 'LOTE_RE', 121, '2018-12-05 11:17:50', 'I', 1, '192.168.154.123', 'INSERCIÓN SATISFACTORIA DE UN NUEVO LOTE RE'),
(585, 'STOCK_APERTURA', 121, '2018-12-05 11:17:50', 'I', 1, '192.168.154.123', 'INSERCIÓN SATISFACTORIA DE UN NUEVO LOTE RE A STOCK'),
(586, 'LOTE_RE', 122, '2018-12-05 11:17:51', 'I', 1, '192.168.154.123', 'INSERCIÓN SATISFACTORIA DE UN NUEVO LOTE RE'),
(587, 'STOCK_APERTURA', 122, '2018-12-05 11:17:51', 'I', 1, '192.168.154.123', 'INSERCIÓN SATISFACTORIA DE UN NUEVO LOTE RE A STOCK'),
(588, 'LOTE_RE', 123, '2018-12-05 11:17:51', 'I', 1, '192.168.154.123', 'INSERCIÓN SATISFACTORIA DE UN NUEVO LOTE RE'),
(589, 'LOTE_RE', 124, '2018-12-05 11:31:08', 'I', 1, '192.168.154.123', 'INSERCIÓN SATISFACTORIA DE UN NUEVO LOTE RE'),
(590, 'STOCK_APERTURA', 123, '2018-12-05 11:31:08', 'I', 1, '192.168.154.123', 'INSERCIÓN SATISFACTORIA DE UN NUEVO LOTE RE A STOCK'),
(591, 'LOTE_RE', 125, '2018-12-05 11:31:08', 'I', 1, '192.168.154.123', 'INSERCIÓN SATISFACTORIA DE UN NUEVO LOTE RE'),
(592, 'STOCK_APERTURA', 124, '2018-12-05 11:31:08', 'I', 1, '192.168.154.123', 'INSERCIÓN SATISFACTORIA DE UN NUEVO LOTE RE A STOCK'),
(593, 'LOTE_RE', 126, '2018-12-05 11:31:09', 'I', 1, '192.168.154.123', 'INSERCIÓN SATISFACTORIA DE UN NUEVO LOTE RE'),
(594, 'STOCK_APERTURA', 125, '2018-12-05 11:31:09', 'I', 1, '192.168.154.123', 'INSERCIÓN SATISFACTORIA DE UN NUEVO LOTE RE A STOCK'),
(595, 'LOTE_RE', 127, '2018-12-05 11:31:09', 'I', 1, '192.168.154.123', 'INSERCIÓN SATISFACTORIA DE UN NUEVO LOTE RE'),
(596, 'STOCK_APERTURA', 126, '2018-12-05 11:31:09', 'I', 1, '192.168.154.123', 'INSERCIÓN SATISFACTORIA DE UN NUEVO LOTE RE A STOCK'),
(597, 'AGENCIA_TRANPOSRTE', 2, '2018-12-05 11:40:10', 'I', 3, '192.168.154.74', 'INSERCIÓN SATISFACTORIA DE UNA NUEVA AGENCIA DE TRANSPORTE'),
(598, 'AGENCIA_TRANPOSRTE', 3, '2018-12-05 11:41:16', 'I', 3, '192.168.154.74', 'INSERCIÓN SATISFACTORIA DE UNA NUEVA AGENCIA DE TRANSPORTE'),
(599, 'AGENCIA_TRANPOSRTE', 3, '2018-12-05 11:43:30', 'I', 3, '192.168.154.74', 'INSERCIÓN SATISFACTORIA DE UNA NUEVA AGENCIA DE TRANSPORTE'),
(600, 'AGENCIA_TRANSPORTE', 2, '2018-12-05 12:13:19', 'U', 3, '192.168.154.74', 'ACTUALIZACIÓN SATISFACTORIA DEL ESTADO DE LA AGENCIA DE TRANSPORTELKUGUYFTU'),
(601, 'AGENCIA_TRANSPORTE', 2, '2018-12-05 12:13:26', 'U', 3, '192.168.154.74', 'ACTUALIZACIÓN SATISFACTORIA DEL ESTADO DE LA AGENCIA DE TRANSPORTELKUGUYFTU'),
(602, 'AGENCIA_TRANSPORTE', 2, '2018-12-05 12:16:33', 'U', 3, '192.168.154.74', 'ACTUALIZACIÓN SATISFACTORIA DEL ESTADO DE LA AGENCIA DE TRANSPORTELKUGUYFTU'),
(603, 'AGENCIA_TRANSPORTE', 2, '2018-12-05 12:16:37', 'U', 3, '192.168.154.74', 'ACTUALIZACIÓN SATISFACTORIA DEL ESTADO DE LA AGENCIA DE TRANSPORTELKUGUYFTU'),
(604, 'AGENCIA_TRANSPORTE', 2, '2018-12-05 12:17:48', 'U', 3, '192.168.154.74', 'ACTUALIZACIÓN SATISFACTORIA DEL ESTADO DE LA AGENCIA DE TRANSPORTELKUGUYFTU'),
(605, 'AGENCIA_TRANSPORTE', 2, '2018-12-05 12:17:52', 'U', 3, '192.168.154.74', 'ACTUALIZACIÓN SATISFACTORIA DEL ESTADO DE LA AGENCIA DE TRANSPORTELKUGUYFTU'),
(606, 'AGENCIA_TRANSPORTE', 2, '2018-12-05 12:18:40', 'U', 3, '192.168.154.74', 'ACTUALIZACIÓN SATISFACTORIA DEL ESTADO DE LA AGENCIA DE TRANSPORTELKUGUYFTU'),
(607, 'AGENCIA_TRANSPORTE', 2, '2018-12-05 12:18:44', 'U', 3, '192.168.154.74', 'ACTUALIZACIÓN SATISFACTORIA DEL ESTADO DE LA AGENCIA DE TRANSPORTELKUGUYFTU'),
(608, 'VARIEDAD', 1, '2018-12-05 13:00:12', 'U', 1, '192.168.154.123', 'ACTUALIZACIÓN SATISFACTORIA DE UNA VARIEDAD'),
(609, 'USUARIO', 1, '2018-12-05 13:08:09', 'C', 1, '192.168.154.123', 'CERRADO DE SESSION SATISFACTORIO'),
(610, 'USUARIO', 1, '2018-12-05 14:06:27', 'L', 1, '192.168.154.71', 'INICIO DE SESIÓN SATISFACTORIO. USUARIO:RAFAEL PRATS RECASEN'),
(611, 'USUARIO', 3, '2018-12-05 14:39:46', 'L', 3, '192.168.154.74', 'INICIO DE SESIÓN SATISFACTORIO. USUARIO:OBRIAN VILLASMIL'),
(612, 'USUARIO', 3, '2018-12-06 08:10:30', 'L', 3, '192.168.154.74', 'INICIO DE SESIÓN SATISFACTORIO. USUARIO:OBRIAN VILLASMIL'),
(613, 'USUARIO', 1, '2018-12-06 08:10:34', 'L', 1, '192.168.154.71', 'INICIO DE SESIÓN SATISFACTORIO. USUARIO:RAFAEL PRATS RECASEN'),
(614, 'USUARIO', 1, '2018-12-06 09:43:57', 'L', 1, '192.168.154.141', 'INICIO DE SESIÓN SATISFACTORIO. USUARIO:RAFAEL PRATS RECASEN'),
(615, 'CLASIFICACION_UNITARIA', 6, '2018-12-06 10:15:33', 'U', 1, '192.168.154.141', 'ACTUALIZACIÓN SATISFACTORIA DE UNA CALSIFICACIÓN'),
(616, 'CONFIGURACION_EMPRESA', 6, '2018-12-06 10:16:14', 'I', 1, '192.168.154.141', 'INSERCIÓN SATISFACTORIA DE UNA NUEVA CLASIFICACIÓN UNITARIA'),
(617, 'CONFIGURACION_EMPRESA', 6, '2018-12-06 10:16:14', 'I', 1, '192.168.154.141', 'INSERCIÓN SATISFACTORIA DE UNA NUEVA CLASIFICACIÓN UNITARIA'),
(618, 'CONFIGURACION_EMPRESA', 6, '2018-12-06 10:16:14', 'I', 1, '192.168.154.141', 'INSERCIÓN SATISFACTORIA DE UNA NUEVA CLASIFICACIÓN UNITARIA'),
(619, 'CONFIGURACION_EMPRESA', 6, '2018-12-06 10:16:14', 'I', 1, '192.168.154.141', 'INSERCIÓN SATISFACTORIA DE UNA NUEVA CLASIFICACIÓN UNITARIA'),
(620, 'CONFIGURACION_EMPRESA', 6, '2018-12-06 10:16:15', 'I', 1, '192.168.154.141', 'INSERCIÓN SATISFACTORIA DE UNA NUEVA CLASIFICACIÓN UNITARIA'),
(621, 'CLASIFICACION_RAMO', 6, '2018-12-06 10:16:15', 'I', 1, '192.168.154.141', 'INSERCIÓN SATISFACTORIA DE UNA NUEVA CLASIFICACIÓN POR RAMOS'),
(622, 'CLASIFICACION_RAMO', 6, '2018-12-06 10:16:15', 'I', 1, '192.168.154.141', 'INSERCIÓN SATISFACTORIA DE UNA NUEVA CLASIFICACIÓN POR RAMOS'),
(623, 'CLASIFICACION_RAMO', 6, '2018-12-06 10:16:15', 'I', 1, '192.168.154.141', 'INSERCIÓN SATISFACTORIA DE UNA NUEVA CLASIFICACIÓN POR RAMOS'),
(624, 'CLASIFICACION_RAMO', 6, '2018-12-06 10:16:15', 'I', 1, '192.168.154.141', 'INSERCIÓN SATISFACTORIA DE UNA NUEVA CLASIFICACIÓN POR RAMOS'),
(625, 'CLASIFICACION_RAMO', 6, '2018-12-06 10:16:15', 'I', 1, '192.168.154.141', 'INSERCIÓN SATISFACTORIA DE UNA NUEVA CLASIFICACIÓN POR RAMOS'),
(626, 'CLASIFICACION_RAMO', 6, '2018-12-06 10:16:15', 'I', 1, '192.168.154.141', 'INSERCIÓN SATISFACTORIA DE UNA NUEVA CLASIFICACIÓN POR RAMOS'),
(627, 'CLASIFICACION_RAMO', 12, '2018-12-06 10:16:15', 'I', 1, '192.168.154.141', 'INSERCIÓN SATISFACTORIA DE UN NUEVO EMPAQUE'),
(628, 'CLASIFICACION_RAMO', 12, '2018-12-06 10:16:15', 'I', 1, '192.168.154.141', 'INSERCIÓN SATISFACTORIA DE UN NUEVO EMPAQUE'),
(629, 'CLASIFICACION_RAMO', 12, '2018-12-06 10:16:15', 'I', 1, '192.168.154.141', 'INSERCIÓN SATISFACTORIA DE UN NUEVO EMPAQUE'),
(630, 'CLASIFICACION_RAMO', 12, '2018-12-06 10:16:15', 'I', 1, '192.168.154.141', 'INSERCIÓN SATISFACTORIA DE UN NUEVO EMPAQUE'),
(631, 'CLASIFICACION_RAMO', 12, '2018-12-06 10:16:15', 'I', 1, '192.168.154.141', 'INSERCIÓN SATISFACTORIA DE UN NUEVO EMPAQUE'),
(632, 'CLASIFICACION_RAMO', 12, '2018-12-06 10:16:15', 'I', 1, '192.168.154.141', 'INSERCIÓN SATISFACTORIA DE UN NUEVO EMPAQUE'),
(633, 'CLASIFICACION_RAMO', 12, '2018-12-06 10:16:15', 'I', 1, '192.168.154.141', 'INSERCIÓN SATISFACTORIA DE UN NUEVO EMPAQUE'),
(634, 'CLASIFICACION_RAMO', 12, '2018-12-06 10:16:15', 'I', 1, '192.168.154.141', 'INSERCIÓN SATISFACTORIA DE UN NUEVO EMPAQUE'),
(635, 'CONFIGURACION_EMPRESA', 6, '2018-12-06 10:19:09', 'I', 1, '192.168.154.141', 'INSERCIÓN SATISFACTORIA DE UNA NUEVA CLASIFICACIÓN UNITARIA'),
(636, 'CONFIGURACION_EMPRESA', 6, '2018-12-06 10:19:09', 'I', 1, '192.168.154.141', 'INSERCIÓN SATISFACTORIA DE UNA NUEVA CLASIFICACIÓN UNITARIA'),
(637, 'CONFIGURACION_EMPRESA', 6, '2018-12-06 10:19:09', 'I', 1, '192.168.154.141', 'INSERCIÓN SATISFACTORIA DE UNA NUEVA CLASIFICACIÓN UNITARIA'),
(638, 'CONFIGURACION_EMPRESA', 6, '2018-12-06 10:19:09', 'I', 1, '192.168.154.141', 'INSERCIÓN SATISFACTORIA DE UNA NUEVA CLASIFICACIÓN UNITARIA'),
(639, 'CONFIGURACION_EMPRESA', 6, '2018-12-06 10:19:09', 'I', 1, '192.168.154.141', 'INSERCIÓN SATISFACTORIA DE UNA NUEVA CLASIFICACIÓN UNITARIA'),
(640, 'CLASIFICACION_RAMO', 6, '2018-12-06 10:19:09', 'I', 1, '192.168.154.141', 'INSERCIÓN SATISFACTORIA DE UNA NUEVA CLASIFICACIÓN POR RAMOS'),
(641, 'CLASIFICACION_RAMO', 6, '2018-12-06 10:19:09', 'I', 1, '192.168.154.141', 'INSERCIÓN SATISFACTORIA DE UNA NUEVA CLASIFICACIÓN POR RAMOS'),
(642, 'CLASIFICACION_RAMO', 6, '2018-12-06 10:19:09', 'I', 1, '192.168.154.141', 'INSERCIÓN SATISFACTORIA DE UNA NUEVA CLASIFICACIÓN POR RAMOS'),
(643, 'CLASIFICACION_RAMO', 6, '2018-12-06 10:19:09', 'I', 1, '192.168.154.141', 'INSERCIÓN SATISFACTORIA DE UNA NUEVA CLASIFICACIÓN POR RAMOS'),
(644, 'CLASIFICACION_RAMO', 6, '2018-12-06 10:19:09', 'I', 1, '192.168.154.141', 'INSERCIÓN SATISFACTORIA DE UNA NUEVA CLASIFICACIÓN POR RAMOS'),
(645, 'CLASIFICACION_RAMO', 6, '2018-12-06 10:19:09', 'I', 1, '192.168.154.141', 'INSERCIÓN SATISFACTORIA DE UNA NUEVA CLASIFICACIÓN POR RAMOS'),
(646, 'CLASIFICACION_RAMO', 12, '2018-12-06 10:19:09', 'I', 1, '192.168.154.141', 'INSERCIÓN SATISFACTORIA DE UN NUEVO EMPAQUE'),
(647, 'CLASIFICACION_RAMO', 12, '2018-12-06 10:19:09', 'I', 1, '192.168.154.141', 'INSERCIÓN SATISFACTORIA DE UN NUEVO EMPAQUE'),
(648, 'CLASIFICACION_RAMO', 12, '2018-12-06 10:19:09', 'I', 1, '192.168.154.141', 'INSERCIÓN SATISFACTORIA DE UN NUEVO EMPAQUE'),
(649, 'CLASIFICACION_RAMO', 12, '2018-12-06 10:19:09', 'I', 1, '192.168.154.141', 'INSERCIÓN SATISFACTORIA DE UN NUEVO EMPAQUE'),
(650, 'CLASIFICACION_RAMO', 12, '2018-12-06 10:19:09', 'I', 1, '192.168.154.141', 'INSERCIÓN SATISFACTORIA DE UN NUEVO EMPAQUE'),
(651, 'CLASIFICACION_RAMO', 12, '2018-12-06 10:19:10', 'I', 1, '192.168.154.141', 'INSERCIÓN SATISFACTORIA DE UN NUEVO EMPAQUE'),
(652, 'CLASIFICACION_RAMO', 12, '2018-12-06 10:19:10', 'I', 1, '192.168.154.141', 'INSERCIÓN SATISFACTORIA DE UN NUEVO EMPAQUE'),
(653, 'CLASIFICACION_RAMO', 12, '2018-12-06 10:19:10', 'I', 1, '192.168.154.141', 'INSERCIÓN SATISFACTORIA DE UN NUEVO EMPAQUE'),
(654, 'USUARIO', 1, '2018-12-06 10:29:54', 'C', 1, '192.168.154.141', 'CERRADO DE SESSION SATISFACTORIO'),
(655, 'CLASIFICACION_UNITARIA', 6, '2018-12-06 12:08:58', 'U', 3, '192.168.154.74', 'ACTUALIZACIÓN SATISFACTORIA DE UNA CALSIFICACIÓN'),
(656, 'CLASIFICACION_UNITARIA', 6, '2018-12-06 12:09:02', 'U', 3, '192.168.154.74', 'ACTUALIZACIÓN SATISFACTORIA DE UNA CALSIFICACIÓN'),
(657, 'VARIEDAD', 1, '2018-12-06 12:20:54', 'U', 3, '192.168.154.74', 'ACTUALIZACIÓN SATISFACTORIA DE UNA VARIEDAD'),
(658, 'VARIEDAD', 1, '2018-12-06 12:21:07', 'U', 3, '192.168.154.74', 'ACTUALIZACIÓN SATISFACTORIA DE UNA VARIEDAD'),
(659, 'VARIEDAD', 1, '2018-12-06 12:21:16', 'U', 3, '192.168.154.74', 'ACTUALIZACIÓN SATISFACTORIA DE UNA VARIEDAD'),
(660, 'CONFIGURACION_EMPRESA', 6, '2018-12-06 12:55:13', 'I', 1, '192.168.154.71', 'INSERCIÓN SATISFACTORIA DE UNA NUEVA CLASIFICACIÓN UNITARIA'),
(661, 'CONFIGURACION_EMPRESA', 6, '2018-12-06 12:55:13', 'I', 1, '192.168.154.71', 'INSERCIÓN SATISFACTORIA DE UNA NUEVA CLASIFICACIÓN UNITARIA'),
(662, 'CONFIGURACION_EMPRESA', 6, '2018-12-06 12:55:13', 'I', 1, '192.168.154.71', 'INSERCIÓN SATISFACTORIA DE UNA NUEVA CLASIFICACIÓN UNITARIA'),
(663, 'CONFIGURACION_EMPRESA', 6, '2018-12-06 12:55:13', 'I', 1, '192.168.154.71', 'INSERCIÓN SATISFACTORIA DE UNA NUEVA CLASIFICACIÓN UNITARIA'),
(664, 'CONFIGURACION_EMPRESA', 6, '2018-12-06 12:55:14', 'I', 1, '192.168.154.71', 'INSERCIÓN SATISFACTORIA DE UNA NUEVA CLASIFICACIÓN UNITARIA'),
(665, 'CLASIFICACION_RAMO', 6, '2018-12-06 12:55:14', 'I', 1, '192.168.154.71', 'INSERCIÓN SATISFACTORIA DE UNA NUEVA CLASIFICACIÓN POR RAMOS'),
(666, 'CLASIFICACION_RAMO', 6, '2018-12-06 12:55:14', 'I', 1, '192.168.154.71', 'INSERCIÓN SATISFACTORIA DE UNA NUEVA CLASIFICACIÓN POR RAMOS'),
(667, 'CLASIFICACION_RAMO', 6, '2018-12-06 12:55:14', 'I', 1, '192.168.154.71', 'INSERCIÓN SATISFACTORIA DE UNA NUEVA CLASIFICACIÓN POR RAMOS'),
(668, 'CLASIFICACION_RAMO', 6, '2018-12-06 12:55:14', 'I', 1, '192.168.154.71', 'INSERCIÓN SATISFACTORIA DE UNA NUEVA CLASIFICACIÓN POR RAMOS'),
(669, 'CLASIFICACION_RAMO', 6, '2018-12-06 12:55:14', 'I', 1, '192.168.154.71', 'INSERCIÓN SATISFACTORIA DE UNA NUEVA CLASIFICACIÓN POR RAMOS'),
(670, 'CLASIFICACION_RAMO', 6, '2018-12-06 12:55:14', 'I', 1, '192.168.154.71', 'INSERCIÓN SATISFACTORIA DE UNA NUEVA CLASIFICACIÓN POR RAMOS'),
(671, 'CLASIFICACION_RAMO', 12, '2018-12-06 12:55:14', 'I', 1, '192.168.154.71', 'INSERCIÓN SATISFACTORIA DE UN NUEVO EMPAQUE'),
(672, 'CLASIFICACION_RAMO', 12, '2018-12-06 12:55:14', 'I', 1, '192.168.154.71', 'INSERCIÓN SATISFACTORIA DE UN NUEVO EMPAQUE'),
(673, 'CLASIFICACION_RAMO', 12, '2018-12-06 12:55:14', 'I', 1, '192.168.154.71', 'INSERCIÓN SATISFACTORIA DE UN NUEVO EMPAQUE'),
(674, 'CLASIFICACION_RAMO', 12, '2018-12-06 12:55:14', 'I', 1, '192.168.154.71', 'INSERCIÓN SATISFACTORIA DE UN NUEVO EMPAQUE'),
(675, 'CLASIFICACION_RAMO', 12, '2018-12-06 12:55:14', 'I', 1, '192.168.154.71', 'INSERCIÓN SATISFACTORIA DE UN NUEVO EMPAQUE'),
(676, 'CLASIFICACION_RAMO', 12, '2018-12-06 12:55:14', 'I', 1, '192.168.154.71', 'INSERCIÓN SATISFACTORIA DE UN NUEVO EMPAQUE'),
(677, 'CLASIFICACION_RAMO', 12, '2018-12-06 12:55:14', 'I', 1, '192.168.154.71', 'INSERCIÓN SATISFACTORIA DE UN NUEVO EMPAQUE'),
(678, 'CLASIFICACION_RAMO', 12, '2018-12-06 12:55:14', 'I', 1, '192.168.154.71', 'INSERCIÓN SATISFACTORIA DE UN NUEVO EMPAQUE'),
(679, 'USUARIO', 1, '2018-12-10 08:15:49', 'L', 1, '127.0.0.1', 'INICIO DE SESIÓN SATISFACTORIO. USUARIO:RAFAEL PRATS RECASEN'),
(680, 'USUARIO', 3, '2018-12-10 08:18:58', 'L', 3, '192.168.154.74', 'INICIO DE SESIÓN SATISFACTORIO. USUARIO:OBRIAN VILLASMIL'),
(681, 'CLASIFICACION_UNITARIA', 2, '2018-12-10 10:34:40', 'U', 1, '127.0.0.1', 'ACTUALIZACIÓN SATISFACTORIA DE UNA CLASIFICACIÓN UNITARIA'),
(682, 'CLASIFICACION_UNITARIA', 2, '2018-12-10 10:34:48', 'U', 1, '127.0.0.1', 'ACTUALIZACIÓN SATISFACTORIA DE UNA CLASIFICACIÓN UNITARIA'),
(683, 'CONFIGURACION_EMPRESA', 6, '2018-12-10 10:35:32', 'I', 1, '127.0.0.1', 'INSERCIÓN SATISFACTORIA DE UNA NUEVA CLASIFICACIÓN UNITARIA'),
(684, 'CONFIGURACION_EMPRESA', 6, '2018-12-10 10:35:32', 'I', 1, '127.0.0.1', 'INSERCIÓN SATISFACTORIA DE UNA NUEVA CLASIFICACIÓN UNITARIA'),
(685, 'CONFIGURACION_EMPRESA', 6, '2018-12-10 10:35:32', 'I', 1, '127.0.0.1', 'INSERCIÓN SATISFACTORIA DE UNA NUEVA CLASIFICACIÓN UNITARIA'),
(686, 'CONFIGURACION_EMPRESA', 6, '2018-12-10 10:35:32', 'I', 1, '127.0.0.1', 'INSERCIÓN SATISFACTORIA DE UNA NUEVA CLASIFICACIÓN UNITARIA'),
(687, 'CONFIGURACION_EMPRESA', 6, '2018-12-10 10:35:32', 'I', 1, '127.0.0.1', 'INSERCIÓN SATISFACTORIA DE UNA NUEVA CLASIFICACIÓN UNITARIA'),
(688, 'CONFIGURACION_EMPRESA', 6, '2018-12-10 10:37:41', 'I', 1, '127.0.0.1', 'INSERCIÓN SATISFACTORIA DE UNA NUEVA CLASIFICACIÓN UNITARIA'),
(689, 'CONFIGURACION_EMPRESA', 6, '2018-12-10 10:37:41', 'I', 1, '127.0.0.1', 'INSERCIÓN SATISFACTORIA DE UNA NUEVA CLASIFICACIÓN UNITARIA'),
(690, 'CONFIGURACION_EMPRESA', 6, '2018-12-10 10:37:41', 'I', 1, '127.0.0.1', 'INSERCIÓN SATISFACTORIA DE UNA NUEVA CLASIFICACIÓN UNITARIA'),
(691, 'CONFIGURACION_EMPRESA', 6, '2018-12-10 10:37:41', 'I', 1, '127.0.0.1', 'INSERCIÓN SATISFACTORIA DE UNA NUEVA CLASIFICACIÓN UNITARIA'),
(692, 'CONFIGURACION_EMPRESA', 6, '2018-12-10 10:37:41', 'I', 1, '127.0.0.1', 'INSERCIÓN SATISFACTORIA DE UNA NUEVA CLASIFICACIÓN UNITARIA'),
(693, 'CONFIGURACION_EMPRESA', 7, '2018-12-10 10:37:41', 'I', 1, '127.0.0.1', 'INSERCIÓN SATISFACTORIA DE UNA NUEVA CLASIFICACIÓN UNITARIA'),
(694, 'CLASIFICACION_RAMO', 6, '2018-12-10 10:37:41', 'I', 1, '127.0.0.1', 'INSERCIÓN SATISFACTORIA DE UNA NUEVA CLASIFICACIÓN POR RAMOS'),
(695, 'CLASIFICACION_RAMO', 6, '2018-12-10 10:37:41', 'I', 1, '127.0.0.1', 'INSERCIÓN SATISFACTORIA DE UNA NUEVA CLASIFICACIÓN POR RAMOS'),
(696, 'CLASIFICACION_RAMO', 6, '2018-12-10 10:37:41', 'I', 1, '127.0.0.1', 'INSERCIÓN SATISFACTORIA DE UNA NUEVA CLASIFICACIÓN POR RAMOS'),
(697, 'CLASIFICACION_RAMO', 6, '2018-12-10 10:37:41', 'I', 1, '127.0.0.1', 'INSERCIÓN SATISFACTORIA DE UNA NUEVA CLASIFICACIÓN POR RAMOS'),
(698, 'CLASIFICACION_RAMO', 6, '2018-12-10 10:37:41', 'I', 1, '127.0.0.1', 'INSERCIÓN SATISFACTORIA DE UNA NUEVA CLASIFICACIÓN POR RAMOS'),
(699, 'CLASIFICACION_RAMO', 6, '2018-12-10 10:37:41', 'I', 1, '127.0.0.1', 'INSERCIÓN SATISFACTORIA DE UNA NUEVA CLASIFICACIÓN POR RAMOS'),
(700, 'CLASIFICACION_RAMO', 12, '2018-12-10 10:37:41', 'I', 1, '127.0.0.1', 'INSERCIÓN SATISFACTORIA DE UN NUEVO EMPAQUE'),
(701, 'CLASIFICACION_RAMO', 12, '2018-12-10 10:37:41', 'I', 1, '127.0.0.1', 'INSERCIÓN SATISFACTORIA DE UN NUEVO EMPAQUE'),
(702, 'CLASIFICACION_RAMO', 12, '2018-12-10 10:37:41', 'I', 1, '127.0.0.1', 'INSERCIÓN SATISFACTORIA DE UN NUEVO EMPAQUE'),
(703, 'CLASIFICACION_RAMO', 12, '2018-12-10 10:37:41', 'I', 1, '127.0.0.1', 'INSERCIÓN SATISFACTORIA DE UN NUEVO EMPAQUE'),
(704, 'CLASIFICACION_RAMO', 12, '2018-12-10 10:37:41', 'I', 1, '127.0.0.1', 'INSERCIÓN SATISFACTORIA DE UN NUEVO EMPAQUE'),
(705, 'CLASIFICACION_RAMO', 12, '2018-12-10 10:37:41', 'I', 1, '127.0.0.1', 'INSERCIÓN SATISFACTORIA DE UN NUEVO EMPAQUE'),
(706, 'CLASIFICACION_RAMO', 12, '2018-12-10 10:37:41', 'I', 1, '127.0.0.1', 'INSERCIÓN SATISFACTORIA DE UN NUEVO EMPAQUE'),
(707, 'CLASIFICACION_RAMO', 12, '2018-12-10 10:37:42', 'I', 1, '127.0.0.1', 'INSERCIÓN SATISFACTORIA DE UN NUEVO EMPAQUE');
INSERT INTO `bitacora` (`id_bitacora`, `tabla`, `codigo`, `fecha_registro`, `accion`, `id_usuario`, `ip`, `observacion`) VALUES
(708, 'CLASIFICACION_UNITARIA', 7, '2018-12-10 10:41:00', 'U', 1, '127.0.0.1', 'ACTUALIZACIÓN SATISFACTORIA DE UNA CLASIFICACIÓN UNITARIA'),
(709, 'CLASIFICACION_UNITARIA', 3, '2018-12-10 11:20:06', 'U', 1, '127.0.0.1', 'ACTUALIZACIÓN SATISFACTORIA DE UNA CLASIFICACIÓN UNITARIA'),
(710, 'CLASIFICACION_RAMO', 6, '2018-12-10 11:43:12', 'U', 1, '127.0.0.1', 'ACTUALIZACIÓN SATISFACTORIA DE UNA CLASIFICACIÓN DE RAMO'),
(711, 'CLASIFICACION_RAMO', 6, '2018-12-10 11:43:17', 'U', 1, '127.0.0.1', 'ACTUALIZACIÓN SATISFACTORIA DE UNA CLASIFICACIÓN DE RAMO'),
(712, 'CLASIFICACION_UNITARIA', 6, '2018-12-10 11:43:46', 'U', 1, '127.0.0.1', 'ACTUALIZACIÓN SATISFACTORIA DE UNA CLASIFICACIÓN UNITARIA'),
(713, 'CLASIFICACION_UNITARIA', 6, '2018-12-10 12:25:18', 'U', 1, '127.0.0.1', 'ACTUALIZACIÓN SATISFACTORIA DE UNA CLASIFICACIÓN UNITARIA'),
(714, 'CLASIFICACION_UNITARIA', 6, '2018-12-10 12:25:41', 'U', 1, '127.0.0.1', 'ACTUALIZACIÓN SATISFACTORIA DE UNA CLASIFICACIÓN UNITARIA'),
(715, 'CLASIFICACION_VERDE', 1, '2018-12-10 12:26:27', 'I', 1, '127.0.0.1', 'INSERCIÓN SATISFACTORIA DE UNA NUEVA CLASIFICACIÓN EN VERDE'),
(716, 'DETALLE_CLASIFICACION_VERDE', 1, '2018-12-10 12:26:27', 'I', 1, '127.0.0.1', 'INSERCIÓN SATISFACTORIA DE UN NUEVO DETALLE DE LA CLASIFICACIÓN EN VERDE'),
(717, 'DETALLE_CLASIFICACION_VERDE', 2, '2018-12-10 12:26:27', 'I', 1, '127.0.0.1', 'INSERCIÓN SATISFACTORIA DE UN NUEVO DETALLE DE LA CLASIFICACIÓN EN VERDE'),
(718, 'DETALLE_CLASIFICACION_VERDE', 3, '2018-12-10 12:26:27', 'I', 1, '127.0.0.1', 'INSERCIÓN SATISFACTORIA DE UN NUEVO DETALLE DE LA CLASIFICACIÓN EN VERDE'),
(719, 'DETALLE_CLASIFICACION_VERDE', 4, '2018-12-10 12:26:28', 'I', 1, '127.0.0.1', 'INSERCIÓN SATISFACTORIA DE UN NUEVO DETALLE DE LA CLASIFICACIÓN EN VERDE'),
(720, 'DETALLE_CLASIFICACION_VERDE', 5, '2018-12-10 12:26:28', 'I', 1, '127.0.0.1', 'INSERCIÓN SATISFACTORIA DE UN NUEVO DETALLE DE LA CLASIFICACIÓN EN VERDE'),
(721, 'DETALLE_CLASIFICACION_VERDE', 6, '2018-12-10 12:29:02', 'I', 1, '127.0.0.1', 'INSERCIÓN SATISFACTORIA DE UN NUEVO DETALLE DE LA CLASIFICACIÓN EN VERDE'),
(722, 'DETALLE_CLASIFICACION_VERDE', 7, '2018-12-10 12:29:02', 'I', 1, '127.0.0.1', 'INSERCIÓN SATISFACTORIA DE UN NUEVO DETALLE DE LA CLASIFICACIÓN EN VERDE'),
(723, 'DETALLE_CLASIFICACION_VERDE', 8, '2018-12-10 12:29:02', 'I', 1, '127.0.0.1', 'INSERCIÓN SATISFACTORIA DE UN NUEVO DETALLE DE LA CLASIFICACIÓN EN VERDE'),
(724, 'DETALLE_CLASIFICACION_VERDE', 9, '2018-12-10 12:29:02', 'I', 1, '127.0.0.1', 'INSERCIÓN SATISFACTORIA DE UN NUEVO DETALLE DE LA CLASIFICACIÓN EN VERDE'),
(725, 'DETALLE_CLASIFICACION_VERDE', 10, '2018-12-10 12:29:02', 'I', 1, '127.0.0.1', 'INSERCIÓN SATISFACTORIA DE UN NUEVO DETALLE DE LA CLASIFICACIÓN EN VERDE'),
(726, 'DETALLE_CLASIFICACION_VERDE', 11, '2018-12-10 12:29:02', 'I', 1, '127.0.0.1', 'INSERCIÓN SATISFACTORIA DE UN NUEVO DETALLE DE LA CLASIFICACIÓN EN VERDE'),
(727, 'DETALLE_CLASIFICACION_VERDE', 12, '2018-12-10 12:29:28', 'I', 1, '127.0.0.1', 'INSERCIÓN SATISFACTORIA DE UN NUEVO DETALLE DE LA CLASIFICACIÓN EN VERDE'),
(728, 'DETALLE_CLASIFICACION_VERDE', 13, '2018-12-10 12:29:28', 'I', 1, '127.0.0.1', 'INSERCIÓN SATISFACTORIA DE UN NUEVO DETALLE DE LA CLASIFICACIÓN EN VERDE'),
(729, 'DETALLE_CLASIFICACION_VERDE', 14, '2018-12-10 12:29:28', 'I', 1, '127.0.0.1', 'INSERCIÓN SATISFACTORIA DE UN NUEVO DETALLE DE LA CLASIFICACIÓN EN VERDE'),
(730, 'DETALLE_CLASIFICACION_VERDE', 15, '2018-12-10 12:29:29', 'I', 1, '127.0.0.1', 'INSERCIÓN SATISFACTORIA DE UN NUEVO DETALLE DE LA CLASIFICACIÓN EN VERDE'),
(731, 'DETALLE_CLASIFICACION_VERDE', 16, '2018-12-10 12:29:29', 'I', 1, '127.0.0.1', 'INSERCIÓN SATISFACTORIA DE UN NUEVO DETALLE DE LA CLASIFICACIÓN EN VERDE'),
(732, 'DETALLE_CLASIFICACION_VERDE', 17, '2018-12-10 12:29:29', 'I', 1, '127.0.0.1', 'INSERCIÓN SATISFACTORIA DE UN NUEVO DETALLE DE LA CLASIFICACIÓN EN VERDE'),
(733, 'DETALLE_CLASIFICACION_VERDE', 18, '2018-12-10 12:32:00', 'I', 1, '127.0.0.1', 'INSERCIÓN SATISFACTORIA DE UN NUEVO DETALLE DE LA CLASIFICACIÓN EN VERDE'),
(734, 'DETALLE_CLASIFICACION_VERDE', 19, '2018-12-10 12:32:00', 'I', 1, '127.0.0.1', 'INSERCIÓN SATISFACTORIA DE UN NUEVO DETALLE DE LA CLASIFICACIÓN EN VERDE'),
(735, 'DETALLE_CLASIFICACION_VERDE', 20, '2018-12-10 12:32:00', 'I', 1, '127.0.0.1', 'INSERCIÓN SATISFACTORIA DE UN NUEVO DETALLE DE LA CLASIFICACIÓN EN VERDE'),
(736, 'DETALLE_CLASIFICACION_VERDE', 21, '2018-12-10 12:32:00', 'I', 1, '127.0.0.1', 'INSERCIÓN SATISFACTORIA DE UN NUEVO DETALLE DE LA CLASIFICACIÓN EN VERDE'),
(737, 'DETALLE_CLASIFICACION_VERDE', 22, '2018-12-10 12:32:00', 'I', 1, '127.0.0.1', 'INSERCIÓN SATISFACTORIA DE UN NUEVO DETALLE DE LA CLASIFICACIÓN EN VERDE'),
(738, 'DETALLE_CLASIFICACION_VERDE', 23, '2018-12-10 12:32:01', 'I', 1, '127.0.0.1', 'INSERCIÓN SATISFACTORIA DE UN NUEVO DETALLE DE LA CLASIFICACIÓN EN VERDE'),
(739, 'DETALLE_CLASIFICACION_VERDE', 24, '2018-12-10 12:32:36', 'I', 1, '127.0.0.1', 'INSERCIÓN SATISFACTORIA DE UN NUEVO DETALLE DE LA CLASIFICACIÓN EN VERDE'),
(740, 'DETALLE_CLASIFICACION_VERDE', 25, '2018-12-10 12:32:36', 'I', 1, '127.0.0.1', 'INSERCIÓN SATISFACTORIA DE UN NUEVO DETALLE DE LA CLASIFICACIÓN EN VERDE'),
(741, 'DETALLE_CLASIFICACION_VERDE', 26, '2018-12-10 12:32:36', 'I', 1, '127.0.0.1', 'INSERCIÓN SATISFACTORIA DE UN NUEVO DETALLE DE LA CLASIFICACIÓN EN VERDE'),
(742, 'DETALLE_CLASIFICACION_VERDE', 27, '2018-12-10 12:32:36', 'I', 1, '127.0.0.1', 'INSERCIÓN SATISFACTORIA DE UN NUEVO DETALLE DE LA CLASIFICACIÓN EN VERDE'),
(743, 'DETALLE_CLASIFICACION_VERDE', 28, '2018-12-10 12:32:37', 'I', 1, '127.0.0.1', 'INSERCIÓN SATISFACTORIA DE UN NUEVO DETALLE DE LA CLASIFICACIÓN EN VERDE'),
(744, 'DETALLE_CLASIFICACION_VERDE', 29, '2018-12-10 12:32:37', 'I', 1, '127.0.0.1', 'INSERCIÓN SATISFACTORIA DE UN NUEVO DETALLE DE LA CLASIFICACIÓN EN VERDE'),
(745, 'CLASIFICACION_VERDE', 2, '2018-12-10 12:32:59', 'I', 1, '127.0.0.1', 'INSERCIÓN SATISFACTORIA DE UNA NUEVA CLASIFICACIÓN EN VERDE'),
(746, 'DETALLE_CLASIFICACION_VERDE', 30, '2018-12-10 12:33:00', 'I', 1, '127.0.0.1', 'INSERCIÓN SATISFACTORIA DE UN NUEVO DETALLE DE LA CLASIFICACIÓN EN VERDE'),
(747, 'DETALLE_CLASIFICACION_VERDE', 31, '2018-12-10 12:33:00', 'I', 1, '127.0.0.1', 'INSERCIÓN SATISFACTORIA DE UN NUEVO DETALLE DE LA CLASIFICACIÓN EN VERDE'),
(748, 'DETALLE_CLASIFICACION_VERDE', 32, '2018-12-10 12:33:00', 'I', 1, '127.0.0.1', 'INSERCIÓN SATISFACTORIA DE UN NUEVO DETALLE DE LA CLASIFICACIÓN EN VERDE'),
(749, 'DETALLE_CLASIFICACION_VERDE', 33, '2018-12-10 12:33:00', 'I', 1, '127.0.0.1', 'INSERCIÓN SATISFACTORIA DE UN NUEVO DETALLE DE LA CLASIFICACIÓN EN VERDE'),
(750, 'DETALLE_CLASIFICACION_VERDE', 34, '2018-12-10 12:33:00', 'I', 1, '127.0.0.1', 'INSERCIÓN SATISFACTORIA DE UN NUEVO DETALLE DE LA CLASIFICACIÓN EN VERDE'),
(751, 'DETALLE_CLASIFICACION_VERDE', 35, '2018-12-10 12:33:00', 'I', 1, '127.0.0.1', 'INSERCIÓN SATISFACTORIA DE UN NUEVO DETALLE DE LA CLASIFICACIÓN EN VERDE'),
(752, 'DETALLE_CLASIFICACION_VERDE', 36, '2018-12-10 12:33:26', 'I', 1, '127.0.0.1', 'INSERCIÓN SATISFACTORIA DE UN NUEVO DETALLE DE LA CLASIFICACIÓN EN VERDE'),
(753, 'DETALLE_CLASIFICACION_VERDE', 37, '2018-12-10 12:33:27', 'I', 1, '127.0.0.1', 'INSERCIÓN SATISFACTORIA DE UN NUEVO DETALLE DE LA CLASIFICACIÓN EN VERDE'),
(754, 'DETALLE_CLASIFICACION_VERDE', 38, '2018-12-10 12:33:27', 'I', 1, '127.0.0.1', 'INSERCIÓN SATISFACTORIA DE UN NUEVO DETALLE DE LA CLASIFICACIÓN EN VERDE'),
(755, 'DETALLE_CLASIFICACION_VERDE', 39, '2018-12-10 12:33:27', 'I', 1, '127.0.0.1', 'INSERCIÓN SATISFACTORIA DE UN NUEVO DETALLE DE LA CLASIFICACIÓN EN VERDE'),
(756, 'DETALLE_CLASIFICACION_VERDE', 40, '2018-12-10 12:33:27', 'I', 1, '127.0.0.1', 'INSERCIÓN SATISFACTORIA DE UN NUEVO DETALLE DE LA CLASIFICACIÓN EN VERDE'),
(757, 'DETALLE_CLASIFICACION_VERDE', 41, '2018-12-10 12:33:27', 'I', 1, '127.0.0.1', 'INSERCIÓN SATISFACTORIA DE UN NUEVO DETALLE DE LA CLASIFICACIÓN EN VERDE'),
(758, 'DETALLE_CLASIFICACION_VERDE', 42, '2018-12-10 12:34:01', 'I', 1, '127.0.0.1', 'INSERCIÓN SATISFACTORIA DE UN NUEVO DETALLE DE LA CLASIFICACIÓN EN VERDE'),
(759, 'DETALLE_CLASIFICACION_VERDE', 43, '2018-12-10 12:34:01', 'I', 1, '127.0.0.1', 'INSERCIÓN SATISFACTORIA DE UN NUEVO DETALLE DE LA CLASIFICACIÓN EN VERDE'),
(760, 'DETALLE_CLASIFICACION_VERDE', 44, '2018-12-10 12:34:01', 'I', 1, '127.0.0.1', 'INSERCIÓN SATISFACTORIA DE UN NUEVO DETALLE DE LA CLASIFICACIÓN EN VERDE'),
(761, 'DETALLE_CLASIFICACION_VERDE', 45, '2018-12-10 12:34:01', 'I', 1, '127.0.0.1', 'INSERCIÓN SATISFACTORIA DE UN NUEVO DETALLE DE LA CLASIFICACIÓN EN VERDE'),
(762, 'DETALLE_CLASIFICACION_VERDE', 46, '2018-12-10 12:34:02', 'I', 1, '127.0.0.1', 'INSERCIÓN SATISFACTORIA DE UN NUEVO DETALLE DE LA CLASIFICACIÓN EN VERDE'),
(763, 'DETALLE_CLASIFICACION_VERDE', 47, '2018-12-10 12:34:02', 'I', 1, '127.0.0.1', 'INSERCIÓN SATISFACTORIA DE UN NUEVO DETALLE DE LA CLASIFICACIÓN EN VERDE'),
(764, 'DETALLE_CLASIFICACION_VERDE', 48, '2018-12-10 12:34:27', 'I', 1, '127.0.0.1', 'INSERCIÓN SATISFACTORIA DE UN NUEVO DETALLE DE LA CLASIFICACIÓN EN VERDE'),
(765, 'DETALLE_CLASIFICACION_VERDE', 49, '2018-12-10 12:34:27', 'I', 1, '127.0.0.1', 'INSERCIÓN SATISFACTORIA DE UN NUEVO DETALLE DE LA CLASIFICACIÓN EN VERDE'),
(766, 'DETALLE_CLASIFICACION_VERDE', 50, '2018-12-10 12:34:27', 'I', 1, '127.0.0.1', 'INSERCIÓN SATISFACTORIA DE UN NUEVO DETALLE DE LA CLASIFICACIÓN EN VERDE'),
(767, 'DETALLE_CLASIFICACION_VERDE', 51, '2018-12-10 12:34:27', 'I', 1, '127.0.0.1', 'INSERCIÓN SATISFACTORIA DE UN NUEVO DETALLE DE LA CLASIFICACIÓN EN VERDE'),
(768, 'CLASIFICACION_VERDE', 3, '2018-12-10 12:34:51', 'I', 1, '127.0.0.1', 'INSERCIÓN SATISFACTORIA DE UNA NUEVA CLASIFICACIÓN EN VERDE'),
(769, 'DETALLE_CLASIFICACION_VERDE', 52, '2018-12-10 12:34:51', 'I', 1, '127.0.0.1', 'INSERCIÓN SATISFACTORIA DE UN NUEVO DETALLE DE LA CLASIFICACIÓN EN VERDE'),
(770, 'DETALLE_CLASIFICACION_VERDE', 53, '2018-12-10 12:34:52', 'I', 1, '127.0.0.1', 'INSERCIÓN SATISFACTORIA DE UN NUEVO DETALLE DE LA CLASIFICACIÓN EN VERDE'),
(771, 'DETALLE_CLASIFICACION_VERDE', 54, '2018-12-10 12:34:52', 'I', 1, '127.0.0.1', 'INSERCIÓN SATISFACTORIA DE UN NUEVO DETALLE DE LA CLASIFICACIÓN EN VERDE'),
(772, 'DETALLE_CLASIFICACION_VERDE', 55, '2018-12-10 12:34:52', 'I', 1, '127.0.0.1', 'INSERCIÓN SATISFACTORIA DE UN NUEVO DETALLE DE LA CLASIFICACIÓN EN VERDE'),
(773, 'DETALLE_CLASIFICACION_VERDE', 56, '2018-12-10 12:34:52', 'I', 1, '127.0.0.1', 'INSERCIÓN SATISFACTORIA DE UN NUEVO DETALLE DE LA CLASIFICACIÓN EN VERDE'),
(774, 'DETALLE_CLASIFICACION_VERDE', 57, '2018-12-10 12:34:52', 'I', 1, '127.0.0.1', 'INSERCIÓN SATISFACTORIA DE UN NUEVO DETALLE DE LA CLASIFICACIÓN EN VERDE'),
(775, 'DETALLE_CLASIFICACION_VERDE', 58, '2018-12-10 12:35:26', 'I', 1, '127.0.0.1', 'INSERCIÓN SATISFACTORIA DE UN NUEVO DETALLE DE LA CLASIFICACIÓN EN VERDE'),
(776, 'DETALLE_CLASIFICACION_VERDE', 59, '2018-12-10 12:35:27', 'I', 1, '127.0.0.1', 'INSERCIÓN SATISFACTORIA DE UN NUEVO DETALLE DE LA CLASIFICACIÓN EN VERDE'),
(777, 'DETALLE_CLASIFICACION_VERDE', 60, '2018-12-10 12:35:27', 'I', 1, '127.0.0.1', 'INSERCIÓN SATISFACTORIA DE UN NUEVO DETALLE DE LA CLASIFICACIÓN EN VERDE'),
(778, 'DETALLE_CLASIFICACION_VERDE', 61, '2018-12-10 12:35:27', 'I', 1, '127.0.0.1', 'INSERCIÓN SATISFACTORIA DE UN NUEVO DETALLE DE LA CLASIFICACIÓN EN VERDE'),
(779, 'DETALLE_CLASIFICACION_VERDE', 62, '2018-12-10 12:35:27', 'I', 1, '127.0.0.1', 'INSERCIÓN SATISFACTORIA DE UN NUEVO DETALLE DE LA CLASIFICACIÓN EN VERDE'),
(780, 'DETALLE_CLASIFICACION_VERDE', 63, '2018-12-10 12:35:27', 'I', 1, '127.0.0.1', 'INSERCIÓN SATISFACTORIA DE UN NUEVO DETALLE DE LA CLASIFICACIÓN EN VERDE'),
(781, 'CLASIFICACION_VERDE', 4, '2018-12-10 12:35:58', 'I', 1, '127.0.0.1', 'INSERCIÓN SATISFACTORIA DE UNA NUEVA CLASIFICACIÓN EN VERDE'),
(782, 'DETALLE_CLASIFICACION_VERDE', 64, '2018-12-10 12:35:58', 'I', 1, '127.0.0.1', 'INSERCIÓN SATISFACTORIA DE UN NUEVO DETALLE DE LA CLASIFICACIÓN EN VERDE'),
(783, 'DETALLE_CLASIFICACION_VERDE', 65, '2018-12-10 12:35:59', 'I', 1, '127.0.0.1', 'INSERCIÓN SATISFACTORIA DE UN NUEVO DETALLE DE LA CLASIFICACIÓN EN VERDE'),
(784, 'DETALLE_CLASIFICACION_VERDE', 66, '2018-12-10 12:35:59', 'I', 1, '127.0.0.1', 'INSERCIÓN SATISFACTORIA DE UN NUEVO DETALLE DE LA CLASIFICACIÓN EN VERDE'),
(785, 'DETALLE_CLASIFICACION_VERDE', 67, '2018-12-10 12:35:59', 'I', 1, '127.0.0.1', 'INSERCIÓN SATISFACTORIA DE UN NUEVO DETALLE DE LA CLASIFICACIÓN EN VERDE'),
(786, 'DETALLE_CLASIFICACION_VERDE', 68, '2018-12-10 12:35:59', 'I', 1, '127.0.0.1', 'INSERCIÓN SATISFACTORIA DE UN NUEVO DETALLE DE LA CLASIFICACIÓN EN VERDE'),
(787, 'DETALLE_CLASIFICACION_VERDE', 69, '2018-12-10 12:35:59', 'I', 1, '127.0.0.1', 'INSERCIÓN SATISFACTORIA DE UN NUEVO DETALLE DE LA CLASIFICACIÓN EN VERDE'),
(788, 'DETALLE_CLASIFICACION_VERDE', 70, '2018-12-10 12:37:12', 'I', 1, '127.0.0.1', 'INSERCIÓN SATISFACTORIA DE UN NUEVO DETALLE DE LA CLASIFICACIÓN EN VERDE'),
(789, 'DETALLE_CLASIFICACION_VERDE', 71, '2018-12-10 12:37:12', 'I', 1, '127.0.0.1', 'INSERCIÓN SATISFACTORIA DE UN NUEVO DETALLE DE LA CLASIFICACIÓN EN VERDE'),
(790, 'DETALLE_CLASIFICACION_VERDE', 72, '2018-12-10 12:37:12', 'I', 1, '127.0.0.1', 'INSERCIÓN SATISFACTORIA DE UN NUEVO DETALLE DE LA CLASIFICACIÓN EN VERDE'),
(791, 'DETALLE_CLASIFICACION_VERDE', 73, '2018-12-10 12:37:12', 'I', 1, '127.0.0.1', 'INSERCIÓN SATISFACTORIA DE UN NUEVO DETALLE DE LA CLASIFICACIÓN EN VERDE'),
(792, 'DETALLE_CLASIFICACION_VERDE', 74, '2018-12-10 12:37:12', 'I', 1, '127.0.0.1', 'INSERCIÓN SATISFACTORIA DE UN NUEVO DETALLE DE LA CLASIFICACIÓN EN VERDE'),
(793, 'DETALLE_CLASIFICACION_VERDE', 75, '2018-12-10 12:37:12', 'I', 1, '127.0.0.1', 'INSERCIÓN SATISFACTORIA DE UN NUEVO DETALLE DE LA CLASIFICACIÓN EN VERDE'),
(794, 'DETALLE_CLASIFICACION_VERDE', 76, '2018-12-10 12:37:41', 'I', 1, '127.0.0.1', 'INSERCIÓN SATISFACTORIA DE UN NUEVO DETALLE DE LA CLASIFICACIÓN EN VERDE'),
(795, 'DETALLE_CLASIFICACION_VERDE', 77, '2018-12-10 12:37:41', 'I', 1, '127.0.0.1', 'INSERCIÓN SATISFACTORIA DE UN NUEVO DETALLE DE LA CLASIFICACIÓN EN VERDE'),
(796, 'DETALLE_CLASIFICACION_VERDE', 78, '2018-12-10 12:37:41', 'I', 1, '127.0.0.1', 'INSERCIÓN SATISFACTORIA DE UN NUEVO DETALLE DE LA CLASIFICACIÓN EN VERDE'),
(797, 'DETALLE_CLASIFICACION_VERDE', 79, '2018-12-10 12:37:41', 'I', 1, '127.0.0.1', 'INSERCIÓN SATISFACTORIA DE UN NUEVO DETALLE DE LA CLASIFICACIÓN EN VERDE'),
(798, 'DETALLE_CLASIFICACION_VERDE', 80, '2018-12-10 12:37:41', 'I', 1, '127.0.0.1', 'INSERCIÓN SATISFACTORIA DE UN NUEVO DETALLE DE LA CLASIFICACIÓN EN VERDE'),
(799, 'DETALLE_CLASIFICACION_VERDE', 81, '2018-12-10 12:37:41', 'I', 1, '127.0.0.1', 'INSERCIÓN SATISFACTORIA DE UN NUEVO DETALLE DE LA CLASIFICACIÓN EN VERDE'),
(800, 'CLASIFICACION_VERDE', 5, '2018-12-10 12:38:18', 'I', 1, '127.0.0.1', 'INSERCIÓN SATISFACTORIA DE UNA NUEVA CLASIFICACIÓN EN VERDE'),
(801, 'DETALLE_CLASIFICACION_VERDE', 82, '2018-12-10 12:38:18', 'I', 1, '127.0.0.1', 'INSERCIÓN SATISFACTORIA DE UN NUEVO DETALLE DE LA CLASIFICACIÓN EN VERDE'),
(802, 'DETALLE_CLASIFICACION_VERDE', 83, '2018-12-10 12:38:18', 'I', 1, '127.0.0.1', 'INSERCIÓN SATISFACTORIA DE UN NUEVO DETALLE DE LA CLASIFICACIÓN EN VERDE'),
(803, 'DETALLE_CLASIFICACION_VERDE', 84, '2018-12-10 12:38:18', 'I', 1, '127.0.0.1', 'INSERCIÓN SATISFACTORIA DE UN NUEVO DETALLE DE LA CLASIFICACIÓN EN VERDE'),
(804, 'DETALLE_CLASIFICACION_VERDE', 85, '2018-12-10 12:38:18', 'I', 1, '127.0.0.1', 'INSERCIÓN SATISFACTORIA DE UN NUEVO DETALLE DE LA CLASIFICACIÓN EN VERDE'),
(805, 'DETALLE_CLASIFICACION_VERDE', 86, '2018-12-10 12:38:18', 'I', 1, '127.0.0.1', 'INSERCIÓN SATISFACTORIA DE UN NUEVO DETALLE DE LA CLASIFICACIÓN EN VERDE'),
(806, 'DETALLE_CLASIFICACION_VERDE', 87, '2018-12-10 12:38:19', 'I', 1, '127.0.0.1', 'INSERCIÓN SATISFACTORIA DE UN NUEVO DETALLE DE LA CLASIFICACIÓN EN VERDE'),
(807, 'DETALLE_CLASIFICACION_VERDE', 88, '2018-12-10 12:39:09', 'I', 1, '127.0.0.1', 'INSERCIÓN SATISFACTORIA DE UN NUEVO DETALLE DE LA CLASIFICACIÓN EN VERDE'),
(808, 'DETALLE_CLASIFICACION_VERDE', 89, '2018-12-10 12:39:09', 'I', 1, '127.0.0.1', 'INSERCIÓN SATISFACTORIA DE UN NUEVO DETALLE DE LA CLASIFICACIÓN EN VERDE'),
(809, 'DETALLE_CLASIFICACION_VERDE', 90, '2018-12-10 12:39:09', 'I', 1, '127.0.0.1', 'INSERCIÓN SATISFACTORIA DE UN NUEVO DETALLE DE LA CLASIFICACIÓN EN VERDE'),
(810, 'DETALLE_CLASIFICACION_VERDE', 91, '2018-12-10 12:39:09', 'I', 1, '127.0.0.1', 'INSERCIÓN SATISFACTORIA DE UN NUEVO DETALLE DE LA CLASIFICACIÓN EN VERDE'),
(811, 'DETALLE_CLASIFICACION_VERDE', 92, '2018-12-10 12:39:09', 'I', 1, '127.0.0.1', 'INSERCIÓN SATISFACTORIA DE UN NUEVO DETALLE DE LA CLASIFICACIÓN EN VERDE'),
(812, 'DETALLE_CLASIFICACION_VERDE', 93, '2018-12-10 12:39:09', 'I', 1, '127.0.0.1', 'INSERCIÓN SATISFACTORIA DE UN NUEVO DETALLE DE LA CLASIFICACIÓN EN VERDE'),
(813, 'CLASIFICACION_VERDE', 6, '2018-12-10 12:39:43', 'I', 1, '127.0.0.1', 'INSERCIÓN SATISFACTORIA DE UNA NUEVA CLASIFICACIÓN EN VERDE'),
(814, 'DETALLE_CLASIFICACION_VERDE', 94, '2018-12-10 12:39:43', 'I', 1, '127.0.0.1', 'INSERCIÓN SATISFACTORIA DE UN NUEVO DETALLE DE LA CLASIFICACIÓN EN VERDE'),
(815, 'DETALLE_CLASIFICACION_VERDE', 95, '2018-12-10 12:39:43', 'I', 1, '127.0.0.1', 'INSERCIÓN SATISFACTORIA DE UN NUEVO DETALLE DE LA CLASIFICACIÓN EN VERDE'),
(816, 'DETALLE_CLASIFICACION_VERDE', 96, '2018-12-10 12:39:43', 'I', 1, '127.0.0.1', 'INSERCIÓN SATISFACTORIA DE UN NUEVO DETALLE DE LA CLASIFICACIÓN EN VERDE'),
(817, 'DETALLE_CLASIFICACION_VERDE', 97, '2018-12-10 12:39:43', 'I', 1, '127.0.0.1', 'INSERCIÓN SATISFACTORIA DE UN NUEVO DETALLE DE LA CLASIFICACIÓN EN VERDE'),
(818, 'DETALLE_CLASIFICACION_VERDE', 98, '2018-12-10 12:39:44', 'I', 1, '127.0.0.1', 'INSERCIÓN SATISFACTORIA DE UN NUEVO DETALLE DE LA CLASIFICACIÓN EN VERDE'),
(819, 'DETALLE_CLASIFICACION_VERDE', 99, '2018-12-10 12:39:44', 'I', 1, '127.0.0.1', 'INSERCIÓN SATISFACTORIA DE UN NUEVO DETALLE DE LA CLASIFICACIÓN EN VERDE'),
(820, 'DETALLE_CLASIFICACION_VERDE', 100, '2018-12-10 12:40:29', 'I', 1, '127.0.0.1', 'INSERCIÓN SATISFACTORIA DE UN NUEVO DETALLE DE LA CLASIFICACIÓN EN VERDE'),
(821, 'DETALLE_CLASIFICACION_VERDE', 101, '2018-12-10 12:40:29', 'I', 1, '127.0.0.1', 'INSERCIÓN SATISFACTORIA DE UN NUEVO DETALLE DE LA CLASIFICACIÓN EN VERDE'),
(822, 'DETALLE_CLASIFICACION_VERDE', 102, '2018-12-10 12:40:29', 'I', 1, '127.0.0.1', 'INSERCIÓN SATISFACTORIA DE UN NUEVO DETALLE DE LA CLASIFICACIÓN EN VERDE'),
(823, 'DETALLE_CLASIFICACION_VERDE', 103, '2018-12-10 12:40:30', 'I', 1, '127.0.0.1', 'INSERCIÓN SATISFACTORIA DE UN NUEVO DETALLE DE LA CLASIFICACIÓN EN VERDE'),
(824, 'DETALLE_CLASIFICACION_VERDE', 104, '2018-12-10 12:40:30', 'I', 1, '127.0.0.1', 'INSERCIÓN SATISFACTORIA DE UN NUEVO DETALLE DE LA CLASIFICACIÓN EN VERDE'),
(825, 'LOTE_RE', 1, '2018-12-10 12:43:08', 'I', 1, '127.0.0.1', 'INSERCIÓN SATISFACTORIA DE UN NUEVO LOTE RE'),
(826, 'STOCK_APERTURA', 1, '2018-12-10 12:43:08', 'I', 1, '127.0.0.1', 'INSERCIÓN SATISFACTORIA DE UN NUEVO LOTE RE A STOCK'),
(827, 'LOTE_RE', 2, '2018-12-10 12:43:08', 'I', 1, '127.0.0.1', 'INSERCIÓN SATISFACTORIA DE UN NUEVO LOTE RE'),
(828, 'STOCK_APERTURA', 2, '2018-12-10 12:43:08', 'I', 1, '127.0.0.1', 'INSERCIÓN SATISFACTORIA DE UN NUEVO LOTE RE A STOCK'),
(829, 'LOTE_RE', 3, '2018-12-10 12:43:09', 'I', 1, '127.0.0.1', 'INSERCIÓN SATISFACTORIA DE UN NUEVO LOTE RE'),
(830, 'STOCK_APERTURA', 3, '2018-12-10 12:43:09', 'I', 1, '127.0.0.1', 'INSERCIÓN SATISFACTORIA DE UN NUEVO LOTE RE A STOCK'),
(831, 'LOTE_RE', 4, '2018-12-10 12:43:09', 'I', 1, '127.0.0.1', 'INSERCIÓN SATISFACTORIA DE UN NUEVO LOTE RE'),
(832, 'STOCK_APERTURA', 4, '2018-12-10 12:43:09', 'I', 1, '127.0.0.1', 'INSERCIÓN SATISFACTORIA DE UN NUEVO LOTE RE A STOCK'),
(833, 'LOTE_RE', 5, '2018-12-10 12:43:09', 'I', 1, '127.0.0.1', 'INSERCIÓN SATISFACTORIA DE UN NUEVO LOTE RE'),
(834, 'STOCK_APERTURA', 5, '2018-12-10 12:43:09', 'I', 1, '127.0.0.1', 'INSERCIÓN SATISFACTORIA DE UN NUEVO LOTE RE A STOCK'),
(835, 'LOTE_RE', 6, '2018-12-10 12:43:09', 'I', 1, '127.0.0.1', 'INSERCIÓN SATISFACTORIA DE UN NUEVO LOTE RE'),
(836, 'STOCK_APERTURA', 6, '2018-12-10 12:43:09', 'I', 1, '127.0.0.1', 'INSERCIÓN SATISFACTORIA DE UN NUEVO LOTE RE A STOCK'),
(837, 'LOTE_RE', 7, '2018-12-10 12:43:28', 'I', 1, '127.0.0.1', 'INSERCIÓN SATISFACTORIA DE UN NUEVO LOTE RE'),
(838, 'STOCK_APERTURA', 7, '2018-12-10 12:43:28', 'I', 1, '127.0.0.1', 'INSERCIÓN SATISFACTORIA DE UN NUEVO LOTE RE A STOCK'),
(839, 'LOTE_RE', 8, '2018-12-10 12:43:28', 'I', 1, '127.0.0.1', 'INSERCIÓN SATISFACTORIA DE UN NUEVO LOTE RE'),
(840, 'STOCK_APERTURA', 8, '2018-12-10 12:43:28', 'I', 1, '127.0.0.1', 'INSERCIÓN SATISFACTORIA DE UN NUEVO LOTE RE A STOCK'),
(841, 'LOTE_RE', 9, '2018-12-10 12:43:28', 'I', 1, '127.0.0.1', 'INSERCIÓN SATISFACTORIA DE UN NUEVO LOTE RE'),
(842, 'STOCK_APERTURA', 9, '2018-12-10 12:43:28', 'I', 1, '127.0.0.1', 'INSERCIÓN SATISFACTORIA DE UN NUEVO LOTE RE A STOCK'),
(843, 'LOTE_RE', 10, '2018-12-10 12:43:28', 'I', 1, '127.0.0.1', 'INSERCIÓN SATISFACTORIA DE UN NUEVO LOTE RE'),
(844, 'STOCK_APERTURA', 10, '2018-12-10 12:43:28', 'I', 1, '127.0.0.1', 'INSERCIÓN SATISFACTORIA DE UN NUEVO LOTE RE A STOCK'),
(845, 'LOTE_RE', 11, '2018-12-10 12:43:28', 'I', 1, '127.0.0.1', 'INSERCIÓN SATISFACTORIA DE UN NUEVO LOTE RE'),
(846, 'STOCK_APERTURA', 11, '2018-12-10 12:43:29', 'I', 1, '127.0.0.1', 'INSERCIÓN SATISFACTORIA DE UN NUEVO LOTE RE A STOCK'),
(847, 'LOTE_RE', 12, '2018-12-10 12:43:29', 'I', 1, '127.0.0.1', 'INSERCIÓN SATISFACTORIA DE UN NUEVO LOTE RE'),
(848, 'STOCK_APERTURA', 12, '2018-12-10 12:43:29', 'I', 1, '127.0.0.1', 'INSERCIÓN SATISFACTORIA DE UN NUEVO LOTE RE A STOCK'),
(849, 'LOTE_RE', 13, '2018-12-10 12:43:45', 'I', 1, '127.0.0.1', 'INSERCIÓN SATISFACTORIA DE UN NUEVO LOTE RE'),
(850, 'STOCK_APERTURA', 13, '2018-12-10 12:43:45', 'I', 1, '127.0.0.1', 'INSERCIÓN SATISFACTORIA DE UN NUEVO LOTE RE A STOCK'),
(851, 'LOTE_RE', 14, '2018-12-10 12:43:45', 'I', 1, '127.0.0.1', 'INSERCIÓN SATISFACTORIA DE UN NUEVO LOTE RE'),
(852, 'STOCK_APERTURA', 14, '2018-12-10 12:43:45', 'I', 1, '127.0.0.1', 'INSERCIÓN SATISFACTORIA DE UN NUEVO LOTE RE A STOCK'),
(853, 'LOTE_RE', 15, '2018-12-10 12:43:46', 'I', 1, '127.0.0.1', 'INSERCIÓN SATISFACTORIA DE UN NUEVO LOTE RE'),
(854, 'STOCK_APERTURA', 15, '2018-12-10 12:43:46', 'I', 1, '127.0.0.1', 'INSERCIÓN SATISFACTORIA DE UN NUEVO LOTE RE A STOCK'),
(855, 'LOTE_RE', 16, '2018-12-10 12:43:46', 'I', 1, '127.0.0.1', 'INSERCIÓN SATISFACTORIA DE UN NUEVO LOTE RE'),
(856, 'STOCK_APERTURA', 16, '2018-12-10 12:43:46', 'I', 1, '127.0.0.1', 'INSERCIÓN SATISFACTORIA DE UN NUEVO LOTE RE A STOCK'),
(857, 'LOTE_RE', 17, '2018-12-10 12:43:46', 'I', 1, '127.0.0.1', 'INSERCIÓN SATISFACTORIA DE UN NUEVO LOTE RE'),
(858, 'STOCK_APERTURA', 17, '2018-12-10 12:43:46', 'I', 1, '127.0.0.1', 'INSERCIÓN SATISFACTORIA DE UN NUEVO LOTE RE A STOCK'),
(859, 'LOTE_RE', 18, '2018-12-10 12:43:46', 'I', 1, '127.0.0.1', 'INSERCIÓN SATISFACTORIA DE UN NUEVO LOTE RE'),
(860, 'STOCK_APERTURA', 18, '2018-12-10 12:43:46', 'I', 1, '127.0.0.1', 'INSERCIÓN SATISFACTORIA DE UN NUEVO LOTE RE A STOCK'),
(861, 'LOTE_RE', 19, '2018-12-10 12:44:06', 'I', 1, '127.0.0.1', 'INSERCIÓN SATISFACTORIA DE UN NUEVO LOTE RE'),
(862, 'STOCK_APERTURA', 19, '2018-12-10 12:44:06', 'I', 1, '127.0.0.1', 'INSERCIÓN SATISFACTORIA DE UN NUEVO LOTE RE A STOCK'),
(863, 'LOTE_RE', 20, '2018-12-10 12:44:06', 'I', 1, '127.0.0.1', 'INSERCIÓN SATISFACTORIA DE UN NUEVO LOTE RE'),
(864, 'STOCK_APERTURA', 20, '2018-12-10 12:44:06', 'I', 1, '127.0.0.1', 'INSERCIÓN SATISFACTORIA DE UN NUEVO LOTE RE A STOCK'),
(865, 'LOTE_RE', 21, '2018-12-10 12:44:06', 'I', 1, '127.0.0.1', 'INSERCIÓN SATISFACTORIA DE UN NUEVO LOTE RE'),
(866, 'STOCK_APERTURA', 21, '2018-12-10 12:44:06', 'I', 1, '127.0.0.1', 'INSERCIÓN SATISFACTORIA DE UN NUEVO LOTE RE A STOCK'),
(867, 'LOTE_RE', 22, '2018-12-10 12:44:06', 'I', 1, '127.0.0.1', 'INSERCIÓN SATISFACTORIA DE UN NUEVO LOTE RE'),
(868, 'STOCK_APERTURA', 22, '2018-12-10 12:44:07', 'I', 1, '127.0.0.1', 'INSERCIÓN SATISFACTORIA DE UN NUEVO LOTE RE A STOCK'),
(869, 'LOTE_RE', 23, '2018-12-10 12:44:07', 'I', 1, '127.0.0.1', 'INSERCIÓN SATISFACTORIA DE UN NUEVO LOTE RE'),
(870, 'STOCK_APERTURA', 23, '2018-12-10 12:44:07', 'I', 1, '127.0.0.1', 'INSERCIÓN SATISFACTORIA DE UN NUEVO LOTE RE A STOCK'),
(871, 'LOTE_RE', 24, '2018-12-10 12:44:07', 'I', 1, '127.0.0.1', 'INSERCIÓN SATISFACTORIA DE UN NUEVO LOTE RE'),
(872, 'STOCK_APERTURA', 24, '2018-12-10 12:44:07', 'I', 1, '127.0.0.1', 'INSERCIÓN SATISFACTORIA DE UN NUEVO LOTE RE A STOCK'),
(873, 'LOTE_RE', 25, '2018-12-10 12:44:19', 'I', 1, '127.0.0.1', 'INSERCIÓN SATISFACTORIA DE UN NUEVO LOTE RE'),
(874, 'STOCK_APERTURA', 25, '2018-12-10 12:44:19', 'I', 1, '127.0.0.1', 'INSERCIÓN SATISFACTORIA DE UN NUEVO LOTE RE A STOCK'),
(875, 'LOTE_RE', 26, '2018-12-10 12:44:19', 'I', 1, '127.0.0.1', 'INSERCIÓN SATISFACTORIA DE UN NUEVO LOTE RE'),
(876, 'STOCK_APERTURA', 26, '2018-12-10 12:44:19', 'I', 1, '127.0.0.1', 'INSERCIÓN SATISFACTORIA DE UN NUEVO LOTE RE A STOCK'),
(877, 'LOTE_RE', 27, '2018-12-10 12:44:19', 'I', 1, '127.0.0.1', 'INSERCIÓN SATISFACTORIA DE UN NUEVO LOTE RE'),
(878, 'STOCK_APERTURA', 27, '2018-12-10 12:44:20', 'I', 1, '127.0.0.1', 'INSERCIÓN SATISFACTORIA DE UN NUEVO LOTE RE A STOCK'),
(879, 'LOTE_RE', 28, '2018-12-10 12:44:20', 'I', 1, '127.0.0.1', 'INSERCIÓN SATISFACTORIA DE UN NUEVO LOTE RE'),
(880, 'STOCK_APERTURA', 28, '2018-12-10 12:44:20', 'I', 1, '127.0.0.1', 'INSERCIÓN SATISFACTORIA DE UN NUEVO LOTE RE A STOCK'),
(881, 'LOTE_RE', 29, '2018-12-10 12:44:20', 'I', 1, '127.0.0.1', 'INSERCIÓN SATISFACTORIA DE UN NUEVO LOTE RE'),
(882, 'STOCK_APERTURA', 29, '2018-12-10 12:44:20', 'I', 1, '127.0.0.1', 'INSERCIÓN SATISFACTORIA DE UN NUEVO LOTE RE A STOCK'),
(883, 'LOTE_RE', 30, '2018-12-10 12:44:20', 'I', 1, '127.0.0.1', 'INSERCIÓN SATISFACTORIA DE UN NUEVO LOTE RE'),
(884, 'STOCK_APERTURA', 30, '2018-12-10 12:44:20', 'I', 1, '127.0.0.1', 'INSERCIÓN SATISFACTORIA DE UN NUEVO LOTE RE A STOCK'),
(885, 'LOTE_RE', 31, '2018-12-10 12:46:12', 'I', 1, '127.0.0.1', 'INSERCIÓN SATISFACTORIA DE UN NUEVO LOTE RE'),
(886, 'STOCK_APERTURA', 31, '2018-12-10 12:46:12', 'I', 1, '127.0.0.1', 'INSERCIÓN SATISFACTORIA DE UN NUEVO LOTE RE A STOCK'),
(887, 'LOTE_RE', 32, '2018-12-10 12:46:12', 'I', 1, '127.0.0.1', 'INSERCIÓN SATISFACTORIA DE UN NUEVO LOTE RE'),
(888, 'STOCK_APERTURA', 32, '2018-12-10 12:46:12', 'I', 1, '127.0.0.1', 'INSERCIÓN SATISFACTORIA DE UN NUEVO LOTE RE A STOCK'),
(889, 'LOTE_RE', 33, '2018-12-10 12:46:13', 'I', 1, '127.0.0.1', 'INSERCIÓN SATISFACTORIA DE UN NUEVO LOTE RE'),
(890, 'STOCK_APERTURA', 33, '2018-12-10 12:46:13', 'I', 1, '127.0.0.1', 'INSERCIÓN SATISFACTORIA DE UN NUEVO LOTE RE A STOCK'),
(891, 'LOTE_RE', 34, '2018-12-10 12:46:13', 'I', 1, '127.0.0.1', 'INSERCIÓN SATISFACTORIA DE UN NUEVO LOTE RE'),
(892, 'STOCK_APERTURA', 34, '2018-12-10 12:46:13', 'I', 1, '127.0.0.1', 'INSERCIÓN SATISFACTORIA DE UN NUEVO LOTE RE A STOCK'),
(893, 'LOTE_RE', 35, '2018-12-10 12:46:13', 'I', 1, '127.0.0.1', 'INSERCIÓN SATISFACTORIA DE UN NUEVO LOTE RE'),
(894, 'STOCK_APERTURA', 35, '2018-12-10 12:46:13', 'I', 1, '127.0.0.1', 'INSERCIÓN SATISFACTORIA DE UN NUEVO LOTE RE A STOCK'),
(895, 'LOTE_RE', 36, '2018-12-10 12:46:14', 'I', 1, '127.0.0.1', 'INSERCIÓN SATISFACTORIA DE UN NUEVO LOTE RE'),
(896, 'STOCK_APERTURA', 36, '2018-12-10 12:46:14', 'I', 1, '127.0.0.1', 'INSERCIÓN SATISFACTORIA DE UN NUEVO LOTE RE A STOCK'),
(897, 'LOTE_RE', 37, '2018-12-10 12:47:07', 'I', 1, '127.0.0.1', 'INSERCIÓN SATISFACTORIA DE UN NUEVO LOTE RE'),
(898, 'STOCK_APERTURA', 37, '2018-12-10 12:47:07', 'I', 1, '127.0.0.1', 'INSERCIÓN SATISFACTORIA DE UN NUEVO LOTE RE A STOCK'),
(899, 'LOTE_RE', 38, '2018-12-10 12:47:07', 'I', 1, '127.0.0.1', 'INSERCIÓN SATISFACTORIA DE UN NUEVO LOTE RE'),
(900, 'STOCK_APERTURA', 38, '2018-12-10 12:47:07', 'I', 1, '127.0.0.1', 'INSERCIÓN SATISFACTORIA DE UN NUEVO LOTE RE A STOCK'),
(901, 'LOTE_RE', 39, '2018-12-10 12:47:07', 'I', 1, '127.0.0.1', 'INSERCIÓN SATISFACTORIA DE UN NUEVO LOTE RE'),
(902, 'STOCK_APERTURA', 39, '2018-12-10 12:47:07', 'I', 1, '127.0.0.1', 'INSERCIÓN SATISFACTORIA DE UN NUEVO LOTE RE A STOCK'),
(903, 'LOTE_RE', 40, '2018-12-10 12:47:07', 'I', 1, '127.0.0.1', 'INSERCIÓN SATISFACTORIA DE UN NUEVO LOTE RE'),
(904, 'STOCK_APERTURA', 40, '2018-12-10 12:47:07', 'I', 1, '127.0.0.1', 'INSERCIÓN SATISFACTORIA DE UN NUEVO LOTE RE A STOCK'),
(905, 'LOTE_RE', 41, '2018-12-10 12:47:07', 'I', 1, '127.0.0.1', 'INSERCIÓN SATISFACTORIA DE UN NUEVO LOTE RE'),
(906, 'STOCK_APERTURA', 41, '2018-12-10 12:47:08', 'I', 1, '127.0.0.1', 'INSERCIÓN SATISFACTORIA DE UN NUEVO LOTE RE A STOCK'),
(907, 'LOTE_RE', 42, '2018-12-10 12:47:08', 'I', 1, '127.0.0.1', 'INSERCIÓN SATISFACTORIA DE UN NUEVO LOTE RE'),
(908, 'STOCK_APERTURA', 42, '2018-12-10 12:47:08', 'I', 1, '127.0.0.1', 'INSERCIÓN SATISFACTORIA DE UN NUEVO LOTE RE A STOCK'),
(909, 'LOTE_RE', 43, '2018-12-10 12:47:58', 'I', 1, '127.0.0.1', 'INSERCIÓN SATISFACTORIA DE UN NUEVO LOTE RE'),
(910, 'STOCK_APERTURA', 43, '2018-12-10 12:47:59', 'I', 1, '127.0.0.1', 'INSERCIÓN SATISFACTORIA DE UN NUEVO LOTE RE A STOCK'),
(911, 'LOTE_RE', 44, '2018-12-10 12:47:59', 'I', 1, '127.0.0.1', 'INSERCIÓN SATISFACTORIA DE UN NUEVO LOTE RE'),
(912, 'STOCK_APERTURA', 44, '2018-12-10 12:47:59', 'I', 1, '127.0.0.1', 'INSERCIÓN SATISFACTORIA DE UN NUEVO LOTE RE A STOCK'),
(913, 'LOTE_RE', 45, '2018-12-10 12:47:59', 'I', 1, '127.0.0.1', 'INSERCIÓN SATISFACTORIA DE UN NUEVO LOTE RE'),
(914, 'STOCK_APERTURA', 45, '2018-12-10 12:47:59', 'I', 1, '127.0.0.1', 'INSERCIÓN SATISFACTORIA DE UN NUEVO LOTE RE A STOCK'),
(915, 'LOTE_RE', 46, '2018-12-10 12:47:59', 'I', 1, '127.0.0.1', 'INSERCIÓN SATISFACTORIA DE UN NUEVO LOTE RE'),
(916, 'STOCK_APERTURA', 46, '2018-12-10 12:47:59', 'I', 1, '127.0.0.1', 'INSERCIÓN SATISFACTORIA DE UN NUEVO LOTE RE A STOCK'),
(917, 'LOTE_RE', 47, '2018-12-10 12:47:59', 'I', 1, '127.0.0.1', 'INSERCIÓN SATISFACTORIA DE UN NUEVO LOTE RE'),
(918, 'STOCK_APERTURA', 47, '2018-12-10 12:47:59', 'I', 1, '127.0.0.1', 'INSERCIÓN SATISFACTORIA DE UN NUEVO LOTE RE A STOCK'),
(919, 'LOTE_RE', 48, '2018-12-10 12:47:59', 'I', 1, '127.0.0.1', 'INSERCIÓN SATISFACTORIA DE UN NUEVO LOTE RE'),
(920, 'STOCK_APERTURA', 48, '2018-12-10 12:47:59', 'I', 1, '127.0.0.1', 'INSERCIÓN SATISFACTORIA DE UN NUEVO LOTE RE A STOCK'),
(921, 'LOTE_RE', 49, '2018-12-10 12:48:15', 'I', 1, '127.0.0.1', 'INSERCIÓN SATISFACTORIA DE UN NUEVO LOTE RE'),
(922, 'STOCK_APERTURA', 49, '2018-12-10 12:48:15', 'I', 1, '127.0.0.1', 'INSERCIÓN SATISFACTORIA DE UN NUEVO LOTE RE A STOCK'),
(923, 'LOTE_RE', 50, '2018-12-10 12:48:15', 'I', 1, '127.0.0.1', 'INSERCIÓN SATISFACTORIA DE UN NUEVO LOTE RE'),
(924, 'STOCK_APERTURA', 50, '2018-12-10 12:48:15', 'I', 1, '127.0.0.1', 'INSERCIÓN SATISFACTORIA DE UN NUEVO LOTE RE A STOCK'),
(925, 'LOTE_RE', 51, '2018-12-10 12:48:15', 'I', 1, '127.0.0.1', 'INSERCIÓN SATISFACTORIA DE UN NUEVO LOTE RE'),
(926, 'STOCK_APERTURA', 51, '2018-12-10 12:48:16', 'I', 1, '127.0.0.1', 'INSERCIÓN SATISFACTORIA DE UN NUEVO LOTE RE A STOCK'),
(927, 'LOTE_RE', 52, '2018-12-10 12:48:16', 'I', 1, '127.0.0.1', 'INSERCIÓN SATISFACTORIA DE UN NUEVO LOTE RE'),
(928, 'STOCK_APERTURA', 52, '2018-12-10 12:48:16', 'I', 1, '127.0.0.1', 'INSERCIÓN SATISFACTORIA DE UN NUEVO LOTE RE A STOCK'),
(929, 'LOTE_RE', 53, '2018-12-10 12:48:16', 'I', 1, '127.0.0.1', 'INSERCIÓN SATISFACTORIA DE UN NUEVO LOTE RE'),
(930, 'STOCK_APERTURA', 53, '2018-12-10 12:48:16', 'I', 1, '127.0.0.1', 'INSERCIÓN SATISFACTORIA DE UN NUEVO LOTE RE A STOCK'),
(931, 'LOTE_RE', 54, '2018-12-10 12:48:16', 'I', 1, '127.0.0.1', 'INSERCIÓN SATISFACTORIA DE UN NUEVO LOTE RE'),
(932, 'STOCK_APERTURA', 54, '2018-12-10 12:48:16', 'I', 1, '127.0.0.1', 'INSERCIÓN SATISFACTORIA DE UN NUEVO LOTE RE A STOCK'),
(933, 'LOTE_RE', 55, '2018-12-10 12:48:26', 'I', 1, '127.0.0.1', 'INSERCIÓN SATISFACTORIA DE UN NUEVO LOTE RE'),
(934, 'STOCK_APERTURA', 55, '2018-12-10 12:48:26', 'I', 1, '127.0.0.1', 'INSERCIÓN SATISFACTORIA DE UN NUEVO LOTE RE A STOCK'),
(935, 'LOTE_RE', 56, '2018-12-10 12:48:27', 'I', 1, '127.0.0.1', 'INSERCIÓN SATISFACTORIA DE UN NUEVO LOTE RE'),
(936, 'STOCK_APERTURA', 56, '2018-12-10 12:48:27', 'I', 1, '127.0.0.1', 'INSERCIÓN SATISFACTORIA DE UN NUEVO LOTE RE A STOCK'),
(937, 'LOTE_RE', 57, '2018-12-10 12:48:27', 'I', 1, '127.0.0.1', 'INSERCIÓN SATISFACTORIA DE UN NUEVO LOTE RE'),
(938, 'STOCK_APERTURA', 57, '2018-12-10 12:48:27', 'I', 1, '127.0.0.1', 'INSERCIÓN SATISFACTORIA DE UN NUEVO LOTE RE A STOCK'),
(939, 'LOTE_RE', 58, '2018-12-10 12:48:27', 'I', 1, '127.0.0.1', 'INSERCIÓN SATISFACTORIA DE UN NUEVO LOTE RE'),
(940, 'STOCK_APERTURA', 58, '2018-12-10 12:48:27', 'I', 1, '127.0.0.1', 'INSERCIÓN SATISFACTORIA DE UN NUEVO LOTE RE A STOCK'),
(941, 'LOTE_RE', 59, '2018-12-10 12:48:27', 'I', 1, '127.0.0.1', 'INSERCIÓN SATISFACTORIA DE UN NUEVO LOTE RE'),
(942, 'STOCK_APERTURA', 59, '2018-12-10 12:48:27', 'I', 1, '127.0.0.1', 'INSERCIÓN SATISFACTORIA DE UN NUEVO LOTE RE A STOCK'),
(943, 'LOTE_RE', 60, '2018-12-10 12:48:27', 'I', 1, '127.0.0.1', 'INSERCIÓN SATISFACTORIA DE UN NUEVO LOTE RE'),
(944, 'STOCK_APERTURA', 60, '2018-12-10 12:48:27', 'I', 1, '127.0.0.1', 'INSERCIÓN SATISFACTORIA DE UN NUEVO LOTE RE A STOCK'),
(945, 'LOTE_RE', 61, '2018-12-10 12:48:46', 'I', 1, '127.0.0.1', 'INSERCIÓN SATISFACTORIA DE UN NUEVO LOTE RE'),
(946, 'STOCK_APERTURA', 61, '2018-12-10 12:48:46', 'I', 1, '127.0.0.1', 'INSERCIÓN SATISFACTORIA DE UN NUEVO LOTE RE A STOCK'),
(947, 'LOTE_RE', 62, '2018-12-10 12:48:46', 'I', 1, '127.0.0.1', 'INSERCIÓN SATISFACTORIA DE UN NUEVO LOTE RE'),
(948, 'STOCK_APERTURA', 62, '2018-12-10 12:48:46', 'I', 1, '127.0.0.1', 'INSERCIÓN SATISFACTORIA DE UN NUEVO LOTE RE A STOCK'),
(949, 'LOTE_RE', 63, '2018-12-10 12:48:46', 'I', 1, '127.0.0.1', 'INSERCIÓN SATISFACTORIA DE UN NUEVO LOTE RE'),
(950, 'STOCK_APERTURA', 63, '2018-12-10 12:48:46', 'I', 1, '127.0.0.1', 'INSERCIÓN SATISFACTORIA DE UN NUEVO LOTE RE A STOCK'),
(951, 'LOTE_RE', 64, '2018-12-10 12:48:46', 'I', 1, '127.0.0.1', 'INSERCIÓN SATISFACTORIA DE UN NUEVO LOTE RE'),
(952, 'STOCK_APERTURA', 64, '2018-12-10 12:48:46', 'I', 1, '127.0.0.1', 'INSERCIÓN SATISFACTORIA DE UN NUEVO LOTE RE A STOCK'),
(953, 'LOTE_RE', 65, '2018-12-10 12:48:46', 'I', 1, '127.0.0.1', 'INSERCIÓN SATISFACTORIA DE UN NUEVO LOTE RE'),
(954, 'STOCK_APERTURA', 65, '2018-12-10 12:48:46', 'I', 1, '127.0.0.1', 'INSERCIÓN SATISFACTORIA DE UN NUEVO LOTE RE A STOCK'),
(955, 'LOTE_RE', 66, '2018-12-10 12:48:57', 'I', 1, '127.0.0.1', 'INSERCIÓN SATISFACTORIA DE UN NUEVO LOTE RE'),
(956, 'STOCK_APERTURA', 66, '2018-12-10 12:48:57', 'I', 1, '127.0.0.1', 'INSERCIÓN SATISFACTORIA DE UN NUEVO LOTE RE A STOCK'),
(957, 'LOTE_RE', 67, '2018-12-10 12:48:57', 'I', 1, '127.0.0.1', 'INSERCIÓN SATISFACTORIA DE UN NUEVO LOTE RE'),
(958, 'STOCK_APERTURA', 67, '2018-12-10 12:48:57', 'I', 1, '127.0.0.1', 'INSERCIÓN SATISFACTORIA DE UN NUEVO LOTE RE A STOCK'),
(959, 'LOTE_RE', 68, '2018-12-10 12:48:57', 'I', 1, '127.0.0.1', 'INSERCIÓN SATISFACTORIA DE UN NUEVO LOTE RE'),
(960, 'STOCK_APERTURA', 68, '2018-12-10 12:48:57', 'I', 1, '127.0.0.1', 'INSERCIÓN SATISFACTORIA DE UN NUEVO LOTE RE A STOCK'),
(961, 'LOTE_RE', 69, '2018-12-10 12:48:57', 'I', 1, '127.0.0.1', 'INSERCIÓN SATISFACTORIA DE UN NUEVO LOTE RE'),
(962, 'STOCK_APERTURA', 69, '2018-12-10 12:48:58', 'I', 1, '127.0.0.1', 'INSERCIÓN SATISFACTORIA DE UN NUEVO LOTE RE A STOCK'),
(963, 'LOTE_RE', 70, '2018-12-10 12:48:58', 'I', 1, '127.0.0.1', 'INSERCIÓN SATISFACTORIA DE UN NUEVO LOTE RE'),
(964, 'STOCK_APERTURA', 70, '2018-12-10 12:48:58', 'I', 1, '127.0.0.1', 'INSERCIÓN SATISFACTORIA DE UN NUEVO LOTE RE A STOCK'),
(965, 'LOTE_RE', 71, '2018-12-10 12:48:58', 'I', 1, '127.0.0.1', 'INSERCIÓN SATISFACTORIA DE UN NUEVO LOTE RE'),
(966, 'STOCK_APERTURA', 71, '2018-12-10 12:48:58', 'I', 1, '127.0.0.1', 'INSERCIÓN SATISFACTORIA DE UN NUEVO LOTE RE A STOCK'),
(967, 'USUARIO', 1, '2018-12-11 10:03:51', 'L', 1, '127.0.0.1', 'INICIO DE SESIÓN SATISFACTORIO. USUARIO:RAFAEL PRATS RECASEN'),
(968, 'PEDIDO|DETALLE_PEDIDO', 1, '2018-12-11 10:27:59', 'I', 1, '127.0.0.1', 'INSERCIÓN SATISFACTORIA DE UN NUEVO PEDIDO'),
(969, 'PEDIDO|DETALLE_PEDIDO', 2, '2018-12-11 10:27:59', 'I', 1, '127.0.0.1', 'INSERCIÓN SATISFACTORIA DE UN NUEVO PEDIDO'),
(970, 'PEDIDO|DETALLE_PEDIDO', 3, '2018-12-11 10:28:00', 'I', 1, '127.0.0.1', 'INSERCIÓN SATISFACTORIA DE UN NUEVO PEDIDO'),
(971, 'PEDIDO|DETALLE_PEDIDO', 4, '2018-12-11 10:28:00', 'I', 1, '127.0.0.1', 'INSERCIÓN SATISFACTORIA DE UN NUEVO PEDIDO'),
(972, 'PEDIDO|DETALLE_PEDIDO', 5, '2018-12-11 10:28:00', 'I', 1, '127.0.0.1', 'INSERCIÓN SATISFACTORIA DE UN NUEVO PEDIDO'),
(973, 'PEDIDO|DETALLE_PEDIDO', 6, '2018-12-11 10:28:00', 'I', 1, '127.0.0.1', 'INSERCIÓN SATISFACTORIA DE UN NUEVO PEDIDO'),
(974, 'PEDIDO|DETALLE_PEDIDO', 7, '2018-12-11 10:28:00', 'I', 1, '127.0.0.1', 'INSERCIÓN SATISFACTORIA DE UN NUEVO PEDIDO'),
(975, 'PEDIDO|DETALLE_PEDIDO', 8, '2018-12-11 10:28:01', 'I', 1, '127.0.0.1', 'INSERCIÓN SATISFACTORIA DE UN NUEVO PEDIDO'),
(976, 'PEDIDO|DETALLE_PEDIDO', 9, '2018-12-11 10:28:01', 'I', 1, '127.0.0.1', 'INSERCIÓN SATISFACTORIA DE UN NUEVO PEDIDO'),
(977, 'PEDIDO|DETALLE_PEDIDO', 10, '2018-12-11 10:28:01', 'I', 1, '127.0.0.1', 'INSERCIÓN SATISFACTORIA DE UN NUEVO PEDIDO'),
(978, 'PEDIDO|DETALLE_PEDIDO', 11, '2018-12-11 10:28:01', 'I', 1, '127.0.0.1', 'INSERCIÓN SATISFACTORIA DE UN NUEVO PEDIDO'),
(979, 'PEDIDO|DETALLE_PEDIDO', 12, '2018-12-11 10:28:02', 'I', 1, '127.0.0.1', 'INSERCIÓN SATISFACTORIA DE UN NUEVO PEDIDO'),
(980, 'PEDIDO|DETALLE_PEDIDO', 13, '2018-12-11 10:28:02', 'I', 1, '127.0.0.1', 'INSERCIÓN SATISFACTORIA DE UN NUEVO PEDIDO'),
(981, 'PEDIDO|DETALLE_PEDIDO', 14, '2018-12-11 10:28:02', 'I', 1, '127.0.0.1', 'INSERCIÓN SATISFACTORIA DE UN NUEVO PEDIDO'),
(982, 'PEDIDO|DETALLE_PEDIDO', 15, '2018-12-11 10:28:02', 'I', 1, '127.0.0.1', 'INSERCIÓN SATISFACTORIA DE UN NUEVO PEDIDO'),
(983, 'PEDIDO|DETALLE_PEDIDO', 16, '2018-12-11 10:28:02', 'I', 1, '127.0.0.1', 'INSERCIÓN SATISFACTORIA DE UN NUEVO PEDIDO'),
(984, 'PEDIDO|DETALLE_PEDIDO', 17, '2018-12-11 10:28:02', 'I', 1, '127.0.0.1', 'INSERCIÓN SATISFACTORIA DE UN NUEVO PEDIDO'),
(985, 'PEDIDO|DETALLE_PEDIDO', 18, '2018-12-11 10:28:03', 'I', 1, '127.0.0.1', 'INSERCIÓN SATISFACTORIA DE UN NUEVO PEDIDO'),
(986, 'PEDIDO|DETALLE_PEDIDO', 19, '2018-12-11 10:28:03', 'I', 1, '127.0.0.1', 'INSERCIÓN SATISFACTORIA DE UN NUEVO PEDIDO'),
(987, 'PEDIDO|DETALLE_PEDIDO', 20, '2018-12-11 10:28:03', 'I', 1, '127.0.0.1', 'INSERCIÓN SATISFACTORIA DE UN NUEVO PEDIDO'),
(988, 'PEDIDO|DETALLE_PEDIDO', 21, '2018-12-11 10:28:03', 'I', 1, '127.0.0.1', 'INSERCIÓN SATISFACTORIA DE UN NUEVO PEDIDO'),
(989, 'PEDIDO|DETALLE_PEDIDO', 22, '2018-12-11 10:28:03', 'I', 1, '127.0.0.1', 'INSERCIÓN SATISFACTORIA DE UN NUEVO PEDIDO'),
(990, 'PEDIDO|DETALLE_PEDIDO', 23, '2018-12-11 10:28:03', 'I', 1, '127.0.0.1', 'INSERCIÓN SATISFACTORIA DE UN NUEVO PEDIDO'),
(991, 'PEDIDO|DETALLE_PEDIDO', 24, '2018-12-11 10:28:04', 'I', 1, '127.0.0.1', 'INSERCIÓN SATISFACTORIA DE UN NUEVO PEDIDO'),
(992, 'PEDIDO|DETALLE_PEDIDO', 25, '2018-12-11 10:28:04', 'I', 1, '127.0.0.1', 'INSERCIÓN SATISFACTORIA DE UN NUEVO PEDIDO'),
(993, 'PEDIDO|DETALLE_PEDIDO', 26, '2018-12-11 10:28:04', 'I', 1, '127.0.0.1', 'INSERCIÓN SATISFACTORIA DE UN NUEVO PEDIDO'),
(994, 'PEDIDO|DETALLE_PEDIDO', 27, '2018-12-11 10:28:04', 'I', 1, '127.0.0.1', 'INSERCIÓN SATISFACTORIA DE UN NUEVO PEDIDO'),
(995, 'PEDIDO|DETALLE_PEDIDO', 28, '2018-12-11 10:28:04', 'I', 1, '127.0.0.1', 'INSERCIÓN SATISFACTORIA DE UN NUEVO PEDIDO'),
(996, 'PEDIDO|DETALLE_PEDIDO', 29, '2018-12-11 10:28:04', 'I', 1, '127.0.0.1', 'INSERCIÓN SATISFACTORIA DE UN NUEVO PEDIDO'),
(997, 'PEDIDO|DETALLE_PEDIDO', 30, '2018-12-11 10:28:04', 'I', 1, '127.0.0.1', 'INSERCIÓN SATISFACTORIA DE UN NUEVO PEDIDO'),
(998, 'PEDIDO|DETALLE_PEDIDO', 31, '2018-12-11 10:28:05', 'I', 1, '127.0.0.1', 'INSERCIÓN SATISFACTORIA DE UN NUEVO PEDIDO'),
(999, 'PEDIDO|DETALLE_PEDIDO', 32, '2018-12-11 10:28:05', 'I', 1, '127.0.0.1', 'INSERCIÓN SATISFACTORIA DE UN NUEVO PEDIDO'),
(1000, 'PEDIDO|DETALLE_PEDIDO', 33, '2018-12-11 10:28:05', 'I', 1, '127.0.0.1', 'INSERCIÓN SATISFACTORIA DE UN NUEVO PEDIDO'),
(1001, 'PEDIDO|DETALLE_PEDIDO', 34, '2018-12-11 10:28:05', 'I', 1, '127.0.0.1', 'INSERCIÓN SATISFACTORIA DE UN NUEVO PEDIDO'),
(1002, 'PEDIDO|DETALLE_PEDIDO', 35, '2018-12-11 10:28:05', 'I', 1, '127.0.0.1', 'INSERCIÓN SATISFACTORIA DE UN NUEVO PEDIDO'),
(1003, 'PEDIDO|DETALLE_PEDIDO', 36, '2018-12-11 10:28:05', 'I', 1, '127.0.0.1', 'INSERCIÓN SATISFACTORIA DE UN NUEVO PEDIDO'),
(1004, 'PEDIDO|DETALLE_PEDIDO', 37, '2018-12-11 10:28:05', 'I', 1, '127.0.0.1', 'INSERCIÓN SATISFACTORIA DE UN NUEVO PEDIDO'),
(1005, 'PEDIDO|DETALLE_PEDIDO', 38, '2018-12-11 10:28:06', 'I', 1, '127.0.0.1', 'INSERCIÓN SATISFACTORIA DE UN NUEVO PEDIDO'),
(1006, 'PEDIDO|DETALLE_PEDIDO', 39, '2018-12-11 10:28:06', 'I', 1, '127.0.0.1', 'INSERCIÓN SATISFACTORIA DE UN NUEVO PEDIDO'),
(1007, 'PEDIDO|DETALLE_PEDIDO', 40, '2018-12-11 10:28:06', 'I', 1, '127.0.0.1', 'INSERCIÓN SATISFACTORIA DE UN NUEVO PEDIDO'),
(1008, 'PEDIDO|DETALLE_PEDIDO', 41, '2018-12-11 10:28:06', 'I', 1, '127.0.0.1', 'INSERCIÓN SATISFACTORIA DE UN NUEVO PEDIDO'),
(1009, 'PEDIDO|DETALLE_PEDIDO', 42, '2018-12-11 10:28:06', 'I', 1, '127.0.0.1', 'INSERCIÓN SATISFACTORIA DE UN NUEVO PEDIDO'),
(1010, 'PEDIDO|DETALLE_PEDIDO', 43, '2018-12-11 10:28:06', 'I', 1, '127.0.0.1', 'INSERCIÓN SATISFACTORIA DE UN NUEVO PEDIDO'),
(1011, 'PEDIDO|DETALLE_PEDIDO', 44, '2018-12-11 10:28:06', 'I', 1, '127.0.0.1', 'INSERCIÓN SATISFACTORIA DE UN NUEVO PEDIDO'),
(1012, 'PEDIDO|DETALLE_PEDIDO', 45, '2018-12-11 10:28:06', 'I', 1, '127.0.0.1', 'INSERCIÓN SATISFACTORIA DE UN NUEVO PEDIDO'),
(1013, 'PEDIDO|DETALLE_PEDIDO', 46, '2018-12-11 10:28:06', 'I', 1, '127.0.0.1', 'INSERCIÓN SATISFACTORIA DE UN NUEVO PEDIDO'),
(1014, 'PEDIDO|DETALLE_PEDIDO', 47, '2018-12-11 10:28:06', 'I', 1, '127.0.0.1', 'INSERCIÓN SATISFACTORIA DE UN NUEVO PEDIDO'),
(1015, 'PEDIDO|DETALLE_PEDIDO', 48, '2018-12-11 10:28:06', 'I', 1, '127.0.0.1', 'INSERCIÓN SATISFACTORIA DE UN NUEVO PEDIDO'),
(1016, 'PEDIDO|DETALLE_PEDIDO', 49, '2018-12-11 10:28:06', 'I', 1, '127.0.0.1', 'INSERCIÓN SATISFACTORIA DE UN NUEVO PEDIDO'),
(1017, 'PEDIDO|DETALLE_PEDIDO', 50, '2018-12-11 10:28:06', 'I', 1, '127.0.0.1', 'INSERCIÓN SATISFACTORIA DE UN NUEVO PEDIDO'),
(1018, 'PEDIDO|DETALLE_PEDIDO', 51, '2018-12-11 10:28:07', 'I', 1, '127.0.0.1', 'INSERCIÓN SATISFACTORIA DE UN NUEVO PEDIDO'),
(1019, 'PEDIDO|DETALLE_PEDIDO', 52, '2018-12-11 10:28:07', 'I', 1, '127.0.0.1', 'INSERCIÓN SATISFACTORIA DE UN NUEVO PEDIDO'),
(1020, 'PEDIDO|DETALLE_PEDIDO', 53, '2018-12-11 10:28:07', 'I', 1, '127.0.0.1', 'INSERCIÓN SATISFACTORIA DE UN NUEVO PEDIDO'),
(1021, 'PEDIDO|DETALLE_PEDIDO', 54, '2018-12-11 10:32:38', 'I', 1, '127.0.0.1', 'INSERCIÓN SATISFACTORIA DE UN NUEVO PEDIDO'),
(1022, 'PEDIDO|DETALLE_PEDIDO', 55, '2018-12-11 10:32:38', 'I', 1, '127.0.0.1', 'INSERCIÓN SATISFACTORIA DE UN NUEVO PEDIDO'),
(1023, 'PEDIDO|DETALLE_PEDIDO', 56, '2018-12-11 10:32:38', 'I', 1, '127.0.0.1', 'INSERCIÓN SATISFACTORIA DE UN NUEVO PEDIDO'),
(1024, 'PEDIDO|DETALLE_PEDIDO', 57, '2018-12-11 10:32:38', 'I', 1, '127.0.0.1', 'INSERCIÓN SATISFACTORIA DE UN NUEVO PEDIDO'),
(1025, 'PEDIDO|DETALLE_PEDIDO', 58, '2018-12-11 10:32:38', 'I', 1, '127.0.0.1', 'INSERCIÓN SATISFACTORIA DE UN NUEVO PEDIDO'),
(1026, 'PEDIDO|DETALLE_PEDIDO', 59, '2018-12-11 10:32:38', 'I', 1, '127.0.0.1', 'INSERCIÓN SATISFACTORIA DE UN NUEVO PEDIDO'),
(1027, 'PEDIDO|DETALLE_PEDIDO', 60, '2018-12-11 10:32:38', 'I', 1, '127.0.0.1', 'INSERCIÓN SATISFACTORIA DE UN NUEVO PEDIDO'),
(1028, 'PEDIDO|DETALLE_PEDIDO', 61, '2018-12-11 10:32:39', 'I', 1, '127.0.0.1', 'INSERCIÓN SATISFACTORIA DE UN NUEVO PEDIDO'),
(1029, 'PEDIDO|DETALLE_PEDIDO', 62, '2018-12-11 10:32:39', 'I', 1, '127.0.0.1', 'INSERCIÓN SATISFACTORIA DE UN NUEVO PEDIDO'),
(1030, 'PEDIDO|DETALLE_PEDIDO', 63, '2018-12-11 10:32:39', 'I', 1, '127.0.0.1', 'INSERCIÓN SATISFACTORIA DE UN NUEVO PEDIDO'),
(1031, 'PEDIDO|DETALLE_PEDIDO', 64, '2018-12-11 10:32:39', 'I', 1, '127.0.0.1', 'INSERCIÓN SATISFACTORIA DE UN NUEVO PEDIDO'),
(1032, 'PEDIDO|DETALLE_PEDIDO', 65, '2018-12-11 10:32:39', 'I', 1, '127.0.0.1', 'INSERCIÓN SATISFACTORIA DE UN NUEVO PEDIDO'),
(1033, 'PEDIDO|DETALLE_PEDIDO', 66, '2018-12-11 10:32:39', 'I', 1, '127.0.0.1', 'INSERCIÓN SATISFACTORIA DE UN NUEVO PEDIDO'),
(1034, 'PEDIDO|DETALLE_PEDIDO', 67, '2018-12-11 10:32:39', 'I', 1, '127.0.0.1', 'INSERCIÓN SATISFACTORIA DE UN NUEVO PEDIDO'),
(1035, 'PEDIDO|DETALLE_PEDIDO', 68, '2018-12-11 10:32:40', 'I', 1, '127.0.0.1', 'INSERCIÓN SATISFACTORIA DE UN NUEVO PEDIDO'),
(1036, 'PEDIDO|DETALLE_PEDIDO', 69, '2018-12-11 10:32:40', 'I', 1, '127.0.0.1', 'INSERCIÓN SATISFACTORIA DE UN NUEVO PEDIDO'),
(1037, 'PEDIDO|DETALLE_PEDIDO', 70, '2018-12-11 10:32:40', 'I', 1, '127.0.0.1', 'INSERCIÓN SATISFACTORIA DE UN NUEVO PEDIDO'),
(1038, 'PEDIDO|DETALLE_PEDIDO', 71, '2018-12-11 10:32:40', 'I', 1, '127.0.0.1', 'INSERCIÓN SATISFACTORIA DE UN NUEVO PEDIDO'),
(1039, 'PEDIDO|DETALLE_PEDIDO', 72, '2018-12-11 10:32:40', 'I', 1, '127.0.0.1', 'INSERCIÓN SATISFACTORIA DE UN NUEVO PEDIDO'),
(1040, 'PEDIDO|DETALLE_PEDIDO', 73, '2018-12-11 10:32:40', 'I', 1, '127.0.0.1', 'INSERCIÓN SATISFACTORIA DE UN NUEVO PEDIDO'),
(1041, 'PEDIDO|DETALLE_PEDIDO', 74, '2018-12-11 10:32:40', 'I', 1, '127.0.0.1', 'INSERCIÓN SATISFACTORIA DE UN NUEVO PEDIDO'),
(1042, 'PEDIDO|DETALLE_PEDIDO', 75, '2018-12-11 10:32:40', 'I', 1, '127.0.0.1', 'INSERCIÓN SATISFACTORIA DE UN NUEVO PEDIDO'),
(1043, 'PEDIDO|DETALLE_PEDIDO', 76, '2018-12-11 10:32:40', 'I', 1, '127.0.0.1', 'INSERCIÓN SATISFACTORIA DE UN NUEVO PEDIDO'),
(1044, 'PEDIDO|DETALLE_PEDIDO', 77, '2018-12-11 10:32:40', 'I', 1, '127.0.0.1', 'INSERCIÓN SATISFACTORIA DE UN NUEVO PEDIDO'),
(1045, 'PEDIDO|DETALLE_PEDIDO', 78, '2018-12-11 10:32:41', 'I', 1, '127.0.0.1', 'INSERCIÓN SATISFACTORIA DE UN NUEVO PEDIDO'),
(1046, 'PEDIDO|DETALLE_PEDIDO', 79, '2018-12-11 10:32:41', 'I', 1, '127.0.0.1', 'INSERCIÓN SATISFACTORIA DE UN NUEVO PEDIDO'),
(1047, 'PEDIDO|DETALLE_PEDIDO', 80, '2018-12-11 10:33:38', 'I', 1, '127.0.0.1', 'INSERCIÓN SATISFACTORIA DE UN NUEVO PEDIDO'),
(1048, 'PEDIDO|DETALLE_PEDIDO', 81, '2018-12-11 10:33:38', 'I', 1, '127.0.0.1', 'INSERCIÓN SATISFACTORIA DE UN NUEVO PEDIDO'),
(1049, 'PEDIDO|DETALLE_PEDIDO', 82, '2018-12-11 10:33:38', 'I', 1, '127.0.0.1', 'INSERCIÓN SATISFACTORIA DE UN NUEVO PEDIDO'),
(1050, 'PEDIDO|DETALLE_PEDIDO', 83, '2018-12-11 10:33:38', 'I', 1, '127.0.0.1', 'INSERCIÓN SATISFACTORIA DE UN NUEVO PEDIDO'),
(1051, 'PEDIDO|DETALLE_PEDIDO', 84, '2018-12-11 10:33:39', 'I', 1, '127.0.0.1', 'INSERCIÓN SATISFACTORIA DE UN NUEVO PEDIDO'),
(1052, 'PEDIDO|DETALLE_PEDIDO', 85, '2018-12-11 10:33:39', 'I', 1, '127.0.0.1', 'INSERCIÓN SATISFACTORIA DE UN NUEVO PEDIDO'),
(1053, 'PEDIDO|DETALLE_PEDIDO', 86, '2018-12-11 10:33:39', 'I', 1, '127.0.0.1', 'INSERCIÓN SATISFACTORIA DE UN NUEVO PEDIDO'),
(1054, 'PEDIDO|DETALLE_PEDIDO', 87, '2018-12-11 10:33:39', 'I', 1, '127.0.0.1', 'INSERCIÓN SATISFACTORIA DE UN NUEVO PEDIDO'),
(1055, 'PEDIDO|DETALLE_PEDIDO', 88, '2018-12-11 10:33:39', 'I', 1, '127.0.0.1', 'INSERCIÓN SATISFACTORIA DE UN NUEVO PEDIDO'),
(1056, 'PEDIDO|DETALLE_PEDIDO', 89, '2018-12-11 10:33:39', 'I', 1, '127.0.0.1', 'INSERCIÓN SATISFACTORIA DE UN NUEVO PEDIDO'),
(1057, 'PEDIDO|DETALLE_PEDIDO', 90, '2018-12-11 10:33:39', 'I', 1, '127.0.0.1', 'INSERCIÓN SATISFACTORIA DE UN NUEVO PEDIDO'),
(1058, 'PEDIDO|DETALLE_PEDIDO', 91, '2018-12-11 10:33:39', 'I', 1, '127.0.0.1', 'INSERCIÓN SATISFACTORIA DE UN NUEVO PEDIDO'),
(1059, 'PEDIDO|DETALLE_PEDIDO', 92, '2018-12-11 10:33:39', 'I', 1, '127.0.0.1', 'INSERCIÓN SATISFACTORIA DE UN NUEVO PEDIDO'),
(1060, 'PEDIDO|DETALLE_PEDIDO', 93, '2018-12-11 10:33:40', 'I', 1, '127.0.0.1', 'INSERCIÓN SATISFACTORIA DE UN NUEVO PEDIDO'),
(1061, 'PEDIDO|DETALLE_PEDIDO', 94, '2018-12-11 10:33:40', 'I', 1, '127.0.0.1', 'INSERCIÓN SATISFACTORIA DE UN NUEVO PEDIDO'),
(1062, 'PEDIDO|DETALLE_PEDIDO', 95, '2018-12-11 10:33:40', 'I', 1, '127.0.0.1', 'INSERCIÓN SATISFACTORIA DE UN NUEVO PEDIDO'),
(1063, 'PEDIDO|DETALLE_PEDIDO', 96, '2018-12-11 10:33:40', 'I', 1, '127.0.0.1', 'INSERCIÓN SATISFACTORIA DE UN NUEVO PEDIDO'),
(1064, 'PEDIDO|DETALLE_PEDIDO', 97, '2018-12-11 10:33:40', 'I', 1, '127.0.0.1', 'INSERCIÓN SATISFACTORIA DE UN NUEVO PEDIDO'),
(1065, 'PEDIDO|DETALLE_PEDIDO', 98, '2018-12-11 10:33:40', 'I', 1, '127.0.0.1', 'INSERCIÓN SATISFACTORIA DE UN NUEVO PEDIDO'),
(1066, 'PEDIDO|DETALLE_PEDIDO', 99, '2018-12-11 10:33:40', 'I', 1, '127.0.0.1', 'INSERCIÓN SATISFACTORIA DE UN NUEVO PEDIDO'),
(1067, 'PEDIDO|DETALLE_PEDIDO', 100, '2018-12-11 10:33:40', 'I', 1, '127.0.0.1', 'INSERCIÓN SATISFACTORIA DE UN NUEVO PEDIDO'),
(1068, 'PEDIDO|DETALLE_PEDIDO', 101, '2018-12-11 10:33:40', 'I', 1, '127.0.0.1', 'INSERCIÓN SATISFACTORIA DE UN NUEVO PEDIDO'),
(1069, 'PEDIDO|DETALLE_PEDIDO', 102, '2018-12-11 10:33:40', 'I', 1, '127.0.0.1', 'INSERCIÓN SATISFACTORIA DE UN NUEVO PEDIDO'),
(1070, 'PEDIDO|DETALLE_PEDIDO', 103, '2018-12-11 10:33:40', 'I', 1, '127.0.0.1', 'INSERCIÓN SATISFACTORIA DE UN NUEVO PEDIDO'),
(1071, 'PEDIDO|DETALLE_PEDIDO', 104, '2018-12-11 10:33:40', 'I', 1, '127.0.0.1', 'INSERCIÓN SATISFACTORIA DE UN NUEVO PEDIDO'),
(1072, 'PEDIDO|DETALLE_PEDIDO', 105, '2018-12-11 10:33:41', 'I', 1, '127.0.0.1', 'INSERCIÓN SATISFACTORIA DE UN NUEVO PEDIDO'),
(1073, 'PEDIDO|DETALLE_PEDIDO', 106, '2018-12-11 10:33:41', 'I', 1, '127.0.0.1', 'INSERCIÓN SATISFACTORIA DE UN NUEVO PEDIDO'),
(1074, 'PEDIDO|DETALLE_PEDIDO', 107, '2018-12-11 10:33:41', 'I', 1, '127.0.0.1', 'INSERCIÓN SATISFACTORIA DE UN NUEVO PEDIDO'),
(1075, 'PEDIDO|DETALLE_PEDIDO', 108, '2018-12-11 10:33:41', 'I', 1, '127.0.0.1', 'INSERCIÓN SATISFACTORIA DE UN NUEVO PEDIDO'),
(1076, 'PEDIDO|DETALLE_PEDIDO', 109, '2018-12-11 10:33:41', 'I', 1, '127.0.0.1', 'INSERCIÓN SATISFACTORIA DE UN NUEVO PEDIDO'),
(1077, 'PEDIDO|DETALLE_PEDIDO', 110, '2018-12-11 10:33:41', 'I', 1, '127.0.0.1', 'INSERCIÓN SATISFACTORIA DE UN NUEVO PEDIDO'),
(1078, 'PEDIDO|DETALLE_PEDIDO', 111, '2018-12-11 10:33:41', 'I', 1, '127.0.0.1', 'INSERCIÓN SATISFACTORIA DE UN NUEVO PEDIDO'),
(1079, 'PEDIDO|DETALLE_PEDIDO', 112, '2018-12-11 10:33:41', 'I', 1, '127.0.0.1', 'INSERCIÓN SATISFACTORIA DE UN NUEVO PEDIDO'),
(1080, 'PEDIDO|DETALLE_PEDIDO', 113, '2018-12-11 10:33:41', 'I', 1, '127.0.0.1', 'INSERCIÓN SATISFACTORIA DE UN NUEVO PEDIDO'),
(1081, 'PEDIDO|DETALLE_PEDIDO', 114, '2018-12-11 10:33:41', 'I', 1, '127.0.0.1', 'INSERCIÓN SATISFACTORIA DE UN NUEVO PEDIDO'),
(1082, 'PEDIDO|DETALLE_PEDIDO', 115, '2018-12-11 10:33:41', 'I', 1, '127.0.0.1', 'INSERCIÓN SATISFACTORIA DE UN NUEVO PEDIDO'),
(1083, 'PEDIDO|DETALLE_PEDIDO', 116, '2018-12-11 10:33:42', 'I', 1, '127.0.0.1', 'INSERCIÓN SATISFACTORIA DE UN NUEVO PEDIDO');
INSERT INTO `bitacora` (`id_bitacora`, `tabla`, `codigo`, `fecha_registro`, `accion`, `id_usuario`, `ip`, `observacion`) VALUES
(1084, 'PEDIDO|DETALLE_PEDIDO', 117, '2018-12-11 10:33:42', 'I', 1, '127.0.0.1', 'INSERCIÓN SATISFACTORIA DE UN NUEVO PEDIDO'),
(1085, 'PEDIDO|DETALLE_PEDIDO', 118, '2018-12-11 10:33:42', 'I', 1, '127.0.0.1', 'INSERCIÓN SATISFACTORIA DE UN NUEVO PEDIDO'),
(1086, 'PEDIDO|DETALLE_PEDIDO', 119, '2018-12-11 10:33:42', 'I', 1, '127.0.0.1', 'INSERCIÓN SATISFACTORIA DE UN NUEVO PEDIDO'),
(1087, 'PEDIDO|DETALLE_PEDIDO', 120, '2018-12-11 10:33:42', 'I', 1, '127.0.0.1', 'INSERCIÓN SATISFACTORIA DE UN NUEVO PEDIDO'),
(1088, 'PEDIDO|DETALLE_PEDIDO', 121, '2018-12-11 10:33:42', 'I', 1, '127.0.0.1', 'INSERCIÓN SATISFACTORIA DE UN NUEVO PEDIDO'),
(1089, 'PEDIDO|DETALLE_PEDIDO', 122, '2018-12-11 10:33:42', 'I', 1, '127.0.0.1', 'INSERCIÓN SATISFACTORIA DE UN NUEVO PEDIDO'),
(1090, 'PEDIDO|DETALLE_PEDIDO', 123, '2018-12-11 10:33:42', 'I', 1, '127.0.0.1', 'INSERCIÓN SATISFACTORIA DE UN NUEVO PEDIDO'),
(1091, 'PEDIDO|DETALLE_PEDIDO', 124, '2018-12-11 10:33:42', 'I', 1, '127.0.0.1', 'INSERCIÓN SATISFACTORIA DE UN NUEVO PEDIDO'),
(1092, 'PEDIDO|DETALLE_PEDIDO', 125, '2018-12-11 10:33:42', 'I', 1, '127.0.0.1', 'INSERCIÓN SATISFACTORIA DE UN NUEVO PEDIDO'),
(1093, 'PEDIDO|DETALLE_PEDIDO', 126, '2018-12-11 10:33:42', 'I', 1, '127.0.0.1', 'INSERCIÓN SATISFACTORIA DE UN NUEVO PEDIDO'),
(1094, 'PEDIDO|DETALLE_PEDIDO', 127, '2018-12-11 10:33:42', 'I', 1, '127.0.0.1', 'INSERCIÓN SATISFACTORIA DE UN NUEVO PEDIDO'),
(1095, 'PEDIDO|DETALLE_PEDIDO', 128, '2018-12-11 10:33:42', 'I', 1, '127.0.0.1', 'INSERCIÓN SATISFACTORIA DE UN NUEVO PEDIDO'),
(1096, 'PEDIDO|DETALLE_PEDIDO', 129, '2018-12-11 10:33:43', 'I', 1, '127.0.0.1', 'INSERCIÓN SATISFACTORIA DE UN NUEVO PEDIDO'),
(1097, 'PEDIDO|DETALLE_PEDIDO', 130, '2018-12-11 10:33:43', 'I', 1, '127.0.0.1', 'INSERCIÓN SATISFACTORIA DE UN NUEVO PEDIDO'),
(1098, 'PEDIDO|DETALLE_PEDIDO', 131, '2018-12-11 10:33:43', 'I', 1, '127.0.0.1', 'INSERCIÓN SATISFACTORIA DE UN NUEVO PEDIDO'),
(1099, 'PEDIDO|DETALLE_PEDIDO', 132, '2018-12-11 10:33:43', 'I', 1, '127.0.0.1', 'INSERCIÓN SATISFACTORIA DE UN NUEVO PEDIDO'),
(1100, 'PEDIDO|DETALLE_PEDIDO', 133, '2018-12-11 10:38:50', 'I', 1, '127.0.0.1', 'INSERCIÓN SATISFACTORIA DE UN NUEVO PEDIDO'),
(1101, 'PEDIDO|DETALLE_PEDIDO', 134, '2018-12-11 10:38:50', 'I', 1, '127.0.0.1', 'INSERCIÓN SATISFACTORIA DE UN NUEVO PEDIDO'),
(1102, 'PEDIDO|DETALLE_PEDIDO', 135, '2018-12-11 10:38:50', 'I', 1, '127.0.0.1', 'INSERCIÓN SATISFACTORIA DE UN NUEVO PEDIDO'),
(1103, 'PEDIDO|DETALLE_PEDIDO', 136, '2018-12-11 10:38:50', 'I', 1, '127.0.0.1', 'INSERCIÓN SATISFACTORIA DE UN NUEVO PEDIDO'),
(1104, 'PEDIDO|DETALLE_PEDIDO', 137, '2018-12-11 10:38:51', 'I', 1, '127.0.0.1', 'INSERCIÓN SATISFACTORIA DE UN NUEVO PEDIDO'),
(1105, 'PEDIDO|DETALLE_PEDIDO', 138, '2018-12-11 10:38:51', 'I', 1, '127.0.0.1', 'INSERCIÓN SATISFACTORIA DE UN NUEVO PEDIDO'),
(1106, 'PEDIDO|DETALLE_PEDIDO', 139, '2018-12-11 10:38:51', 'I', 1, '127.0.0.1', 'INSERCIÓN SATISFACTORIA DE UN NUEVO PEDIDO'),
(1107, 'PEDIDO|DETALLE_PEDIDO', 140, '2018-12-11 10:38:51', 'I', 1, '127.0.0.1', 'INSERCIÓN SATISFACTORIA DE UN NUEVO PEDIDO'),
(1108, 'PEDIDO|DETALLE_PEDIDO', 141, '2018-12-11 10:38:51', 'I', 1, '127.0.0.1', 'INSERCIÓN SATISFACTORIA DE UN NUEVO PEDIDO'),
(1109, 'PEDIDO|DETALLE_PEDIDO', 142, '2018-12-11 10:38:51', 'I', 1, '127.0.0.1', 'INSERCIÓN SATISFACTORIA DE UN NUEVO PEDIDO'),
(1110, 'PEDIDO|DETALLE_PEDIDO', 143, '2018-12-11 10:38:51', 'I', 1, '127.0.0.1', 'INSERCIÓN SATISFACTORIA DE UN NUEVO PEDIDO'),
(1111, 'PEDIDO|DETALLE_PEDIDO', 144, '2018-12-11 10:38:51', 'I', 1, '127.0.0.1', 'INSERCIÓN SATISFACTORIA DE UN NUEVO PEDIDO'),
(1112, 'PEDIDO|DETALLE_PEDIDO', 145, '2018-12-11 10:38:52', 'I', 1, '127.0.0.1', 'INSERCIÓN SATISFACTORIA DE UN NUEVO PEDIDO'),
(1113, 'PEDIDO|DETALLE_PEDIDO', 146, '2018-12-11 10:38:52', 'I', 1, '127.0.0.1', 'INSERCIÓN SATISFACTORIA DE UN NUEVO PEDIDO'),
(1114, 'PEDIDO|DETALLE_PEDIDO', 147, '2018-12-11 10:38:52', 'I', 1, '127.0.0.1', 'INSERCIÓN SATISFACTORIA DE UN NUEVO PEDIDO'),
(1115, 'PEDIDO|DETALLE_PEDIDO', 148, '2018-12-11 10:38:52', 'I', 1, '127.0.0.1', 'INSERCIÓN SATISFACTORIA DE UN NUEVO PEDIDO'),
(1116, 'PEDIDO|DETALLE_PEDIDO', 149, '2018-12-11 10:38:52', 'I', 1, '127.0.0.1', 'INSERCIÓN SATISFACTORIA DE UN NUEVO PEDIDO'),
(1117, 'PEDIDO|DETALLE_PEDIDO', 150, '2018-12-11 10:38:52', 'I', 1, '127.0.0.1', 'INSERCIÓN SATISFACTORIA DE UN NUEVO PEDIDO'),
(1118, 'PEDIDO|DETALLE_PEDIDO', 151, '2018-12-11 10:38:53', 'I', 1, '127.0.0.1', 'INSERCIÓN SATISFACTORIA DE UN NUEVO PEDIDO'),
(1119, 'PEDIDO|DETALLE_PEDIDO', 152, '2018-12-11 10:38:53', 'I', 1, '127.0.0.1', 'INSERCIÓN SATISFACTORIA DE UN NUEVO PEDIDO'),
(1120, 'PEDIDO|DETALLE_PEDIDO', 153, '2018-12-11 10:38:53', 'I', 1, '127.0.0.1', 'INSERCIÓN SATISFACTORIA DE UN NUEVO PEDIDO'),
(1121, 'PEDIDO|DETALLE_PEDIDO', 154, '2018-12-11 10:38:53', 'I', 1, '127.0.0.1', 'INSERCIÓN SATISFACTORIA DE UN NUEVO PEDIDO'),
(1122, 'PEDIDO|DETALLE_PEDIDO', 155, '2018-12-11 10:38:53', 'I', 1, '127.0.0.1', 'INSERCIÓN SATISFACTORIA DE UN NUEVO PEDIDO'),
(1123, 'PEDIDO|DETALLE_PEDIDO', 156, '2018-12-11 10:38:53', 'I', 1, '127.0.0.1', 'INSERCIÓN SATISFACTORIA DE UN NUEVO PEDIDO'),
(1124, 'PEDIDO|DETALLE_PEDIDO', 157, '2018-12-11 10:38:53', 'I', 1, '127.0.0.1', 'INSERCIÓN SATISFACTORIA DE UN NUEVO PEDIDO'),
(1125, 'PEDIDO|DETALLE_PEDIDO', 158, '2018-12-11 10:38:53', 'I', 1, '127.0.0.1', 'INSERCIÓN SATISFACTORIA DE UN NUEVO PEDIDO'),
(1126, 'PEDIDO|DETALLE_PEDIDO', 159, '2018-12-11 10:38:53', 'I', 1, '127.0.0.1', 'INSERCIÓN SATISFACTORIA DE UN NUEVO PEDIDO'),
(1127, 'PEDIDO|DETALLE_PEDIDO', 160, '2018-12-11 10:38:54', 'I', 1, '127.0.0.1', 'INSERCIÓN SATISFACTORIA DE UN NUEVO PEDIDO'),
(1128, 'PEDIDO|DETALLE_PEDIDO', 161, '2018-12-11 10:38:54', 'I', 1, '127.0.0.1', 'INSERCIÓN SATISFACTORIA DE UN NUEVO PEDIDO'),
(1129, 'PEDIDO|DETALLE_PEDIDO', 162, '2018-12-11 10:38:54', 'I', 1, '127.0.0.1', 'INSERCIÓN SATISFACTORIA DE UN NUEVO PEDIDO'),
(1130, 'PEDIDO|DETALLE_PEDIDO', 163, '2018-12-11 10:38:54', 'I', 1, '127.0.0.1', 'INSERCIÓN SATISFACTORIA DE UN NUEVO PEDIDO'),
(1131, 'PEDIDO|DETALLE_PEDIDO', 164, '2018-12-11 10:38:54', 'I', 1, '127.0.0.1', 'INSERCIÓN SATISFACTORIA DE UN NUEVO PEDIDO'),
(1132, 'PEDIDO|DETALLE_PEDIDO', 165, '2018-12-11 10:38:54', 'I', 1, '127.0.0.1', 'INSERCIÓN SATISFACTORIA DE UN NUEVO PEDIDO'),
(1133, 'PEDIDO|DETALLE_PEDIDO', 166, '2018-12-11 10:38:54', 'I', 1, '127.0.0.1', 'INSERCIÓN SATISFACTORIA DE UN NUEVO PEDIDO'),
(1134, 'PEDIDO|DETALLE_PEDIDO', 167, '2018-12-11 10:38:54', 'I', 1, '127.0.0.1', 'INSERCIÓN SATISFACTORIA DE UN NUEVO PEDIDO'),
(1135, 'PEDIDO|DETALLE_PEDIDO', 168, '2018-12-11 10:38:54', 'I', 1, '127.0.0.1', 'INSERCIÓN SATISFACTORIA DE UN NUEVO PEDIDO'),
(1136, 'PEDIDO|DETALLE_PEDIDO', 169, '2018-12-11 10:38:55', 'I', 1, '127.0.0.1', 'INSERCIÓN SATISFACTORIA DE UN NUEVO PEDIDO'),
(1137, 'PEDIDO|DETALLE_PEDIDO', 170, '2018-12-11 10:38:55', 'I', 1, '127.0.0.1', 'INSERCIÓN SATISFACTORIA DE UN NUEVO PEDIDO'),
(1138, 'PEDIDO|DETALLE_PEDIDO', 171, '2018-12-11 10:38:55', 'I', 1, '127.0.0.1', 'INSERCIÓN SATISFACTORIA DE UN NUEVO PEDIDO'),
(1139, 'PEDIDO|DETALLE_PEDIDO', 172, '2018-12-11 10:38:55', 'I', 1, '127.0.0.1', 'INSERCIÓN SATISFACTORIA DE UN NUEVO PEDIDO'),
(1140, 'PEDIDO|DETALLE_PEDIDO', 173, '2018-12-11 10:38:55', 'I', 1, '127.0.0.1', 'INSERCIÓN SATISFACTORIA DE UN NUEVO PEDIDO'),
(1141, 'PEDIDO|DETALLE_PEDIDO', 174, '2018-12-11 10:38:55', 'I', 1, '127.0.0.1', 'INSERCIÓN SATISFACTORIA DE UN NUEVO PEDIDO'),
(1142, 'PEDIDO|DETALLE_PEDIDO', 175, '2018-12-11 10:38:55', 'I', 1, '127.0.0.1', 'INSERCIÓN SATISFACTORIA DE UN NUEVO PEDIDO'),
(1143, 'PEDIDO|DETALLE_PEDIDO', 176, '2018-12-11 10:38:55', 'I', 1, '127.0.0.1', 'INSERCIÓN SATISFACTORIA DE UN NUEVO PEDIDO'),
(1144, 'PEDIDO|DETALLE_PEDIDO', 177, '2018-12-11 10:38:55', 'I', 1, '127.0.0.1', 'INSERCIÓN SATISFACTORIA DE UN NUEVO PEDIDO'),
(1145, 'PEDIDO|DETALLE_PEDIDO', 178, '2018-12-11 10:38:55', 'I', 1, '127.0.0.1', 'INSERCIÓN SATISFACTORIA DE UN NUEVO PEDIDO'),
(1146, 'PEDIDO|DETALLE_PEDIDO', 179, '2018-12-11 10:38:56', 'I', 1, '127.0.0.1', 'INSERCIÓN SATISFACTORIA DE UN NUEVO PEDIDO'),
(1147, 'PEDIDO|DETALLE_PEDIDO', 180, '2018-12-11 10:38:56', 'I', 1, '127.0.0.1', 'INSERCIÓN SATISFACTORIA DE UN NUEVO PEDIDO'),
(1148, 'PEDIDO|DETALLE_PEDIDO', 181, '2018-12-11 10:38:56', 'I', 1, '127.0.0.1', 'INSERCIÓN SATISFACTORIA DE UN NUEVO PEDIDO'),
(1149, 'PEDIDO|DETALLE_PEDIDO', 182, '2018-12-11 10:38:56', 'I', 1, '127.0.0.1', 'INSERCIÓN SATISFACTORIA DE UN NUEVO PEDIDO'),
(1150, 'PEDIDO|DETALLE_PEDIDO', 183, '2018-12-11 10:38:56', 'I', 1, '127.0.0.1', 'INSERCIÓN SATISFACTORIA DE UN NUEVO PEDIDO'),
(1151, 'PEDIDO|DETALLE_PEDIDO', 184, '2018-12-11 10:38:56', 'I', 1, '127.0.0.1', 'INSERCIÓN SATISFACTORIA DE UN NUEVO PEDIDO'),
(1152, 'PEDIDO|DETALLE_PEDIDO', 185, '2018-12-11 10:38:56', 'I', 1, '127.0.0.1', 'INSERCIÓN SATISFACTORIA DE UN NUEVO PEDIDO'),
(1153, 'PEDIDO|DETALLE_PEDIDO', 186, '2018-12-11 10:40:53', 'I', 1, '127.0.0.1', 'INSERCIÓN SATISFACTORIA DE UN NUEVO PEDIDO'),
(1154, 'PEDIDO|DETALLE_PEDIDO', 187, '2018-12-11 10:40:53', 'I', 1, '127.0.0.1', 'INSERCIÓN SATISFACTORIA DE UN NUEVO PEDIDO'),
(1155, 'PEDIDO|DETALLE_PEDIDO', 188, '2018-12-11 10:40:53', 'I', 1, '127.0.0.1', 'INSERCIÓN SATISFACTORIA DE UN NUEVO PEDIDO'),
(1156, 'PEDIDO|DETALLE_PEDIDO', 189, '2018-12-11 10:40:54', 'I', 1, '127.0.0.1', 'INSERCIÓN SATISFACTORIA DE UN NUEVO PEDIDO'),
(1157, 'PEDIDO|DETALLE_PEDIDO', 190, '2018-12-11 10:40:54', 'I', 1, '127.0.0.1', 'INSERCIÓN SATISFACTORIA DE UN NUEVO PEDIDO'),
(1158, 'PEDIDO|DETALLE_PEDIDO', 191, '2018-12-11 10:40:54', 'I', 1, '127.0.0.1', 'INSERCIÓN SATISFACTORIA DE UN NUEVO PEDIDO'),
(1159, 'PEDIDO|DETALLE_PEDIDO', 192, '2018-12-11 10:40:54', 'I', 1, '127.0.0.1', 'INSERCIÓN SATISFACTORIA DE UN NUEVO PEDIDO'),
(1160, 'PEDIDO|DETALLE_PEDIDO', 193, '2018-12-11 10:40:54', 'I', 1, '127.0.0.1', 'INSERCIÓN SATISFACTORIA DE UN NUEVO PEDIDO'),
(1161, 'PEDIDO|DETALLE_PEDIDO', 194, '2018-12-11 10:40:54', 'I', 1, '127.0.0.1', 'INSERCIÓN SATISFACTORIA DE UN NUEVO PEDIDO'),
(1162, 'PEDIDO|DETALLE_PEDIDO', 195, '2018-12-11 10:40:54', 'I', 1, '127.0.0.1', 'INSERCIÓN SATISFACTORIA DE UN NUEVO PEDIDO'),
(1163, 'PEDIDO|DETALLE_PEDIDO', 196, '2018-12-11 10:40:54', 'I', 1, '127.0.0.1', 'INSERCIÓN SATISFACTORIA DE UN NUEVO PEDIDO'),
(1164, 'PEDIDO|DETALLE_PEDIDO', 197, '2018-12-11 10:40:55', 'I', 1, '127.0.0.1', 'INSERCIÓN SATISFACTORIA DE UN NUEVO PEDIDO'),
(1165, 'CLASIFICACION_VERDE', 7, '2018-12-11 11:16:29', 'I', 1, '127.0.0.1', 'INSERCIÓN SATISFACTORIA DE UNA NUEVA CLASIFICACIÓN EN VERDE'),
(1166, 'DETALLE_CLASIFICACION_VERDE', 105, '2018-12-11 11:16:30', 'I', 1, '127.0.0.1', 'INSERCIÓN SATISFACTORIA DE UN NUEVO DETALLE DE LA CLASIFICACIÓN EN VERDE'),
(1167, 'DETALLE_CLASIFICACION_VERDE', 106, '2018-12-11 11:16:30', 'I', 1, '127.0.0.1', 'INSERCIÓN SATISFACTORIA DE UN NUEVO DETALLE DE LA CLASIFICACIÓN EN VERDE'),
(1168, 'DETALLE_CLASIFICACION_VERDE', 107, '2018-12-11 11:16:30', 'I', 1, '127.0.0.1', 'INSERCIÓN SATISFACTORIA DE UN NUEVO DETALLE DE LA CLASIFICACIÓN EN VERDE'),
(1169, 'DETALLE_CLASIFICACION_VERDE', 108, '2018-12-11 11:16:30', 'I', 1, '127.0.0.1', 'INSERCIÓN SATISFACTORIA DE UN NUEVO DETALLE DE LA CLASIFICACIÓN EN VERDE'),
(1170, 'DETALLE_CLASIFICACION_VERDE', 109, '2018-12-11 11:16:30', 'I', 1, '127.0.0.1', 'INSERCIÓN SATISFACTORIA DE UN NUEVO DETALLE DE LA CLASIFICACIÓN EN VERDE'),
(1171, 'DETALLE_CLASIFICACION_VERDE', 110, '2018-12-11 11:16:30', 'I', 1, '127.0.0.1', 'INSERCIÓN SATISFACTORIA DE UN NUEVO DETALLE DE LA CLASIFICACIÓN EN VERDE'),
(1172, 'DETALLE_CLASIFICACION_VERDE', 111, '2018-12-11 11:16:52', 'I', 1, '127.0.0.1', 'INSERCIÓN SATISFACTORIA DE UN NUEVO DETALLE DE LA CLASIFICACIÓN EN VERDE'),
(1173, 'DETALLE_CLASIFICACION_VERDE', 112, '2018-12-11 11:16:52', 'I', 1, '127.0.0.1', 'INSERCIÓN SATISFACTORIA DE UN NUEVO DETALLE DE LA CLASIFICACIÓN EN VERDE'),
(1174, 'DETALLE_CLASIFICACION_VERDE', 113, '2018-12-11 11:16:52', 'I', 1, '127.0.0.1', 'INSERCIÓN SATISFACTORIA DE UN NUEVO DETALLE DE LA CLASIFICACIÓN EN VERDE'),
(1175, 'DETALLE_CLASIFICACION_VERDE', 114, '2018-12-11 11:16:53', 'I', 1, '127.0.0.1', 'INSERCIÓN SATISFACTORIA DE UN NUEVO DETALLE DE LA CLASIFICACIÓN EN VERDE'),
(1176, 'DETALLE_CLASIFICACION_VERDE', 115, '2018-12-11 11:17:10', 'I', 1, '127.0.0.1', 'INSERCIÓN SATISFACTORIA DE UN NUEVO DETALLE DE LA CLASIFICACIÓN EN VERDE'),
(1177, 'DETALLE_CLASIFICACION_VERDE', 116, '2018-12-11 11:17:11', 'I', 1, '127.0.0.1', 'INSERCIÓN SATISFACTORIA DE UN NUEVO DETALLE DE LA CLASIFICACIÓN EN VERDE'),
(1178, 'DETALLE_CLASIFICACION_VERDE', 117, '2018-12-11 11:17:11', 'I', 1, '127.0.0.1', 'INSERCIÓN SATISFACTORIA DE UN NUEVO DETALLE DE LA CLASIFICACIÓN EN VERDE'),
(1179, 'DETALLE_CLASIFICACION_VERDE', 118, '2018-12-11 11:17:11', 'I', 1, '127.0.0.1', 'INSERCIÓN SATISFACTORIA DE UN NUEVO DETALLE DE LA CLASIFICACIÓN EN VERDE'),
(1180, 'DETALLE_CLASIFICACION_VERDE', 119, '2018-12-11 11:17:11', 'I', 1, '127.0.0.1', 'INSERCIÓN SATISFACTORIA DE UN NUEVO DETALLE DE LA CLASIFICACIÓN EN VERDE'),
(1181, 'DETALLE_CLASIFICACION_VERDE', 120, '2018-12-11 11:17:11', 'I', 1, '127.0.0.1', 'INSERCIÓN SATISFACTORIA DE UN NUEVO DETALLE DE LA CLASIFICACIÓN EN VERDE'),
(1182, 'DETALLE_CLASIFICACION_VERDE', 121, '2018-12-11 11:17:49', 'I', 1, '127.0.0.1', 'INSERCIÓN SATISFACTORIA DE UN NUEVO DETALLE DE LA CLASIFICACIÓN EN VERDE'),
(1183, 'DETALLE_CLASIFICACION_VERDE', 122, '2018-12-11 11:17:50', 'I', 1, '127.0.0.1', 'INSERCIÓN SATISFACTORIA DE UN NUEVO DETALLE DE LA CLASIFICACIÓN EN VERDE'),
(1184, 'DETALLE_CLASIFICACION_VERDE', 123, '2018-12-11 11:17:50', 'I', 1, '127.0.0.1', 'INSERCIÓN SATISFACTORIA DE UN NUEVO DETALLE DE LA CLASIFICACIÓN EN VERDE'),
(1185, 'DETALLE_CLASIFICACION_VERDE', 124, '2018-12-11 11:17:50', 'I', 1, '127.0.0.1', 'INSERCIÓN SATISFACTORIA DE UN NUEVO DETALLE DE LA CLASIFICACIÓN EN VERDE'),
(1186, 'DETALLE_CLASIFICACION_VERDE', 125, '2018-12-11 11:17:50', 'I', 1, '127.0.0.1', 'INSERCIÓN SATISFACTORIA DE UN NUEVO DETALLE DE LA CLASIFICACIÓN EN VERDE'),
(1187, 'DETALLE_CLASIFICACION_VERDE', 126, '2018-12-11 11:17:50', 'I', 1, '127.0.0.1', 'INSERCIÓN SATISFACTORIA DE UN NUEVO DETALLE DE LA CLASIFICACIÓN EN VERDE'),
(1188, 'LOTE_RE', 72, '2018-12-11 11:18:02', 'I', 1, '127.0.0.1', 'INSERCIÓN SATISFACTORIA DE UN NUEVO LOTE RE'),
(1189, 'STOCK_APERTURA', 72, '2018-12-11 11:18:03', 'I', 1, '127.0.0.1', 'INSERCIÓN SATISFACTORIA DE UN NUEVO LOTE RE A STOCK'),
(1190, 'LOTE_RE', 73, '2018-12-11 11:18:03', 'I', 1, '127.0.0.1', 'INSERCIÓN SATISFACTORIA DE UN NUEVO LOTE RE'),
(1191, 'STOCK_APERTURA', 73, '2018-12-11 11:18:03', 'I', 1, '127.0.0.1', 'INSERCIÓN SATISFACTORIA DE UN NUEVO LOTE RE A STOCK'),
(1192, 'LOTE_RE', 74, '2018-12-11 11:18:03', 'I', 1, '127.0.0.1', 'INSERCIÓN SATISFACTORIA DE UN NUEVO LOTE RE'),
(1193, 'STOCK_APERTURA', 74, '2018-12-11 11:18:03', 'I', 1, '127.0.0.1', 'INSERCIÓN SATISFACTORIA DE UN NUEVO LOTE RE A STOCK'),
(1194, 'LOTE_RE', 75, '2018-12-11 11:18:03', 'I', 1, '127.0.0.1', 'INSERCIÓN SATISFACTORIA DE UN NUEVO LOTE RE'),
(1195, 'STOCK_APERTURA', 75, '2018-12-11 11:18:03', 'I', 1, '127.0.0.1', 'INSERCIÓN SATISFACTORIA DE UN NUEVO LOTE RE A STOCK'),
(1196, 'LOTE_RE', 76, '2018-12-11 11:18:03', 'I', 1, '127.0.0.1', 'INSERCIÓN SATISFACTORIA DE UN NUEVO LOTE RE'),
(1197, 'STOCK_APERTURA', 76, '2018-12-11 11:18:03', 'I', 1, '127.0.0.1', 'INSERCIÓN SATISFACTORIA DE UN NUEVO LOTE RE A STOCK'),
(1198, 'LOTE_RE', 77, '2018-12-11 11:18:04', 'I', 1, '127.0.0.1', 'INSERCIÓN SATISFACTORIA DE UN NUEVO LOTE RE'),
(1199, 'STOCK_APERTURA', 77, '2018-12-11 11:18:04', 'I', 1, '127.0.0.1', 'INSERCIÓN SATISFACTORIA DE UN NUEVO LOTE RE A STOCK'),
(1200, 'LOTE_RE', 78, '2018-12-11 11:18:13', 'I', 1, '127.0.0.1', 'INSERCIÓN SATISFACTORIA DE UN NUEVO LOTE RE'),
(1201, 'STOCK_APERTURA', 78, '2018-12-11 11:18:13', 'I', 1, '127.0.0.1', 'INSERCIÓN SATISFACTORIA DE UN NUEVO LOTE RE A STOCK'),
(1202, 'LOTE_RE', 79, '2018-12-11 11:18:14', 'I', 1, '127.0.0.1', 'INSERCIÓN SATISFACTORIA DE UN NUEVO LOTE RE'),
(1203, 'STOCK_APERTURA', 79, '2018-12-11 11:18:14', 'I', 1, '127.0.0.1', 'INSERCIÓN SATISFACTORIA DE UN NUEVO LOTE RE A STOCK'),
(1204, 'LOTE_RE', 80, '2018-12-11 11:18:14', 'I', 1, '127.0.0.1', 'INSERCIÓN SATISFACTORIA DE UN NUEVO LOTE RE'),
(1205, 'STOCK_APERTURA', 80, '2018-12-11 11:18:14', 'I', 1, '127.0.0.1', 'INSERCIÓN SATISFACTORIA DE UN NUEVO LOTE RE A STOCK'),
(1206, 'LOTE_RE', 81, '2018-12-11 11:18:14', 'I', 1, '127.0.0.1', 'INSERCIÓN SATISFACTORIA DE UN NUEVO LOTE RE'),
(1207, 'STOCK_APERTURA', 81, '2018-12-11 11:18:14', 'I', 1, '127.0.0.1', 'INSERCIÓN SATISFACTORIA DE UN NUEVO LOTE RE A STOCK'),
(1208, 'LOTE_RE', 82, '2018-12-11 11:18:15', 'I', 1, '127.0.0.1', 'INSERCIÓN SATISFACTORIA DE UN NUEVO LOTE RE'),
(1209, 'STOCK_APERTURA', 82, '2018-12-11 11:18:15', 'I', 1, '127.0.0.1', 'INSERCIÓN SATISFACTORIA DE UN NUEVO LOTE RE A STOCK'),
(1210, 'LOTE_RE', 83, '2018-12-11 11:18:15', 'I', 1, '127.0.0.1', 'INSERCIÓN SATISFACTORIA DE UN NUEVO LOTE RE'),
(1211, 'STOCK_APERTURA', 83, '2018-12-11 11:18:15', 'I', 1, '127.0.0.1', 'INSERCIÓN SATISFACTORIA DE UN NUEVO LOTE RE A STOCK'),
(1212, 'LOTE_RE', 84, '2018-12-11 11:18:23', 'I', 1, '127.0.0.1', 'INSERCIÓN SATISFACTORIA DE UN NUEVO LOTE RE'),
(1213, 'STOCK_APERTURA', 84, '2018-12-11 11:18:24', 'I', 1, '127.0.0.1', 'INSERCIÓN SATISFACTORIA DE UN NUEVO LOTE RE A STOCK'),
(1214, 'LOTE_RE', 85, '2018-12-11 11:18:24', 'I', 1, '127.0.0.1', 'INSERCIÓN SATISFACTORIA DE UN NUEVO LOTE RE'),
(1215, 'STOCK_APERTURA', 85, '2018-12-11 11:18:24', 'I', 1, '127.0.0.1', 'INSERCIÓN SATISFACTORIA DE UN NUEVO LOTE RE A STOCK'),
(1216, 'LOTE_RE', 86, '2018-12-11 11:18:24', 'I', 1, '127.0.0.1', 'INSERCIÓN SATISFACTORIA DE UN NUEVO LOTE RE'),
(1217, 'STOCK_APERTURA', 86, '2018-12-11 11:18:24', 'I', 1, '127.0.0.1', 'INSERCIÓN SATISFACTORIA DE UN NUEVO LOTE RE A STOCK'),
(1218, 'LOTE_RE', 87, '2018-12-11 11:18:24', 'I', 1, '127.0.0.1', 'INSERCIÓN SATISFACTORIA DE UN NUEVO LOTE RE'),
(1219, 'STOCK_APERTURA', 87, '2018-12-11 11:18:24', 'I', 1, '127.0.0.1', 'INSERCIÓN SATISFACTORIA DE UN NUEVO LOTE RE A STOCK'),
(1220, 'LOTE_RE', 88, '2018-12-11 11:18:24', 'I', 1, '127.0.0.1', 'INSERCIÓN SATISFACTORIA DE UN NUEVO LOTE RE'),
(1221, 'STOCK_APERTURA', 88, '2018-12-11 11:18:25', 'I', 1, '127.0.0.1', 'INSERCIÓN SATISFACTORIA DE UN NUEVO LOTE RE A STOCK'),
(1222, 'LOTE_RE', 89, '2018-12-11 11:18:25', 'I', 1, '127.0.0.1', 'INSERCIÓN SATISFACTORIA DE UN NUEVO LOTE RE'),
(1223, 'STOCK_APERTURA', 89, '2018-12-11 11:18:25', 'I', 1, '127.0.0.1', 'INSERCIÓN SATISFACTORIA DE UN NUEVO LOTE RE A STOCK'),
(1224, 'USUARIO', 1, '2018-12-12 08:37:53', 'L', 1, '127.0.0.1', 'INICIO DE SESIÓN SATISFACTORIO. USUARIO:RAFAEL PRATS RECASEN'),
(1225, 'USUARIO', 1, '2018-12-12 12:56:45', 'L', 1, '127.0.0.1', 'INICIO DE SESIÓN SATISFACTORIO. USUARIO:RAFAEL PRATS RECASEN'),
(1226, 'USUARIO', 1, '2018-12-12 15:39:45', 'L', 1, '127.0.0.1', 'INICIO DE SESIÓN SATISFACTORIO. USUARIO:RAFAEL PRATS RECASEN'),
(1227, 'USUARIO', 1, '2018-12-13 08:58:38', 'L', 1, '127.0.0.1', 'INICIO DE SESIÓN SATISFACTORIO. USUARIO:RAFAEL PRATS RECASEN'),
(1228, 'USUARIO', 1, '2018-12-13 12:31:05', 'L', 1, '192.168.154.141', 'INICIO DE SESIÓN SATISFACTORIO. USUARIO:RAFAEL PRATS RECASEN'),
(1229, 'USUARIO', 1, '2018-12-13 12:52:55', 'C', 1, '192.168.154.141', 'CERRADO DE SESSION SATISFACTORIO'),
(1230, 'USUARIO', 1, '2018-12-14 09:19:09', 'L', 1, '192.168.154.123', 'INICIO DE SESIÓN SATISFACTORIO. USUARIO:RAFAEL PRATS RECASEN'),
(1231, 'USUARIO', 1, '2018-12-14 11:30:38', 'C', 1, '192.168.154.123', 'CERRADO DE SESSION SATISFACTORIO'),
(1232, 'USUARIO', 1, '2018-12-14 11:35:47', 'L', 1, '127.0.0.1', 'INICIO DE SESIÓN SATISFACTORIO. USUARIO:RAFAEL PRATS RECASEN'),
(1233, 'USUARIO', 1, '2018-12-17 08:10:35', 'L', 1, '127.0.0.1', 'INICIO DE SESIÓN SATISFACTORIO. USUARIO:RAFAEL PRATS RECASEN'),
(1234, 'CLIENTE|DETALLE_CLIENTE', 1, '2018-12-17 14:08:40', 'I', 1, '127.0.0.1', 'INSERCIÓN SATISFACTORIA DE UN NUEVO CLIENTE CON SUS DETALLES(ID GUARDADO TABLA DETALLE_CLIENTE)'),
(1235, 'CONFIGURACION_EMPRESA', 9, '2018-12-17 14:09:07', 'I', 1, '127.0.0.1', 'INSERCIÓN SATISFACTORIA DE UNA NUEVA AGENCIA DE CARGA'),
(1236, 'CONFIGURACION_EMPRESA', 9, '2018-12-17 14:09:17', 'I', 1, '127.0.0.1', 'INSERCIÓN SATISFACTORIA DE UNA NUEVA AGENCIA DE CARGA'),
(1237, 'CONFIGURACION_EMPRESA', 9, '2018-12-17 14:09:33', 'I', 1, '127.0.0.1', 'INSERCIÓN SATISFACTORIA DE UNA NUEVA AGENCIA DE CARGA'),
(1238, 'CONFIGURACION_EMPRESA', 9, '2018-12-17 14:09:46', 'I', 1, '127.0.0.1', 'INSERCIÓN SATISFACTORIA DE UNA NUEVA AGENCIA DE CARGA'),
(1239, 'CONFIGURACION_EMPRESA', 9, '2018-12-17 14:09:59', 'I', 1, '127.0.0.1', 'INSERCIÓN SATISFACTORIA DE UNA NUEVA AGENCIA DE CARGA'),
(1240, 'CONFIGURACION_EMPRESA', 9, '2018-12-17 14:10:27', 'I', 1, '127.0.0.1', 'INSERCIÓN SATISFACTORIA DE UNA NUEVA AGENCIA DE CARGA'),
(1241, 'CONFIGURACION_EMPRESA', 9, '2018-12-17 14:12:24', 'I', 1, '127.0.0.1', 'INSERCIÓN SATISFACTORIA DE UNA NUEVA AGENCIA DE CARGA'),
(1242, 'CONFIGURACION_EMPRESA', 9, '2018-12-17 14:12:35', 'I', 1, '127.0.0.1', 'INSERCIÓN SATISFACTORIA DE UNA NUEVA AGENCIA DE CARGA'),
(1243, 'AGENCIA_TRANPOSRTE', 3, '2018-12-17 14:12:58', 'I', 1, '127.0.0.1', 'INSERCIÓN SATISFACTORIA DE UNA NUEVA AGENCIA DE TRANSPORTE'),
(1244, 'AGENCIA_TRANPOSRTE', 3, '2018-12-17 14:13:20', 'I', 1, '127.0.0.1', 'INSERCIÓN SATISFACTORIA DE UNA NUEVA AGENCIA DE TRANSPORTE'),
(1245, 'AGENCIA_TRANPOSRTE', 3, '2018-12-17 14:13:32', 'I', 1, '127.0.0.1', 'INSERCIÓN SATISFACTORIA DE UNA NUEVA AGENCIA DE TRANSPORTE'),
(1246, 'MARCA', 4, '2018-12-17 14:15:49', 'U', 1, '127.0.0.1', 'ACTUALIZACIÓN SATISFACTORIA DE UNA NUEVA MARCA'),
(1247, 'MARCA', 4, '2018-12-17 14:15:56', 'U', 1, '127.0.0.1', 'ACTUALIZACIÓN SATISFACTORIA DE UNA NUEVA MARCA'),
(1248, 'MARCA', 4, '2018-12-17 14:16:07', 'U', 1, '127.0.0.1', 'ACTUALIZACIÓN SATISFACTORIA DE UNA NUEVA MARCA'),
(1249, 'MARCA', 4, '2018-12-17 14:16:18', 'U', 1, '127.0.0.1', 'ACTUALIZACIÓN SATISFACTORIA DE UNA NUEVA MARCA'),
(1250, 'MARCA', 4, '2018-12-17 14:16:34', 'U', 1, '127.0.0.1', 'ACTUALIZACIÓN SATISFACTORIA DE UNA NUEVA MARCA'),
(1251, 'CLIENTE_AGENCIACARGA', 1, '2018-12-17 14:17:04', 'I', 1, '127.0.0.1', 'INSERCIÓN SATISFACTORIA DE LA RELACIÓN DE UNA AGENCIA DE CARGA A UN CLIENTE'),
(1252, 'CLIENTE_AGENCIACARGA', 2, '2018-12-17 14:17:04', 'I', 1, '127.0.0.1', 'INSERCIÓN SATISFACTORIA DE LA RELACIÓN DE UNA AGENCIA DE CARGA A UN CLIENTE'),
(1253, 'DETALLE_EMPAQUE', 15, '2018-12-17 14:34:03', 'U', 1, '127.0.0.1', 'ACTUALIZACIÓN SATISFACTORIA DE UN NUEVO DETALLE DE EMPAQUE'),
(1254, 'DETALLE_EMPAQUE', 16, '2018-12-17 14:34:03', 'I', 1, '127.0.0.1', 'INSERCIÓN SATISFACTORIA DE UN NUEVO DETALLE DE EMPAQUE'),
(1255, 'DETALLE_EMPAQUE', 17, '2018-12-17 14:34:03', 'I', 1, '127.0.0.1', 'INSERCIÓN SATISFACTORIA DE UN NUEVO DETALLE DE EMPAQUE'),
(1256, 'DETALLE_ESPECIFICACIONEMPAQUE', 2, '2018-12-17 14:37:29', 'I', 1, '127.0.0.1', 'INSERCIÓN SATISFACTORIA DE UN NUEVO DETALLE DE ESPECIFICACIÓN DE EMPAQUE'),
(1257, 'DETALLE_ESPECIFICACIONEMPAQUE', 3, '2018-12-17 14:38:30', 'I', 1, '127.0.0.1', 'INSERCIÓN SATISFACTORIA DE UN NUEVO DETALLE DE ESPECIFICACIÓN DE EMPAQUE'),
(1258, 'DETALLE_EMPAQUE', 17, '2018-12-17 14:42:40', 'U', 1, '127.0.0.1', 'ACTUALIZACIÓN SATISFACTORIA DE UN NUEVO DETALLE DE EMPAQUE'),
(1259, 'DETALLE_EMPAQUE', 17, '2018-12-17 14:42:40', 'U', 1, '127.0.0.1', 'ACTUALIZACIÓN SATISFACTORIA DE UN NUEVO DETALLE DE EMPAQUE'),
(1260, 'DETALLE_EMPAQUE', 17, '2018-12-17 14:42:40', 'U', 1, '127.0.0.1', 'ACTUALIZACIÓN SATISFACTORIA DE UN NUEVO DETALLE DE EMPAQUE'),
(1261, 'DETALLE_EMPAQUE', 18, '2018-12-17 14:42:40', 'I', 1, '127.0.0.1', 'INSERCIÓN SATISFACTORIA DE UN NUEVO DETALLE DE EMPAQUE'),
(1262, 'DETALLE_ESPECIFICACIONEMPAQUE', 4, '2018-12-17 14:43:49', 'I', 1, '127.0.0.1', 'INSERCIÓN SATISFACTORIA DE UN NUEVO DETALLE DE ESPECIFICACIÓN DE EMPAQUE'),
(1263, 'CONFIGURACION_EMPRESA', 7, '2018-12-17 15:10:46', 'I', 1, '127.0.0.1', 'INSERCIÓN SATISFACTORIA DE UNA NUEVA CLASIFICACIÓN UNITARIA'),
(1264, 'CONFIGURACION_EMPRESA', 7, '2018-12-17 15:10:46', 'I', 1, '127.0.0.1', 'INSERCIÓN SATISFACTORIA DE UNA NUEVA CLASIFICACIÓN UNITARIA'),
(1265, 'CONFIGURACION_EMPRESA', 7, '2018-12-17 15:10:46', 'I', 1, '127.0.0.1', 'INSERCIÓN SATISFACTORIA DE UNA NUEVA CLASIFICACIÓN UNITARIA'),
(1266, 'CONFIGURACION_EMPRESA', 7, '2018-12-17 15:10:46', 'I', 1, '127.0.0.1', 'INSERCIÓN SATISFACTORIA DE UNA NUEVA CLASIFICACIÓN UNITARIA'),
(1267, 'CONFIGURACION_EMPRESA', 7, '2018-12-17 15:10:46', 'I', 1, '127.0.0.1', 'INSERCIÓN SATISFACTORIA DE UNA NUEVA CLASIFICACIÓN UNITARIA'),
(1268, 'CONFIGURACION_EMPRESA', 7, '2018-12-17 15:10:46', 'I', 1, '127.0.0.1', 'INSERCIÓN SATISFACTORIA DE UNA NUEVA CLASIFICACIÓN UNITARIA'),
(1269, 'CLASIFICACION_RAMO', 6, '2018-12-17 15:10:46', 'I', 1, '127.0.0.1', 'INSERCIÓN SATISFACTORIA DE UNA NUEVA CLASIFICACIÓN POR RAMOS'),
(1270, 'CLASIFICACION_RAMO', 6, '2018-12-17 15:10:46', 'I', 1, '127.0.0.1', 'INSERCIÓN SATISFACTORIA DE UNA NUEVA CLASIFICACIÓN POR RAMOS'),
(1271, 'CLASIFICACION_RAMO', 6, '2018-12-17 15:10:46', 'I', 1, '127.0.0.1', 'INSERCIÓN SATISFACTORIA DE UNA NUEVA CLASIFICACIÓN POR RAMOS'),
(1272, 'CLASIFICACION_RAMO', 6, '2018-12-17 15:10:46', 'I', 1, '127.0.0.1', 'INSERCIÓN SATISFACTORIA DE UNA NUEVA CLASIFICACIÓN POR RAMOS'),
(1273, 'CLASIFICACION_RAMO', 6, '2018-12-17 15:10:46', 'I', 1, '127.0.0.1', 'INSERCIÓN SATISFACTORIA DE UNA NUEVA CLASIFICACIÓN POR RAMOS'),
(1274, 'CLASIFICACION_RAMO', 6, '2018-12-17 15:10:46', 'I', 1, '127.0.0.1', 'INSERCIÓN SATISFACTORIA DE UNA NUEVA CLASIFICACIÓN POR RAMOS'),
(1275, 'CLASIFICACION_RAMO', 1, '2018-12-17 15:10:46', 'I', 1, '127.0.0.1', 'INSERCIÓN SATISFACTORIA DE UN NUEVO EMPAQUE'),
(1276, 'CLASIFICACION_RAMO', 2, '2018-12-17 15:10:47', 'I', 1, '127.0.0.1', 'INSERCIÓN SATISFACTORIA DE UN NUEVO EMPAQUE'),
(1277, 'CLASIFICACION_RAMO', 3, '2018-12-17 15:10:47', 'I', 1, '127.0.0.1', 'INSERCIÓN SATISFACTORIA DE UN NUEVO EMPAQUE'),
(1278, 'CLASIFICACION_RAMO', 4, '2018-12-17 15:10:47', 'I', 1, '127.0.0.1', 'INSERCIÓN SATISFACTORIA DE UN NUEVO EMPAQUE'),
(1279, 'CLASIFICACION_RAMO', 5, '2018-12-17 15:10:47', 'I', 1, '127.0.0.1', 'INSERCIÓN SATISFACTORIA DE UN NUEVO EMPAQUE'),
(1280, 'CLASIFICACION_RAMO', 6, '2018-12-17 15:10:47', 'I', 1, '127.0.0.1', 'INSERCIÓN SATISFACTORIA DE UN NUEVO EMPAQUE'),
(1281, 'CLASIFICACION_RAMO', 7, '2018-12-17 15:10:47', 'I', 1, '127.0.0.1', 'INSERCIÓN SATISFACTORIA DE UN NUEVO EMPAQUE'),
(1282, 'CLASIFICACION_RAMO', 8, '2018-12-17 15:10:47', 'I', 1, '127.0.0.1', 'INSERCIÓN SATISFACTORIA DE UN NUEVO EMPAQUE'),
(1283, 'DETALLE_EMPAQUE', 1, '2018-12-17 15:12:33', 'I', 1, '127.0.0.1', 'INSERCIÓN SATISFACTORIA DE UN NUEVO DETALLE DE EMPAQUE'),
(1284, 'DETALLE_EMPAQUE', 2, '2018-12-17 15:12:33', 'I', 1, '127.0.0.1', 'INSERCIÓN SATISFACTORIA DE UN NUEVO DETALLE DE EMPAQUE'),
(1285, 'DETALLE_EMPAQUE', 3, '2018-12-17 15:12:33', 'I', 1, '127.0.0.1', 'INSERCIÓN SATISFACTORIA DE UN NUEVO DETALLE DE EMPAQUE'),
(1286, 'DETALLE_EMPAQUE', 4, '2018-12-17 15:12:34', 'I', 1, '127.0.0.1', 'INSERCIÓN SATISFACTORIA DE UN NUEVO DETALLE DE EMPAQUE'),
(1287, 'DETALLE_EMPAQUE', 5, '2018-12-17 15:12:34', 'I', 1, '127.0.0.1', 'INSERCIÓN SATISFACTORIA DE UN NUEVO DETALLE DE EMPAQUE'),
(1288, 'DETALLE_EMPAQUE', 6, '2018-12-17 15:12:34', 'I', 1, '127.0.0.1', 'INSERCIÓN SATISFACTORIA DE UN NUEVO DETALLE DE EMPAQUE'),
(1289, 'DETALLE_EMPAQUE', 7, '2018-12-17 15:12:34', 'I', 1, '127.0.0.1', 'INSERCIÓN SATISFACTORIA DE UN NUEVO DETALLE DE EMPAQUE'),
(1290, 'DETALLE_EMPAQUE', 8, '2018-12-17 15:12:34', 'I', 1, '127.0.0.1', 'INSERCIÓN SATISFACTORIA DE UN NUEVO DETALLE DE EMPAQUE'),
(1291, 'DETALLE_EMPAQUE', 9, '2018-12-17 15:12:34', 'I', 1, '127.0.0.1', 'INSERCIÓN SATISFACTORIA DE UN NUEVO DETALLE DE EMPAQUE'),
(1292, 'DETALLE_EMPAQUE', 10, '2018-12-17 15:12:34', 'I', 1, '127.0.0.1', 'INSERCIÓN SATISFACTORIA DE UN NUEVO DETALLE DE EMPAQUE'),
(1293, 'DETALLE_EMPAQUE', 11, '2018-12-17 15:12:34', 'I', 1, '127.0.0.1', 'INSERCIÓN SATISFACTORIA DE UN NUEVO DETALLE DE EMPAQUE'),
(1294, 'DETALLE_EMPAQUE', 12, '2018-12-17 15:12:34', 'I', 1, '127.0.0.1', 'INSERCIÓN SATISFACTORIA DE UN NUEVO DETALLE DE EMPAQUE'),
(1295, 'DETALLE_EMPAQUE', 12, '2018-12-17 15:16:28', 'U', 1, '127.0.0.1', 'ACTUALIZACIÓN SATISFACTORIA DE UN NUEVO DETALLE DE EMPAQUE'),
(1296, 'DETALLE_EMPAQUE', 12, '2018-12-17 15:16:29', 'U', 1, '127.0.0.1', 'ACTUALIZACIÓN SATISFACTORIA DE UN NUEVO DETALLE DE EMPAQUE'),
(1297, 'DETALLE_EMPAQUE', 12, '2018-12-17 15:16:29', 'U', 1, '127.0.0.1', 'ACTUALIZACIÓN SATISFACTORIA DE UN NUEVO DETALLE DE EMPAQUE'),
(1298, 'DETALLE_EMPAQUE', 12, '2018-12-17 15:16:29', 'U', 1, '127.0.0.1', 'ACTUALIZACIÓN SATISFACTORIA DE UN NUEVO DETALLE DE EMPAQUE'),
(1299, 'DETALLE_EMPAQUE', 12, '2018-12-17 15:16:29', 'U', 1, '127.0.0.1', 'ACTUALIZACIÓN SATISFACTORIA DE UN NUEVO DETALLE DE EMPAQUE'),
(1300, 'DETALLE_EMPAQUE', 12, '2018-12-17 15:16:29', 'U', 1, '127.0.0.1', 'ACTUALIZACIÓN SATISFACTORIA DE UN NUEVO DETALLE DE EMPAQUE'),
(1301, 'DETALLE_EMPAQUE', 12, '2018-12-17 15:16:29', 'U', 1, '127.0.0.1', 'ACTUALIZACIÓN SATISFACTORIA DE UN NUEVO DETALLE DE EMPAQUE'),
(1302, 'DETALLE_EMPAQUE', 12, '2018-12-17 15:16:29', 'U', 1, '127.0.0.1', 'ACTUALIZACIÓN SATISFACTORIA DE UN NUEVO DETALLE DE EMPAQUE'),
(1303, 'DETALLE_EMPAQUE', 12, '2018-12-17 15:16:29', 'U', 1, '127.0.0.1', 'ACTUALIZACIÓN SATISFACTORIA DE UN NUEVO DETALLE DE EMPAQUE'),
(1304, 'DETALLE_EMPAQUE', 12, '2018-12-17 15:16:29', 'U', 1, '127.0.0.1', 'ACTUALIZACIÓN SATISFACTORIA DE UN NUEVO DETALLE DE EMPAQUE'),
(1305, 'DETALLE_EMPAQUE', 12, '2018-12-17 15:16:29', 'U', 1, '127.0.0.1', 'ACTUALIZACIÓN SATISFACTORIA DE UN NUEVO DETALLE DE EMPAQUE'),
(1306, 'DETALLE_EMPAQUE', 12, '2018-12-17 15:16:29', 'U', 1, '127.0.0.1', 'ACTUALIZACIÓN SATISFACTORIA DE UN NUEVO DETALLE DE EMPAQUE'),
(1307, 'DETALLE_EMPAQUE', 13, '2018-12-17 15:16:29', 'I', 1, '127.0.0.1', 'INSERCIÓN SATISFACTORIA DE UN NUEVO DETALLE DE EMPAQUE'),
(1308, 'DETALLE_EMPAQUE', 14, '2018-12-17 15:16:29', 'I', 1, '127.0.0.1', 'INSERCIÓN SATISFACTORIA DE UN NUEVO DETALLE DE EMPAQUE'),
(1309, 'DETALLE_EMPAQUE', 15, '2018-12-17 15:16:29', 'I', 1, '127.0.0.1', 'INSERCIÓN SATISFACTORIA DE UN NUEVO DETALLE DE EMPAQUE'),
(1310, 'DETALLE_EMPAQUE', 16, '2018-12-17 15:16:29', 'I', 1, '127.0.0.1', 'INSERCIÓN SATISFACTORIA DE UN NUEVO DETALLE DE EMPAQUE'),
(1311, 'DETALLE_EMPAQUE', 17, '2018-12-17 15:16:29', 'I', 1, '127.0.0.1', 'INSERCIÓN SATISFACTORIA DE UN NUEVO DETALLE DE EMPAQUE'),
(1312, 'DETALLE_EMPAQUE', 18, '2018-12-17 15:16:29', 'I', 1, '127.0.0.1', 'INSERCIÓN SATISFACTORIA DE UN NUEVO DETALLE DE EMPAQUE'),
(1313, 'DETALLE_EMPAQUE', 19, '2018-12-17 15:18:00', 'I', 1, '127.0.0.1', 'INSERCIÓN SATISFACTORIA DE UN NUEVO DETALLE DE EMPAQUE'),
(1314, 'DETALLE_EMPAQUE', 20, '2018-12-17 15:18:00', 'I', 1, '127.0.0.1', 'INSERCIÓN SATISFACTORIA DE UN NUEVO DETALLE DE EMPAQUE'),
(1315, 'DETALLE_EMPAQUE', 21, '2018-12-17 15:18:00', 'I', 1, '127.0.0.1', 'INSERCIÓN SATISFACTORIA DE UN NUEVO DETALLE DE EMPAQUE'),
(1316, 'DETALLE_EMPAQUE', 22, '2018-12-17 15:18:00', 'I', 1, '127.0.0.1', 'INSERCIÓN SATISFACTORIA DE UN NUEVO DETALLE DE EMPAQUE'),
(1317, 'DETALLE_EMPAQUE', 23, '2018-12-17 15:18:00', 'I', 1, '127.0.0.1', 'INSERCIÓN SATISFACTORIA DE UN NUEVO DETALLE DE EMPAQUE'),
(1318, 'DETALLE_EMPAQUE', 24, '2018-12-17 15:18:00', 'I', 1, '127.0.0.1', 'INSERCIÓN SATISFACTORIA DE UN NUEVO DETALLE DE EMPAQUE'),
(1319, 'DETALLE_EMPAQUE', 25, '2018-12-17 15:18:00', 'I', 1, '127.0.0.1', 'INSERCIÓN SATISFACTORIA DE UN NUEVO DETALLE DE EMPAQUE'),
(1320, 'DETALLE_EMPAQUE', 26, '2018-12-17 15:18:01', 'I', 1, '127.0.0.1', 'INSERCIÓN SATISFACTORIA DE UN NUEVO DETALLE DE EMPAQUE'),
(1321, 'DETALLE_EMPAQUE', 27, '2018-12-17 15:18:01', 'I', 1, '127.0.0.1', 'INSERCIÓN SATISFACTORIA DE UN NUEVO DETALLE DE EMPAQUE'),
(1322, 'DETALLE_EMPAQUE', 28, '2018-12-17 15:18:01', 'I', 1, '127.0.0.1', 'INSERCIÓN SATISFACTORIA DE UN NUEVO DETALLE DE EMPAQUE'),
(1323, 'DETALLE_EMPAQUE', 29, '2018-12-17 15:18:01', 'I', 1, '127.0.0.1', 'INSERCIÓN SATISFACTORIA DE UN NUEVO DETALLE DE EMPAQUE'),
(1324, 'DETALLE_EMPAQUE', 30, '2018-12-17 15:18:01', 'I', 1, '127.0.0.1', 'INSERCIÓN SATISFACTORIA DE UN NUEVO DETALLE DE EMPAQUE'),
(1325, 'DETALLE_EMPAQUE', 31, '2018-12-17 15:19:10', 'I', 1, '127.0.0.1', 'INSERCIÓN SATISFACTORIA DE UN NUEVO DETALLE DE EMPAQUE'),
(1326, 'DETALLE_EMPAQUE', 32, '2018-12-17 15:19:11', 'I', 1, '127.0.0.1', 'INSERCIÓN SATISFACTORIA DE UN NUEVO DETALLE DE EMPAQUE'),
(1327, 'DETALLE_EMPAQUE', 33, '2018-12-17 15:19:11', 'I', 1, '127.0.0.1', 'INSERCIÓN SATISFACTORIA DE UN NUEVO DETALLE DE EMPAQUE'),
(1328, 'DETALLE_EMPAQUE', 34, '2018-12-17 15:19:11', 'I', 1, '127.0.0.1', 'INSERCIÓN SATISFACTORIA DE UN NUEVO DETALLE DE EMPAQUE'),
(1329, 'DETALLE_EMPAQUE', 35, '2018-12-17 15:19:11', 'I', 1, '127.0.0.1', 'INSERCIÓN SATISFACTORIA DE UN NUEVO DETALLE DE EMPAQUE'),
(1330, 'DETALLE_EMPAQUE', 36, '2018-12-17 15:19:11', 'I', 1, '127.0.0.1', 'INSERCIÓN SATISFACTORIA DE UN NUEVO DETALLE DE EMPAQUE'),
(1331, 'DETALLE_EMPAQUE', 37, '2018-12-17 15:19:11', 'I', 1, '127.0.0.1', 'INSERCIÓN SATISFACTORIA DE UN NUEVO DETALLE DE EMPAQUE'),
(1332, 'DETALLE_EMPAQUE', 38, '2018-12-17 15:19:11', 'I', 1, '127.0.0.1', 'INSERCIÓN SATISFACTORIA DE UN NUEVO DETALLE DE EMPAQUE'),
(1333, 'DETALLE_EMPAQUE', 39, '2018-12-17 15:19:11', 'I', 1, '127.0.0.1', 'INSERCIÓN SATISFACTORIA DE UN NUEVO DETALLE DE EMPAQUE'),
(1334, 'DETALLE_EMPAQUE', 40, '2018-12-17 15:19:11', 'I', 1, '127.0.0.1', 'INSERCIÓN SATISFACTORIA DE UN NUEVO DETALLE DE EMPAQUE'),
(1335, 'DETALLE_EMPAQUE', 41, '2018-12-17 15:19:11', 'I', 1, '127.0.0.1', 'INSERCIÓN SATISFACTORIA DE UN NUEVO DETALLE DE EMPAQUE'),
(1336, 'DETALLE_EMPAQUE', 42, '2018-12-17 15:19:11', 'I', 1, '127.0.0.1', 'INSERCIÓN SATISFACTORIA DE UN NUEVO DETALLE DE EMPAQUE'),
(1337, 'DETALLE_EMPAQUE', 43, '2018-12-17 15:20:12', 'I', 1, '127.0.0.1', 'INSERCIÓN SATISFACTORIA DE UN NUEVO DETALLE DE EMPAQUE'),
(1338, 'DETALLE_EMPAQUE', 44, '2018-12-17 15:20:13', 'I', 1, '127.0.0.1', 'INSERCIÓN SATISFACTORIA DE UN NUEVO DETALLE DE EMPAQUE'),
(1339, 'DETALLE_EMPAQUE', 45, '2018-12-17 15:20:13', 'I', 1, '127.0.0.1', 'INSERCIÓN SATISFACTORIA DE UN NUEVO DETALLE DE EMPAQUE'),
(1340, 'DETALLE_EMPAQUE', 46, '2018-12-17 15:20:13', 'I', 1, '127.0.0.1', 'INSERCIÓN SATISFACTORIA DE UN NUEVO DETALLE DE EMPAQUE'),
(1341, 'DETALLE_EMPAQUE', 47, '2018-12-17 15:20:13', 'I', 1, '127.0.0.1', 'INSERCIÓN SATISFACTORIA DE UN NUEVO DETALLE DE EMPAQUE'),
(1342, 'DETALLE_EMPAQUE', 48, '2018-12-17 15:20:13', 'I', 1, '127.0.0.1', 'INSERCIÓN SATISFACTORIA DE UN NUEVO DETALLE DE EMPAQUE'),
(1343, 'DETALLE_EMPAQUE', 49, '2018-12-17 15:20:13', 'I', 1, '127.0.0.1', 'INSERCIÓN SATISFACTORIA DE UN NUEVO DETALLE DE EMPAQUE'),
(1344, 'DETALLE_EMPAQUE', 50, '2018-12-17 15:20:13', 'I', 1, '127.0.0.1', 'INSERCIÓN SATISFACTORIA DE UN NUEVO DETALLE DE EMPAQUE'),
(1345, 'DETALLE_EMPAQUE', 51, '2018-12-17 15:20:13', 'I', 1, '127.0.0.1', 'INSERCIÓN SATISFACTORIA DE UN NUEVO DETALLE DE EMPAQUE'),
(1346, 'DETALLE_EMPAQUE', 52, '2018-12-17 15:20:13', 'I', 1, '127.0.0.1', 'INSERCIÓN SATISFACTORIA DE UN NUEVO DETALLE DE EMPAQUE'),
(1347, 'DETALLE_EMPAQUE', 53, '2018-12-17 15:20:13', 'I', 1, '127.0.0.1', 'INSERCIÓN SATISFACTORIA DE UN NUEVO DETALLE DE EMPAQUE'),
(1348, 'DETALLE_EMPAQUE', 54, '2018-12-17 15:20:13', 'I', 1, '127.0.0.1', 'INSERCIÓN SATISFACTORIA DE UN NUEVO DETALLE DE EMPAQUE'),
(1349, 'CLIENTE|DETALLE_CLIENTE', 2, '2018-12-17 15:22:25', 'I', 1, '127.0.0.1', 'INSERCIÓN SATISFACTORIA DE UN NUEVO CLIENTE CON SUS DETALLES(ID GUARDADO TABLA DETALLE_CLIENTE)'),
(1350, 'CLIENTE_AGENCIACARGA', 3, '2018-12-17 15:23:02', 'I', 1, '127.0.0.1', 'INSERCIÓN SATISFACTORIA DE LA RELACIÓN DE UNA AGENCIA DE CARGA A UN CLIENTE'),
(1351, 'CLIENTE_AGENCIACARGA', 4, '2018-12-17 15:23:02', 'I', 1, '127.0.0.1', 'INSERCIÓN SATISFACTORIA DE LA RELACIÓN DE UNA AGENCIA DE CARGA A UN CLIENTE'),
(1352, 'CLIENTE_AGENCIACARGA', 5, '2018-12-17 15:23:02', 'I', 1, '127.0.0.1', 'INSERCIÓN SATISFACTORIA DE LA RELACIÓN DE UNA AGENCIA DE CARGA A UN CLIENTE'),
(1353, 'CLIENTE_AGENCIACARGA', 6, '2018-12-17 15:23:03', 'I', 1, '127.0.0.1', 'INSERCIÓN SATISFACTORIA DE LA RELACIÓN DE UNA AGENCIA DE CARGA A UN CLIENTE'),
(1354, 'DETALLE_ESPECIFICACIONEMPAQUE', 2, '2018-12-17 15:29:19', 'I', 1, '127.0.0.1', 'INSERCIÓN SATISFACTORIA DE UN NUEVO DETALLE DE ESPECIFICACIÓN DE EMPAQUE'),
(1355, 'DETALLE_ESPECIFICACIONEMPAQUE', 3, '2018-12-17 15:30:47', 'I', 1, '127.0.0.1', 'INSERCIÓN SATISFACTORIA DE UN NUEVO DETALLE DE ESPECIFICACIÓN DE EMPAQUE'),
(1356, 'PEDIDO|DETALLE_PEDIDO', 1, '2018-12-17 15:33:39', 'I', 1, '127.0.0.1', 'INSERCIÓN SATISFACTORIA DE UN NUEVO PEDIDO'),
(1357, 'PEDIDO|DETALLE_PEDIDO', 2, '2018-12-17 15:33:40', 'I', 1, '127.0.0.1', 'INSERCIÓN SATISFACTORIA DE UN NUEVO PEDIDO'),
(1358, 'PEDIDO|DETALLE_PEDIDO', 3, '2018-12-17 15:33:40', 'I', 1, '127.0.0.1', 'INSERCIÓN SATISFACTORIA DE UN NUEVO PEDIDO'),
(1359, 'PEDIDO|DETALLE_PEDIDO', 4, '2018-12-17 15:33:40', 'I', 1, '127.0.0.1', 'INSERCIÓN SATISFACTORIA DE UN NUEVO PEDIDO'),
(1360, 'PEDIDO|DETALLE_PEDIDO', 5, '2018-12-17 15:33:40', 'I', 1, '127.0.0.1', 'INSERCIÓN SATISFACTORIA DE UN NUEVO PEDIDO'),
(1361, 'PEDIDO|DETALLE_PEDIDO', 6, '2018-12-17 15:33:40', 'I', 1, '127.0.0.1', 'INSERCIÓN SATISFACTORIA DE UN NUEVO PEDIDO'),
(1362, 'PEDIDO|DETALLE_PEDIDO', 7, '2018-12-17 15:33:40', 'I', 1, '127.0.0.1', 'INSERCIÓN SATISFACTORIA DE UN NUEVO PEDIDO'),
(1363, 'PEDIDO|DETALLE_PEDIDO', 8, '2018-12-17 15:33:41', 'I', 1, '127.0.0.1', 'INSERCIÓN SATISFACTORIA DE UN NUEVO PEDIDO'),
(1364, 'PEDIDO|DETALLE_PEDIDO', 9, '2018-12-17 15:33:41', 'I', 1, '127.0.0.1', 'INSERCIÓN SATISFACTORIA DE UN NUEVO PEDIDO'),
(1365, 'PEDIDO|DETALLE_PEDIDO', 10, '2018-12-17 15:33:41', 'I', 1, '127.0.0.1', 'INSERCIÓN SATISFACTORIA DE UN NUEVO PEDIDO'),
(1366, 'PEDIDO|DETALLE_PEDIDO', 11, '2018-12-17 15:33:41', 'I', 1, '127.0.0.1', 'INSERCIÓN SATISFACTORIA DE UN NUEVO PEDIDO'),
(1367, 'PEDIDO|DETALLE_PEDIDO', 12, '2018-12-17 15:33:41', 'I', 1, '127.0.0.1', 'INSERCIÓN SATISFACTORIA DE UN NUEVO PEDIDO'),
(1368, 'PEDIDO|DETALLE_PEDIDO', 13, '2018-12-17 15:33:41', 'I', 1, '127.0.0.1', 'INSERCIÓN SATISFACTORIA DE UN NUEVO PEDIDO'),
(1369, 'PEDIDO|DETALLE_PEDIDO', 14, '2018-12-17 15:33:41', 'I', 1, '127.0.0.1', 'INSERCIÓN SATISFACTORIA DE UN NUEVO PEDIDO'),
(1370, 'PEDIDO|DETALLE_PEDIDO', 15, '2018-12-17 15:33:41', 'I', 1, '127.0.0.1', 'INSERCIÓN SATISFACTORIA DE UN NUEVO PEDIDO'),
(1371, 'PEDIDO|DETALLE_PEDIDO', 16, '2018-12-17 15:33:41', 'I', 1, '127.0.0.1', 'INSERCIÓN SATISFACTORIA DE UN NUEVO PEDIDO'),
(1372, 'PEDIDO|DETALLE_PEDIDO', 17, '2018-12-17 15:33:41', 'I', 1, '127.0.0.1', 'INSERCIÓN SATISFACTORIA DE UN NUEVO PEDIDO'),
(1373, 'PEDIDO|DETALLE_PEDIDO', 18, '2018-12-17 15:33:42', 'I', 1, '127.0.0.1', 'INSERCIÓN SATISFACTORIA DE UN NUEVO PEDIDO'),
(1374, 'PEDIDO|DETALLE_PEDIDO', 19, '2018-12-17 15:33:42', 'I', 1, '127.0.0.1', 'INSERCIÓN SATISFACTORIA DE UN NUEVO PEDIDO'),
(1375, 'PEDIDO|DETALLE_PEDIDO', 20, '2018-12-17 15:33:42', 'I', 1, '127.0.0.1', 'INSERCIÓN SATISFACTORIA DE UN NUEVO PEDIDO'),
(1376, 'PEDIDO|DETALLE_PEDIDO', 21, '2018-12-17 15:33:42', 'I', 1, '127.0.0.1', 'INSERCIÓN SATISFACTORIA DE UN NUEVO PEDIDO'),
(1377, 'PEDIDO|DETALLE_PEDIDO', 22, '2018-12-17 15:33:42', 'I', 1, '127.0.0.1', 'INSERCIÓN SATISFACTORIA DE UN NUEVO PEDIDO'),
(1378, 'PEDIDO|DETALLE_PEDIDO', 23, '2018-12-17 15:33:42', 'I', 1, '127.0.0.1', 'INSERCIÓN SATISFACTORIA DE UN NUEVO PEDIDO'),
(1379, 'PEDIDO|DETALLE_PEDIDO', 24, '2018-12-17 15:33:42', 'I', 1, '127.0.0.1', 'INSERCIÓN SATISFACTORIA DE UN NUEVO PEDIDO'),
(1380, 'PEDIDO|DETALLE_PEDIDO', 25, '2018-12-17 15:33:42', 'I', 1, '127.0.0.1', 'INSERCIÓN SATISFACTORIA DE UN NUEVO PEDIDO'),
(1381, 'PEDIDO|DETALLE_PEDIDO', 26, '2018-12-17 15:33:43', 'I', 1, '127.0.0.1', 'INSERCIÓN SATISFACTORIA DE UN NUEVO PEDIDO'),
(1382, 'PEDIDO|DETALLE_PEDIDO', 27, '2018-12-17 15:33:43', 'I', 1, '127.0.0.1', 'INSERCIÓN SATISFACTORIA DE UN NUEVO PEDIDO'),
(1383, 'PEDIDO|DETALLE_PEDIDO', 28, '2018-12-17 15:33:43', 'I', 1, '127.0.0.1', 'INSERCIÓN SATISFACTORIA DE UN NUEVO PEDIDO'),
(1384, 'PEDIDO|DETALLE_PEDIDO', 29, '2018-12-17 15:33:43', 'I', 1, '127.0.0.1', 'INSERCIÓN SATISFACTORIA DE UN NUEVO PEDIDO'),
(1385, 'PEDIDO|DETALLE_PEDIDO', 30, '2018-12-17 15:33:43', 'I', 1, '127.0.0.1', 'INSERCIÓN SATISFACTORIA DE UN NUEVO PEDIDO'),
(1386, 'PEDIDO|DETALLE_PEDIDO', 31, '2018-12-17 15:33:43', 'I', 1, '127.0.0.1', 'INSERCIÓN SATISFACTORIA DE UN NUEVO PEDIDO'),
(1387, 'PEDIDO|DETALLE_PEDIDO', 32, '2018-12-17 15:33:43', 'I', 1, '127.0.0.1', 'INSERCIÓN SATISFACTORIA DE UN NUEVO PEDIDO'),
(1388, 'PEDIDO|DETALLE_PEDIDO', 33, '2018-12-17 15:33:43', 'I', 1, '127.0.0.1', 'INSERCIÓN SATISFACTORIA DE UN NUEVO PEDIDO'),
(1389, 'PEDIDO|DETALLE_PEDIDO', 34, '2018-12-17 15:33:43', 'I', 1, '127.0.0.1', 'INSERCIÓN SATISFACTORIA DE UN NUEVO PEDIDO'),
(1390, 'PEDIDO|DETALLE_PEDIDO', 35, '2018-12-17 15:33:43', 'I', 1, '127.0.0.1', 'INSERCIÓN SATISFACTORIA DE UN NUEVO PEDIDO'),
(1391, 'PEDIDO|DETALLE_PEDIDO', 36, '2018-12-17 15:33:43', 'I', 1, '127.0.0.1', 'INSERCIÓN SATISFACTORIA DE UN NUEVO PEDIDO'),
(1392, 'PEDIDO|DETALLE_PEDIDO', 37, '2018-12-17 15:33:44', 'I', 1, '127.0.0.1', 'INSERCIÓN SATISFACTORIA DE UN NUEVO PEDIDO'),
(1393, 'PEDIDO|DETALLE_PEDIDO', 38, '2018-12-17 15:33:44', 'I', 1, '127.0.0.1', 'INSERCIÓN SATISFACTORIA DE UN NUEVO PEDIDO'),
(1394, 'PEDIDO|DETALLE_PEDIDO', 39, '2018-12-17 15:33:44', 'I', 1, '127.0.0.1', 'INSERCIÓN SATISFACTORIA DE UN NUEVO PEDIDO'),
(1395, 'PEDIDO|DETALLE_PEDIDO', 40, '2018-12-17 15:33:44', 'I', 1, '127.0.0.1', 'INSERCIÓN SATISFACTORIA DE UN NUEVO PEDIDO'),
(1396, 'PEDIDO|DETALLE_PEDIDO', 41, '2018-12-17 15:33:44', 'I', 1, '127.0.0.1', 'INSERCIÓN SATISFACTORIA DE UN NUEVO PEDIDO'),
(1397, 'PEDIDO|DETALLE_PEDIDO', 42, '2018-12-17 15:33:44', 'I', 1, '127.0.0.1', 'INSERCIÓN SATISFACTORIA DE UN NUEVO PEDIDO'),
(1398, 'PEDIDO|DETALLE_PEDIDO', 43, '2018-12-17 15:33:44', 'I', 1, '127.0.0.1', 'INSERCIÓN SATISFACTORIA DE UN NUEVO PEDIDO'),
(1399, 'PEDIDO|DETALLE_PEDIDO', 44, '2018-12-17 15:33:44', 'I', 1, '127.0.0.1', 'INSERCIÓN SATISFACTORIA DE UN NUEVO PEDIDO'),
(1400, 'PEDIDO|DETALLE_PEDIDO', 45, '2018-12-17 15:33:44', 'I', 1, '127.0.0.1', 'INSERCIÓN SATISFACTORIA DE UN NUEVO PEDIDO'),
(1401, 'PEDIDO|DETALLE_PEDIDO', 46, '2018-12-17 15:33:44', 'I', 1, '127.0.0.1', 'INSERCIÓN SATISFACTORIA DE UN NUEVO PEDIDO'),
(1402, 'PEDIDO|DETALLE_PEDIDO', 47, '2018-12-17 15:33:44', 'I', 1, '127.0.0.1', 'INSERCIÓN SATISFACTORIA DE UN NUEVO PEDIDO'),
(1403, 'PEDIDO|DETALLE_PEDIDO', 48, '2018-12-17 15:33:44', 'I', 1, '127.0.0.1', 'INSERCIÓN SATISFACTORIA DE UN NUEVO PEDIDO'),
(1404, 'PEDIDO|DETALLE_PEDIDO', 49, '2018-12-17 15:33:45', 'I', 1, '127.0.0.1', 'INSERCIÓN SATISFACTORIA DE UN NUEVO PEDIDO'),
(1405, 'PEDIDO|DETALLE_PEDIDO', 50, '2018-12-17 15:33:45', 'I', 1, '127.0.0.1', 'INSERCIÓN SATISFACTORIA DE UN NUEVO PEDIDO'),
(1406, 'PEDIDO|DETALLE_PEDIDO', 51, '2018-12-17 15:33:45', 'I', 1, '127.0.0.1', 'INSERCIÓN SATISFACTORIA DE UN NUEVO PEDIDO'),
(1407, 'PEDIDO|DETALLE_PEDIDO', 52, '2018-12-17 15:33:45', 'I', 1, '127.0.0.1', 'INSERCIÓN SATISFACTORIA DE UN NUEVO PEDIDO'),
(1408, 'PEDIDO|DETALLE_PEDIDO', 53, '2018-12-17 15:43:34', 'I', 1, '127.0.0.1', 'INSERCIÓN SATISFACTORIA DE UN NUEVO PEDIDO'),
(1409, 'PEDIDO|DETALLE_PEDIDO', 54, '2018-12-17 15:43:34', 'I', 1, '127.0.0.1', 'INSERCIÓN SATISFACTORIA DE UN NUEVO PEDIDO'),
(1410, 'PEDIDO|DETALLE_PEDIDO', 55, '2018-12-17 15:43:34', 'I', 1, '127.0.0.1', 'INSERCIÓN SATISFACTORIA DE UN NUEVO PEDIDO'),
(1411, 'PEDIDO|DETALLE_PEDIDO', 56, '2018-12-17 15:43:34', 'I', 1, '127.0.0.1', 'INSERCIÓN SATISFACTORIA DE UN NUEVO PEDIDO'),
(1412, 'PEDIDO|DETALLE_PEDIDO', 57, '2018-12-17 15:43:34', 'I', 1, '127.0.0.1', 'INSERCIÓN SATISFACTORIA DE UN NUEVO PEDIDO'),
(1413, 'PEDIDO|DETALLE_PEDIDO', 58, '2018-12-17 15:43:34', 'I', 1, '127.0.0.1', 'INSERCIÓN SATISFACTORIA DE UN NUEVO PEDIDO'),
(1414, 'PEDIDO|DETALLE_PEDIDO', 59, '2018-12-17 15:43:34', 'I', 1, '127.0.0.1', 'INSERCIÓN SATISFACTORIA DE UN NUEVO PEDIDO'),
(1415, 'PEDIDO|DETALLE_PEDIDO', 60, '2018-12-17 15:43:35', 'I', 1, '127.0.0.1', 'INSERCIÓN SATISFACTORIA DE UN NUEVO PEDIDO'),
(1416, 'PEDIDO|DETALLE_PEDIDO', 61, '2018-12-17 15:43:35', 'I', 1, '127.0.0.1', 'INSERCIÓN SATISFACTORIA DE UN NUEVO PEDIDO'),
(1417, 'PEDIDO|DETALLE_PEDIDO', 62, '2018-12-17 15:43:35', 'I', 1, '127.0.0.1', 'INSERCIÓN SATISFACTORIA DE UN NUEVO PEDIDO'),
(1418, 'PEDIDO|DETALLE_PEDIDO', 63, '2018-12-17 15:43:35', 'I', 1, '127.0.0.1', 'INSERCIÓN SATISFACTORIA DE UN NUEVO PEDIDO'),
(1419, 'PEDIDO|DETALLE_PEDIDO', 64, '2018-12-17 15:43:35', 'I', 1, '127.0.0.1', 'INSERCIÓN SATISFACTORIA DE UN NUEVO PEDIDO'),
(1420, 'PEDIDO|DETALLE_PEDIDO', 65, '2018-12-17 15:43:35', 'I', 1, '127.0.0.1', 'INSERCIÓN SATISFACTORIA DE UN NUEVO PEDIDO'),
(1421, 'PEDIDO|DETALLE_PEDIDO', 66, '2018-12-17 15:43:35', 'I', 1, '127.0.0.1', 'INSERCIÓN SATISFACTORIA DE UN NUEVO PEDIDO'),
(1422, 'PEDIDO|DETALLE_PEDIDO', 67, '2018-12-17 15:43:35', 'I', 1, '127.0.0.1', 'INSERCIÓN SATISFACTORIA DE UN NUEVO PEDIDO'),
(1423, 'PEDIDO|DETALLE_PEDIDO', 68, '2018-12-17 15:43:35', 'I', 1, '127.0.0.1', 'INSERCIÓN SATISFACTORIA DE UN NUEVO PEDIDO'),
(1424, 'PEDIDO|DETALLE_PEDIDO', 69, '2018-12-17 15:43:36', 'I', 1, '127.0.0.1', 'INSERCIÓN SATISFACTORIA DE UN NUEVO PEDIDO'),
(1425, 'PEDIDO|DETALLE_PEDIDO', 70, '2018-12-17 15:43:36', 'I', 1, '127.0.0.1', 'INSERCIÓN SATISFACTORIA DE UN NUEVO PEDIDO'),
(1426, 'PEDIDO|DETALLE_PEDIDO', 71, '2018-12-17 15:43:36', 'I', 1, '127.0.0.1', 'INSERCIÓN SATISFACTORIA DE UN NUEVO PEDIDO'),
(1427, 'PEDIDO|DETALLE_PEDIDO', 72, '2018-12-17 15:43:36', 'I', 1, '127.0.0.1', 'INSERCIÓN SATISFACTORIA DE UN NUEVO PEDIDO'),
(1428, 'PEDIDO|DETALLE_PEDIDO', 73, '2018-12-17 15:43:36', 'I', 1, '127.0.0.1', 'INSERCIÓN SATISFACTORIA DE UN NUEVO PEDIDO'),
(1429, 'PEDIDO|DETALLE_PEDIDO', 74, '2018-12-17 15:43:36', 'I', 1, '127.0.0.1', 'INSERCIÓN SATISFACTORIA DE UN NUEVO PEDIDO'),
(1430, 'PEDIDO|DETALLE_PEDIDO', 75, '2018-12-17 15:43:36', 'I', 1, '127.0.0.1', 'INSERCIÓN SATISFACTORIA DE UN NUEVO PEDIDO'),
(1431, 'PEDIDO|DETALLE_PEDIDO', 76, '2018-12-17 15:43:36', 'I', 1, '127.0.0.1', 'INSERCIÓN SATISFACTORIA DE UN NUEVO PEDIDO'),
(1432, 'PEDIDO|DETALLE_PEDIDO', 77, '2018-12-17 15:43:36', 'I', 1, '127.0.0.1', 'INSERCIÓN SATISFACTORIA DE UN NUEVO PEDIDO'),
(1433, 'PEDIDO|DETALLE_PEDIDO', 78, '2018-12-17 15:43:36', 'I', 1, '127.0.0.1', 'INSERCIÓN SATISFACTORIA DE UN NUEVO PEDIDO'),
(1434, 'PEDIDO|DETALLE_PEDIDO', 79, '2018-12-17 15:43:37', 'I', 1, '127.0.0.1', 'INSERCIÓN SATISFACTORIA DE UN NUEVO PEDIDO'),
(1435, 'PEDIDO|DETALLE_PEDIDO', 80, '2018-12-17 15:43:37', 'I', 1, '127.0.0.1', 'INSERCIÓN SATISFACTORIA DE UN NUEVO PEDIDO'),
(1436, 'PEDIDO|DETALLE_PEDIDO', 81, '2018-12-17 15:43:37', 'I', 1, '127.0.0.1', 'INSERCIÓN SATISFACTORIA DE UN NUEVO PEDIDO'),
(1437, 'PEDIDO|DETALLE_PEDIDO', 82, '2018-12-17 15:43:37', 'I', 1, '127.0.0.1', 'INSERCIÓN SATISFACTORIA DE UN NUEVO PEDIDO'),
(1438, 'PEDIDO|DETALLE_PEDIDO', 83, '2018-12-17 15:43:37', 'I', 1, '127.0.0.1', 'INSERCIÓN SATISFACTORIA DE UN NUEVO PEDIDO'),
(1439, 'PEDIDO|DETALLE_PEDIDO', 84, '2018-12-17 15:43:37', 'I', 1, '127.0.0.1', 'INSERCIÓN SATISFACTORIA DE UN NUEVO PEDIDO'),
(1440, 'PEDIDO|DETALLE_PEDIDO', 85, '2018-12-17 15:43:37', 'I', 1, '127.0.0.1', 'INSERCIÓN SATISFACTORIA DE UN NUEVO PEDIDO'),
(1441, 'PEDIDO|DETALLE_PEDIDO', 86, '2018-12-17 15:43:37', 'I', 1, '127.0.0.1', 'INSERCIÓN SATISFACTORIA DE UN NUEVO PEDIDO'),
(1442, 'PEDIDO|DETALLE_PEDIDO', 87, '2018-12-17 15:43:37', 'I', 1, '127.0.0.1', 'INSERCIÓN SATISFACTORIA DE UN NUEVO PEDIDO'),
(1443, 'PEDIDO|DETALLE_PEDIDO', 88, '2018-12-17 15:43:37', 'I', 1, '127.0.0.1', 'INSERCIÓN SATISFACTORIA DE UN NUEVO PEDIDO'),
(1444, 'PEDIDO|DETALLE_PEDIDO', 89, '2018-12-17 15:43:37', 'I', 1, '127.0.0.1', 'INSERCIÓN SATISFACTORIA DE UN NUEVO PEDIDO'),
(1445, 'PEDIDO|DETALLE_PEDIDO', 90, '2018-12-17 15:43:38', 'I', 1, '127.0.0.1', 'INSERCIÓN SATISFACTORIA DE UN NUEVO PEDIDO'),
(1446, 'PEDIDO|DETALLE_PEDIDO', 91, '2018-12-17 15:43:38', 'I', 1, '127.0.0.1', 'INSERCIÓN SATISFACTORIA DE UN NUEVO PEDIDO'),
(1447, 'PEDIDO|DETALLE_PEDIDO', 92, '2018-12-17 15:43:38', 'I', 1, '127.0.0.1', 'INSERCIÓN SATISFACTORIA DE UN NUEVO PEDIDO'),
(1448, 'PEDIDO|DETALLE_PEDIDO', 93, '2018-12-17 15:43:38', 'I', 1, '127.0.0.1', 'INSERCIÓN SATISFACTORIA DE UN NUEVO PEDIDO'),
(1449, 'PEDIDO|DETALLE_PEDIDO', 94, '2018-12-17 15:43:38', 'I', 1, '127.0.0.1', 'INSERCIÓN SATISFACTORIA DE UN NUEVO PEDIDO'),
(1450, 'PEDIDO|DETALLE_PEDIDO', 95, '2018-12-17 15:43:38', 'I', 1, '127.0.0.1', 'INSERCIÓN SATISFACTORIA DE UN NUEVO PEDIDO'),
(1451, 'PEDIDO|DETALLE_PEDIDO', 96, '2018-12-17 15:43:38', 'I', 1, '127.0.0.1', 'INSERCIÓN SATISFACTORIA DE UN NUEVO PEDIDO'),
(1452, 'PEDIDO|DETALLE_PEDIDO', 97, '2018-12-17 15:43:38', 'I', 1, '127.0.0.1', 'INSERCIÓN SATISFACTORIA DE UN NUEVO PEDIDO'),
(1453, 'PEDIDO|DETALLE_PEDIDO', 98, '2018-12-17 15:43:38', 'I', 1, '127.0.0.1', 'INSERCIÓN SATISFACTORIA DE UN NUEVO PEDIDO'),
(1454, 'PEDIDO|DETALLE_PEDIDO', 99, '2018-12-17 15:43:38', 'I', 1, '127.0.0.1', 'INSERCIÓN SATISFACTORIA DE UN NUEVO PEDIDO'),
(1455, 'PEDIDO|DETALLE_PEDIDO', 100, '2018-12-17 15:43:38', 'I', 1, '127.0.0.1', 'INSERCIÓN SATISFACTORIA DE UN NUEVO PEDIDO'),
(1456, 'PEDIDO|DETALLE_PEDIDO', 101, '2018-12-17 15:43:38', 'I', 1, '127.0.0.1', 'INSERCIÓN SATISFACTORIA DE UN NUEVO PEDIDO'),
(1457, 'PEDIDO|DETALLE_PEDIDO', 102, '2018-12-17 15:43:39', 'I', 1, '127.0.0.1', 'INSERCIÓN SATISFACTORIA DE UN NUEVO PEDIDO'),
(1458, 'PEDIDO|DETALLE_PEDIDO', 103, '2018-12-17 15:43:39', 'I', 1, '127.0.0.1', 'INSERCIÓN SATISFACTORIA DE UN NUEVO PEDIDO'),
(1459, 'PEDIDO|DETALLE_PEDIDO', 104, '2018-12-17 15:43:39', 'I', 1, '127.0.0.1', 'INSERCIÓN SATISFACTORIA DE UN NUEVO PEDIDO'),
(1460, 'PEDIDO|DETALLE_PEDIDO', 105, '2018-12-17 15:43:39', 'I', 1, '127.0.0.1', 'INSERCIÓN SATISFACTORIA DE UN NUEVO PEDIDO'),
(1461, 'PEDIDO|DETALLE_PEDIDO', 106, '2018-12-17 15:45:07', 'I', 1, '127.0.0.1', 'INSERCIÓN SATISFACTORIA DE UN NUEVO PEDIDO'),
(1462, 'PEDIDO|DETALLE_PEDIDO', 107, '2018-12-17 15:45:08', 'I', 1, '127.0.0.1', 'INSERCIÓN SATISFACTORIA DE UN NUEVO PEDIDO'),
(1463, 'PEDIDO|DETALLE_PEDIDO', 108, '2018-12-17 15:45:08', 'I', 1, '127.0.0.1', 'INSERCIÓN SATISFACTORIA DE UN NUEVO PEDIDO'),
(1464, 'PEDIDO|DETALLE_PEDIDO', 109, '2018-12-17 15:45:08', 'I', 1, '127.0.0.1', 'INSERCIÓN SATISFACTORIA DE UN NUEVO PEDIDO'),
(1465, 'PEDIDO|DETALLE_PEDIDO', 110, '2018-12-17 15:45:08', 'I', 1, '127.0.0.1', 'INSERCIÓN SATISFACTORIA DE UN NUEVO PEDIDO'),
(1466, 'PEDIDO|DETALLE_PEDIDO', 111, '2018-12-17 15:45:08', 'I', 1, '127.0.0.1', 'INSERCIÓN SATISFACTORIA DE UN NUEVO PEDIDO');
INSERT INTO `bitacora` (`id_bitacora`, `tabla`, `codigo`, `fecha_registro`, `accion`, `id_usuario`, `ip`, `observacion`) VALUES
(1467, 'PEDIDO|DETALLE_PEDIDO', 112, '2018-12-17 15:45:08', 'I', 1, '127.0.0.1', 'INSERCIÓN SATISFACTORIA DE UN NUEVO PEDIDO'),
(1468, 'PEDIDO|DETALLE_PEDIDO', 113, '2018-12-17 15:45:08', 'I', 1, '127.0.0.1', 'INSERCIÓN SATISFACTORIA DE UN NUEVO PEDIDO'),
(1469, 'PEDIDO|DETALLE_PEDIDO', 114, '2018-12-17 15:45:08', 'I', 1, '127.0.0.1', 'INSERCIÓN SATISFACTORIA DE UN NUEVO PEDIDO'),
(1470, 'PEDIDO|DETALLE_PEDIDO', 115, '2018-12-17 15:45:08', 'I', 1, '127.0.0.1', 'INSERCIÓN SATISFACTORIA DE UN NUEVO PEDIDO'),
(1471, 'PEDIDO|DETALLE_PEDIDO', 116, '2018-12-17 15:45:09', 'I', 1, '127.0.0.1', 'INSERCIÓN SATISFACTORIA DE UN NUEVO PEDIDO'),
(1472, 'PEDIDO|DETALLE_PEDIDO', 117, '2018-12-17 15:45:09', 'I', 1, '127.0.0.1', 'INSERCIÓN SATISFACTORIA DE UN NUEVO PEDIDO'),
(1473, 'PEDIDO|DETALLE_PEDIDO', 118, '2018-12-17 15:45:09', 'I', 1, '127.0.0.1', 'INSERCIÓN SATISFACTORIA DE UN NUEVO PEDIDO'),
(1474, 'PEDIDO|DETALLE_PEDIDO', 119, '2018-12-17 15:45:09', 'I', 1, '127.0.0.1', 'INSERCIÓN SATISFACTORIA DE UN NUEVO PEDIDO'),
(1475, 'PEDIDO|DETALLE_PEDIDO', 120, '2018-12-17 15:45:09', 'I', 1, '127.0.0.1', 'INSERCIÓN SATISFACTORIA DE UN NUEVO PEDIDO'),
(1476, 'PEDIDO|DETALLE_PEDIDO', 121, '2018-12-17 15:45:09', 'I', 1, '127.0.0.1', 'INSERCIÓN SATISFACTORIA DE UN NUEVO PEDIDO'),
(1477, 'PEDIDO|DETALLE_PEDIDO', 122, '2018-12-17 15:45:09', 'I', 1, '127.0.0.1', 'INSERCIÓN SATISFACTORIA DE UN NUEVO PEDIDO'),
(1478, 'PEDIDO|DETALLE_PEDIDO', 123, '2018-12-17 15:45:10', 'I', 1, '127.0.0.1', 'INSERCIÓN SATISFACTORIA DE UN NUEVO PEDIDO'),
(1479, 'PEDIDO|DETALLE_PEDIDO', 124, '2018-12-17 15:45:10', 'I', 1, '127.0.0.1', 'INSERCIÓN SATISFACTORIA DE UN NUEVO PEDIDO'),
(1480, 'PEDIDO|DETALLE_PEDIDO', 125, '2018-12-17 15:45:10', 'I', 1, '127.0.0.1', 'INSERCIÓN SATISFACTORIA DE UN NUEVO PEDIDO'),
(1481, 'PEDIDO|DETALLE_PEDIDO', 126, '2018-12-17 15:45:10', 'I', 1, '127.0.0.1', 'INSERCIÓN SATISFACTORIA DE UN NUEVO PEDIDO'),
(1482, 'PEDIDO|DETALLE_PEDIDO', 127, '2018-12-17 15:45:10', 'I', 1, '127.0.0.1', 'INSERCIÓN SATISFACTORIA DE UN NUEVO PEDIDO'),
(1483, 'PEDIDO|DETALLE_PEDIDO', 128, '2018-12-17 15:45:10', 'I', 1, '127.0.0.1', 'INSERCIÓN SATISFACTORIA DE UN NUEVO PEDIDO'),
(1484, 'PEDIDO|DETALLE_PEDIDO', 129, '2018-12-17 15:45:10', 'I', 1, '127.0.0.1', 'INSERCIÓN SATISFACTORIA DE UN NUEVO PEDIDO'),
(1485, 'PEDIDO|DETALLE_PEDIDO', 130, '2018-12-17 15:45:11', 'I', 1, '127.0.0.1', 'INSERCIÓN SATISFACTORIA DE UN NUEVO PEDIDO'),
(1486, 'PEDIDO|DETALLE_PEDIDO', 131, '2018-12-17 15:45:11', 'I', 1, '127.0.0.1', 'INSERCIÓN SATISFACTORIA DE UN NUEVO PEDIDO'),
(1487, 'PEDIDO|DETALLE_PEDIDO', 132, '2018-12-17 15:45:11', 'I', 1, '127.0.0.1', 'INSERCIÓN SATISFACTORIA DE UN NUEVO PEDIDO'),
(1488, 'PEDIDO|DETALLE_PEDIDO', 133, '2018-12-17 15:45:11', 'I', 1, '127.0.0.1', 'INSERCIÓN SATISFACTORIA DE UN NUEVO PEDIDO'),
(1489, 'PEDIDO|DETALLE_PEDIDO', 134, '2018-12-17 15:45:11', 'I', 1, '127.0.0.1', 'INSERCIÓN SATISFACTORIA DE UN NUEVO PEDIDO'),
(1490, 'PEDIDO|DETALLE_PEDIDO', 135, '2018-12-17 15:45:11', 'I', 1, '127.0.0.1', 'INSERCIÓN SATISFACTORIA DE UN NUEVO PEDIDO'),
(1491, 'PEDIDO|DETALLE_PEDIDO', 136, '2018-12-17 15:45:11', 'I', 1, '127.0.0.1', 'INSERCIÓN SATISFACTORIA DE UN NUEVO PEDIDO'),
(1492, 'PEDIDO|DETALLE_PEDIDO', 137, '2018-12-17 15:45:11', 'I', 1, '127.0.0.1', 'INSERCIÓN SATISFACTORIA DE UN NUEVO PEDIDO'),
(1493, 'PEDIDO|DETALLE_PEDIDO', 138, '2018-12-17 15:45:11', 'I', 1, '127.0.0.1', 'INSERCIÓN SATISFACTORIA DE UN NUEVO PEDIDO'),
(1494, 'PEDIDO|DETALLE_PEDIDO', 139, '2018-12-17 15:45:11', 'I', 1, '127.0.0.1', 'INSERCIÓN SATISFACTORIA DE UN NUEVO PEDIDO'),
(1495, 'PEDIDO|DETALLE_PEDIDO', 140, '2018-12-17 15:45:11', 'I', 1, '127.0.0.1', 'INSERCIÓN SATISFACTORIA DE UN NUEVO PEDIDO'),
(1496, 'PEDIDO|DETALLE_PEDIDO', 141, '2018-12-17 15:45:11', 'I', 1, '127.0.0.1', 'INSERCIÓN SATISFACTORIA DE UN NUEVO PEDIDO'),
(1497, 'PEDIDO|DETALLE_PEDIDO', 142, '2018-12-17 15:45:11', 'I', 1, '127.0.0.1', 'INSERCIÓN SATISFACTORIA DE UN NUEVO PEDIDO'),
(1498, 'PEDIDO|DETALLE_PEDIDO', 143, '2018-12-17 15:45:12', 'I', 1, '127.0.0.1', 'INSERCIÓN SATISFACTORIA DE UN NUEVO PEDIDO'),
(1499, 'PEDIDO|DETALLE_PEDIDO', 144, '2018-12-17 15:45:12', 'I', 1, '127.0.0.1', 'INSERCIÓN SATISFACTORIA DE UN NUEVO PEDIDO'),
(1500, 'PEDIDO|DETALLE_PEDIDO', 145, '2018-12-17 15:45:12', 'I', 1, '127.0.0.1', 'INSERCIÓN SATISFACTORIA DE UN NUEVO PEDIDO'),
(1501, 'PEDIDO|DETALLE_PEDIDO', 146, '2018-12-17 15:45:12', 'I', 1, '127.0.0.1', 'INSERCIÓN SATISFACTORIA DE UN NUEVO PEDIDO'),
(1502, 'PEDIDO|DETALLE_PEDIDO', 147, '2018-12-17 15:45:12', 'I', 1, '127.0.0.1', 'INSERCIÓN SATISFACTORIA DE UN NUEVO PEDIDO'),
(1503, 'PEDIDO|DETALLE_PEDIDO', 148, '2018-12-17 15:45:12', 'I', 1, '127.0.0.1', 'INSERCIÓN SATISFACTORIA DE UN NUEVO PEDIDO'),
(1504, 'PEDIDO|DETALLE_PEDIDO', 149, '2018-12-17 15:45:12', 'I', 1, '127.0.0.1', 'INSERCIÓN SATISFACTORIA DE UN NUEVO PEDIDO'),
(1505, 'PEDIDO|DETALLE_PEDIDO', 150, '2018-12-17 15:45:12', 'I', 1, '127.0.0.1', 'INSERCIÓN SATISFACTORIA DE UN NUEVO PEDIDO'),
(1506, 'PEDIDO|DETALLE_PEDIDO', 151, '2018-12-17 15:45:12', 'I', 1, '127.0.0.1', 'INSERCIÓN SATISFACTORIA DE UN NUEVO PEDIDO'),
(1507, 'PEDIDO|DETALLE_PEDIDO', 152, '2018-12-17 15:45:12', 'I', 1, '127.0.0.1', 'INSERCIÓN SATISFACTORIA DE UN NUEVO PEDIDO'),
(1508, 'PEDIDO|DETALLE_PEDIDO', 153, '2018-12-17 15:45:12', 'I', 1, '127.0.0.1', 'INSERCIÓN SATISFACTORIA DE UN NUEVO PEDIDO'),
(1509, 'PEDIDO|DETALLE_PEDIDO', 154, '2018-12-17 15:45:13', 'I', 1, '127.0.0.1', 'INSERCIÓN SATISFACTORIA DE UN NUEVO PEDIDO'),
(1510, 'PEDIDO|DETALLE_PEDIDO', 155, '2018-12-17 15:45:13', 'I', 1, '127.0.0.1', 'INSERCIÓN SATISFACTORIA DE UN NUEVO PEDIDO'),
(1511, 'PEDIDO|DETALLE_PEDIDO', 156, '2018-12-17 15:45:13', 'I', 1, '127.0.0.1', 'INSERCIÓN SATISFACTORIA DE UN NUEVO PEDIDO'),
(1512, 'PEDIDO|DETALLE_PEDIDO', 157, '2018-12-17 15:45:13', 'I', 1, '127.0.0.1', 'INSERCIÓN SATISFACTORIA DE UN NUEVO PEDIDO'),
(1513, 'CLIENTE_AGENCIACARGA', 6, '2018-12-17 15:45:35', 'U', 1, '127.0.0.1', 'ACTUALIZACIÓN SATISFACTORIA DE LA RELACIÓN DE UNA AGENCIA DE CARGA A UN CLIENTE'),
(1514, 'CLIENTE_AGENCIACARGA', 6, '2018-12-17 15:45:36', 'U', 1, '127.0.0.1', 'ACTUALIZACIÓN SATISFACTORIA DE LA RELACIÓN DE UNA AGENCIA DE CARGA A UN CLIENTE'),
(1515, 'CLIENTE_AGENCIACARGA', 7, '2018-12-17 15:45:36', 'I', 1, '127.0.0.1', 'INSERCIÓN SATISFACTORIA DE LA RELACIÓN DE UNA AGENCIA DE CARGA A UN CLIENTE'),
(1516, 'DETALLE_ESPECIFICACIONEMPAQUE', 4, '2018-12-17 15:46:57', 'I', 1, '127.0.0.1', 'INSERCIÓN SATISFACTORIA DE UN NUEVO DETALLE DE ESPECIFICACIÓN DE EMPAQUE'),
(1517, 'PEDIDO|DETALLE_PEDIDO', 158, '2018-12-17 15:47:53', 'I', 1, '127.0.0.1', 'INSERCIÓN SATISFACTORIA DE UN NUEVO PEDIDO'),
(1518, 'PEDIDO|DETALLE_PEDIDO', 159, '2018-12-17 15:47:53', 'I', 1, '127.0.0.1', 'INSERCIÓN SATISFACTORIA DE UN NUEVO PEDIDO'),
(1519, 'PEDIDO|DETALLE_PEDIDO', 160, '2018-12-17 15:47:53', 'I', 1, '127.0.0.1', 'INSERCIÓN SATISFACTORIA DE UN NUEVO PEDIDO'),
(1520, 'PEDIDO|DETALLE_PEDIDO', 161, '2018-12-17 15:47:53', 'I', 1, '127.0.0.1', 'INSERCIÓN SATISFACTORIA DE UN NUEVO PEDIDO'),
(1521, 'PEDIDO|DETALLE_PEDIDO', 162, '2018-12-17 15:47:53', 'I', 1, '127.0.0.1', 'INSERCIÓN SATISFACTORIA DE UN NUEVO PEDIDO'),
(1522, 'PEDIDO|DETALLE_PEDIDO', 163, '2018-12-17 15:47:53', 'I', 1, '127.0.0.1', 'INSERCIÓN SATISFACTORIA DE UN NUEVO PEDIDO'),
(1523, 'PEDIDO|DETALLE_PEDIDO', 164, '2018-12-17 15:47:53', 'I', 1, '127.0.0.1', 'INSERCIÓN SATISFACTORIA DE UN NUEVO PEDIDO'),
(1524, 'PEDIDO|DETALLE_PEDIDO', 165, '2018-12-17 15:47:53', 'I', 1, '127.0.0.1', 'INSERCIÓN SATISFACTORIA DE UN NUEVO PEDIDO'),
(1525, 'PEDIDO|DETALLE_PEDIDO', 166, '2018-12-17 15:47:53', 'I', 1, '127.0.0.1', 'INSERCIÓN SATISFACTORIA DE UN NUEVO PEDIDO'),
(1526, 'PEDIDO|DETALLE_PEDIDO', 167, '2018-12-17 15:47:53', 'I', 1, '127.0.0.1', 'INSERCIÓN SATISFACTORIA DE UN NUEVO PEDIDO'),
(1527, 'PEDIDO|DETALLE_PEDIDO', 168, '2018-12-17 15:47:54', 'I', 1, '127.0.0.1', 'INSERCIÓN SATISFACTORIA DE UN NUEVO PEDIDO'),
(1528, 'PEDIDO|DETALLE_PEDIDO', 169, '2018-12-17 15:47:54', 'I', 1, '127.0.0.1', 'INSERCIÓN SATISFACTORIA DE UN NUEVO PEDIDO'),
(1529, 'PEDIDO|DETALLE_PEDIDO', 170, '2018-12-17 15:47:54', 'I', 1, '127.0.0.1', 'INSERCIÓN SATISFACTORIA DE UN NUEVO PEDIDO'),
(1530, 'PEDIDO|DETALLE_PEDIDO', 171, '2018-12-17 15:47:54', 'I', 1, '127.0.0.1', 'INSERCIÓN SATISFACTORIA DE UN NUEVO PEDIDO'),
(1531, 'PEDIDO|DETALLE_PEDIDO', 172, '2018-12-17 15:47:54', 'I', 1, '127.0.0.1', 'INSERCIÓN SATISFACTORIA DE UN NUEVO PEDIDO'),
(1532, 'PEDIDO|DETALLE_PEDIDO', 173, '2018-12-17 15:47:54', 'I', 1, '127.0.0.1', 'INSERCIÓN SATISFACTORIA DE UN NUEVO PEDIDO'),
(1533, 'PEDIDO|DETALLE_PEDIDO', 174, '2018-12-17 15:47:54', 'I', 1, '127.0.0.1', 'INSERCIÓN SATISFACTORIA DE UN NUEVO PEDIDO'),
(1534, 'PEDIDO|DETALLE_PEDIDO', 175, '2018-12-17 15:47:55', 'I', 1, '127.0.0.1', 'INSERCIÓN SATISFACTORIA DE UN NUEVO PEDIDO'),
(1535, 'PEDIDO|DETALLE_PEDIDO', 176, '2018-12-17 15:47:55', 'I', 1, '127.0.0.1', 'INSERCIÓN SATISFACTORIA DE UN NUEVO PEDIDO'),
(1536, 'PEDIDO|DETALLE_PEDIDO', 177, '2018-12-17 15:47:55', 'I', 1, '127.0.0.1', 'INSERCIÓN SATISFACTORIA DE UN NUEVO PEDIDO'),
(1537, 'PEDIDO|DETALLE_PEDIDO', 178, '2018-12-17 15:47:55', 'I', 1, '127.0.0.1', 'INSERCIÓN SATISFACTORIA DE UN NUEVO PEDIDO'),
(1538, 'PEDIDO|DETALLE_PEDIDO', 179, '2018-12-17 15:47:55', 'I', 1, '127.0.0.1', 'INSERCIÓN SATISFACTORIA DE UN NUEVO PEDIDO'),
(1539, 'PEDIDO|DETALLE_PEDIDO', 180, '2018-12-17 15:47:55', 'I', 1, '127.0.0.1', 'INSERCIÓN SATISFACTORIA DE UN NUEVO PEDIDO'),
(1540, 'PEDIDO|DETALLE_PEDIDO', 181, '2018-12-17 15:47:56', 'I', 1, '127.0.0.1', 'INSERCIÓN SATISFACTORIA DE UN NUEVO PEDIDO'),
(1541, 'PEDIDO|DETALLE_PEDIDO', 182, '2018-12-17 15:47:56', 'I', 1, '127.0.0.1', 'INSERCIÓN SATISFACTORIA DE UN NUEVO PEDIDO'),
(1542, 'PEDIDO|DETALLE_PEDIDO', 183, '2018-12-17 15:47:56', 'I', 1, '127.0.0.1', 'INSERCIÓN SATISFACTORIA DE UN NUEVO PEDIDO'),
(1543, 'PEDIDO|DETALLE_PEDIDO', 184, '2018-12-17 15:47:56', 'I', 1, '127.0.0.1', 'INSERCIÓN SATISFACTORIA DE UN NUEVO PEDIDO'),
(1544, 'PEDIDO|DETALLE_PEDIDO', 185, '2018-12-17 15:47:56', 'I', 1, '127.0.0.1', 'INSERCIÓN SATISFACTORIA DE UN NUEVO PEDIDO'),
(1545, 'PEDIDO|DETALLE_PEDIDO', 186, '2018-12-17 15:47:56', 'I', 1, '127.0.0.1', 'INSERCIÓN SATISFACTORIA DE UN NUEVO PEDIDO'),
(1546, 'PEDIDO|DETALLE_PEDIDO', 187, '2018-12-17 15:47:56', 'I', 1, '127.0.0.1', 'INSERCIÓN SATISFACTORIA DE UN NUEVO PEDIDO'),
(1547, 'PEDIDO|DETALLE_PEDIDO', 188, '2018-12-17 15:47:56', 'I', 1, '127.0.0.1', 'INSERCIÓN SATISFACTORIA DE UN NUEVO PEDIDO'),
(1548, 'PEDIDO|DETALLE_PEDIDO', 189, '2018-12-17 15:47:56', 'I', 1, '127.0.0.1', 'INSERCIÓN SATISFACTORIA DE UN NUEVO PEDIDO'),
(1549, 'PEDIDO|DETALLE_PEDIDO', 190, '2018-12-17 15:47:57', 'I', 1, '127.0.0.1', 'INSERCIÓN SATISFACTORIA DE UN NUEVO PEDIDO'),
(1550, 'PEDIDO|DETALLE_PEDIDO', 191, '2018-12-17 15:47:57', 'I', 1, '127.0.0.1', 'INSERCIÓN SATISFACTORIA DE UN NUEVO PEDIDO'),
(1551, 'PEDIDO|DETALLE_PEDIDO', 192, '2018-12-17 15:47:57', 'I', 1, '127.0.0.1', 'INSERCIÓN SATISFACTORIA DE UN NUEVO PEDIDO'),
(1552, 'PEDIDO|DETALLE_PEDIDO', 193, '2018-12-17 15:47:57', 'I', 1, '127.0.0.1', 'INSERCIÓN SATISFACTORIA DE UN NUEVO PEDIDO'),
(1553, 'PEDIDO|DETALLE_PEDIDO', 194, '2018-12-17 15:47:57', 'I', 1, '127.0.0.1', 'INSERCIÓN SATISFACTORIA DE UN NUEVO PEDIDO'),
(1554, 'PEDIDO|DETALLE_PEDIDO', 195, '2018-12-17 15:47:57', 'I', 1, '127.0.0.1', 'INSERCIÓN SATISFACTORIA DE UN NUEVO PEDIDO'),
(1555, 'PEDIDO|DETALLE_PEDIDO', 196, '2018-12-17 15:47:57', 'I', 1, '127.0.0.1', 'INSERCIÓN SATISFACTORIA DE UN NUEVO PEDIDO'),
(1556, 'PEDIDO|DETALLE_PEDIDO', 197, '2018-12-17 15:47:57', 'I', 1, '127.0.0.1', 'INSERCIÓN SATISFACTORIA DE UN NUEVO PEDIDO'),
(1557, 'PEDIDO|DETALLE_PEDIDO', 198, '2018-12-17 15:47:57', 'I', 1, '127.0.0.1', 'INSERCIÓN SATISFACTORIA DE UN NUEVO PEDIDO'),
(1558, 'PEDIDO|DETALLE_PEDIDO', 199, '2018-12-17 15:47:57', 'I', 1, '127.0.0.1', 'INSERCIÓN SATISFACTORIA DE UN NUEVO PEDIDO'),
(1559, 'PEDIDO|DETALLE_PEDIDO', 200, '2018-12-17 15:47:57', 'I', 1, '127.0.0.1', 'INSERCIÓN SATISFACTORIA DE UN NUEVO PEDIDO'),
(1560, 'PEDIDO|DETALLE_PEDIDO', 201, '2018-12-17 15:47:58', 'I', 1, '127.0.0.1', 'INSERCIÓN SATISFACTORIA DE UN NUEVO PEDIDO'),
(1561, 'PEDIDO|DETALLE_PEDIDO', 202, '2018-12-17 15:47:58', 'I', 1, '127.0.0.1', 'INSERCIÓN SATISFACTORIA DE UN NUEVO PEDIDO'),
(1562, 'PEDIDO|DETALLE_PEDIDO', 203, '2018-12-17 15:47:58', 'I', 1, '127.0.0.1', 'INSERCIÓN SATISFACTORIA DE UN NUEVO PEDIDO'),
(1563, 'PEDIDO|DETALLE_PEDIDO', 204, '2018-12-17 15:47:58', 'I', 1, '127.0.0.1', 'INSERCIÓN SATISFACTORIA DE UN NUEVO PEDIDO'),
(1564, 'PEDIDO|DETALLE_PEDIDO', 205, '2018-12-17 15:47:58', 'I', 1, '127.0.0.1', 'INSERCIÓN SATISFACTORIA DE UN NUEVO PEDIDO'),
(1565, 'PEDIDO|DETALLE_PEDIDO', 206, '2018-12-17 15:47:58', 'I', 1, '127.0.0.1', 'INSERCIÓN SATISFACTORIA DE UN NUEVO PEDIDO'),
(1566, 'PEDIDO|DETALLE_PEDIDO', 207, '2018-12-17 15:47:58', 'I', 1, '127.0.0.1', 'INSERCIÓN SATISFACTORIA DE UN NUEVO PEDIDO'),
(1567, 'PEDIDO|DETALLE_PEDIDO', 208, '2018-12-17 15:47:58', 'I', 1, '127.0.0.1', 'INSERCIÓN SATISFACTORIA DE UN NUEVO PEDIDO'),
(1568, 'PEDIDO|DETALLE_PEDIDO', 209, '2018-12-17 15:47:58', 'I', 1, '127.0.0.1', 'INSERCIÓN SATISFACTORIA DE UN NUEVO PEDIDO'),
(1569, 'DETALLE_ESPECIFICACIONEMPAQUE', 5, '2018-12-17 15:50:08', 'I', 1, '127.0.0.1', 'INSERCIÓN SATISFACTORIA DE UN NUEVO DETALLE DE ESPECIFICACIÓN DE EMPAQUE'),
(1570, 'SUBMENU', 17, '2018-12-17 15:54:22', 'I', 1, '127.0.0.1', 'INSERCIÓN SATISFACTORIA DE UN NUEVO SUBMENÚ'),
(1571, 'ROL_SUBMENU', 17, '2018-12-17 15:54:50', 'I', 1, '127.0.0.1', 'INSERCIÓN SATISFACTORIA DE UN NUEVO ROL_SUBMENU'),
(1572, 'PEDIDO|DETALLE_PEDIDO', 210, '2018-12-17 15:56:25', 'I', 1, '127.0.0.1', 'INSERCIÓN SATISFACTORIA DE UN NUEVO PEDIDO'),
(1573, 'PEDIDO|DETALLE_PEDIDO', 211, '2018-12-17 15:56:25', 'I', 1, '127.0.0.1', 'INSERCIÓN SATISFACTORIA DE UN NUEVO PEDIDO'),
(1574, 'PEDIDO|DETALLE_PEDIDO', 212, '2018-12-17 15:56:25', 'I', 1, '127.0.0.1', 'INSERCIÓN SATISFACTORIA DE UN NUEVO PEDIDO'),
(1575, 'PEDIDO|DETALLE_PEDIDO', 213, '2018-12-17 15:56:25', 'I', 1, '127.0.0.1', 'INSERCIÓN SATISFACTORIA DE UN NUEVO PEDIDO'),
(1576, 'PEDIDO|DETALLE_PEDIDO', 214, '2018-12-17 15:56:26', 'I', 1, '127.0.0.1', 'INSERCIÓN SATISFACTORIA DE UN NUEVO PEDIDO'),
(1577, 'PEDIDO|DETALLE_PEDIDO', 215, '2018-12-17 15:56:26', 'I', 1, '127.0.0.1', 'INSERCIÓN SATISFACTORIA DE UN NUEVO PEDIDO'),
(1578, 'PEDIDO|DETALLE_PEDIDO', 216, '2018-12-17 15:56:26', 'I', 1, '127.0.0.1', 'INSERCIÓN SATISFACTORIA DE UN NUEVO PEDIDO'),
(1579, 'PEDIDO|DETALLE_PEDIDO', 217, '2018-12-17 15:56:26', 'I', 1, '127.0.0.1', 'INSERCIÓN SATISFACTORIA DE UN NUEVO PEDIDO'),
(1580, 'PEDIDO|DETALLE_PEDIDO', 218, '2018-12-17 15:56:26', 'I', 1, '127.0.0.1', 'INSERCIÓN SATISFACTORIA DE UN NUEVO PEDIDO'),
(1581, 'PEDIDO|DETALLE_PEDIDO', 219, '2018-12-17 15:56:26', 'I', 1, '127.0.0.1', 'INSERCIÓN SATISFACTORIA DE UN NUEVO PEDIDO'),
(1582, 'PEDIDO|DETALLE_PEDIDO', 220, '2018-12-17 15:56:26', 'I', 1, '127.0.0.1', 'INSERCIÓN SATISFACTORIA DE UN NUEVO PEDIDO'),
(1583, 'PEDIDO|DETALLE_PEDIDO', 221, '2018-12-17 15:56:26', 'I', 1, '127.0.0.1', 'INSERCIÓN SATISFACTORIA DE UN NUEVO PEDIDO'),
(1584, 'PEDIDO|DETALLE_PEDIDO', 222, '2018-12-17 15:56:26', 'I', 1, '127.0.0.1', 'INSERCIÓN SATISFACTORIA DE UN NUEVO PEDIDO'),
(1585, 'PEDIDO|DETALLE_PEDIDO', 223, '2018-12-17 15:56:26', 'I', 1, '127.0.0.1', 'INSERCIÓN SATISFACTORIA DE UN NUEVO PEDIDO'),
(1586, 'PEDIDO|DETALLE_PEDIDO', 224, '2018-12-17 15:56:27', 'I', 1, '127.0.0.1', 'INSERCIÓN SATISFACTORIA DE UN NUEVO PEDIDO'),
(1587, 'PEDIDO|DETALLE_PEDIDO', 225, '2018-12-17 15:56:27', 'I', 1, '127.0.0.1', 'INSERCIÓN SATISFACTORIA DE UN NUEVO PEDIDO'),
(1588, 'PEDIDO|DETALLE_PEDIDO', 226, '2018-12-17 15:56:27', 'I', 1, '127.0.0.1', 'INSERCIÓN SATISFACTORIA DE UN NUEVO PEDIDO'),
(1589, 'PEDIDO|DETALLE_PEDIDO', 227, '2018-12-17 15:56:27', 'I', 1, '127.0.0.1', 'INSERCIÓN SATISFACTORIA DE UN NUEVO PEDIDO'),
(1590, 'PEDIDO|DETALLE_PEDIDO', 228, '2018-12-17 15:56:27', 'I', 1, '127.0.0.1', 'INSERCIÓN SATISFACTORIA DE UN NUEVO PEDIDO'),
(1591, 'PEDIDO|DETALLE_PEDIDO', 229, '2018-12-17 15:56:27', 'I', 1, '127.0.0.1', 'INSERCIÓN SATISFACTORIA DE UN NUEVO PEDIDO'),
(1592, 'PEDIDO|DETALLE_PEDIDO', 230, '2018-12-17 15:56:27', 'I', 1, '127.0.0.1', 'INSERCIÓN SATISFACTORIA DE UN NUEVO PEDIDO'),
(1593, 'PEDIDO|DETALLE_PEDIDO', 231, '2018-12-17 15:56:27', 'I', 1, '127.0.0.1', 'INSERCIÓN SATISFACTORIA DE UN NUEVO PEDIDO'),
(1594, 'PEDIDO|DETALLE_PEDIDO', 232, '2018-12-17 15:56:27', 'I', 1, '127.0.0.1', 'INSERCIÓN SATISFACTORIA DE UN NUEVO PEDIDO'),
(1595, 'PEDIDO|DETALLE_PEDIDO', 233, '2018-12-17 15:56:27', 'I', 1, '127.0.0.1', 'INSERCIÓN SATISFACTORIA DE UN NUEVO PEDIDO'),
(1596, 'PEDIDO|DETALLE_PEDIDO', 234, '2018-12-17 15:56:28', 'I', 1, '127.0.0.1', 'INSERCIÓN SATISFACTORIA DE UN NUEVO PEDIDO'),
(1597, 'PEDIDO|DETALLE_PEDIDO', 235, '2018-12-17 15:56:28', 'I', 1, '127.0.0.1', 'INSERCIÓN SATISFACTORIA DE UN NUEVO PEDIDO'),
(1598, 'PEDIDO|DETALLE_PEDIDO', 236, '2018-12-17 15:56:28', 'I', 1, '127.0.0.1', 'INSERCIÓN SATISFACTORIA DE UN NUEVO PEDIDO'),
(1599, 'PEDIDO|DETALLE_PEDIDO', 237, '2018-12-17 15:56:28', 'I', 1, '127.0.0.1', 'INSERCIÓN SATISFACTORIA DE UN NUEVO PEDIDO'),
(1600, 'PEDIDO|DETALLE_PEDIDO', 238, '2018-12-17 15:56:28', 'I', 1, '127.0.0.1', 'INSERCIÓN SATISFACTORIA DE UN NUEVO PEDIDO'),
(1601, 'PEDIDO|DETALLE_PEDIDO', 239, '2018-12-17 15:56:28', 'I', 1, '127.0.0.1', 'INSERCIÓN SATISFACTORIA DE UN NUEVO PEDIDO'),
(1602, 'PEDIDO|DETALLE_PEDIDO', 240, '2018-12-17 15:56:28', 'I', 1, '127.0.0.1', 'INSERCIÓN SATISFACTORIA DE UN NUEVO PEDIDO'),
(1603, 'PEDIDO|DETALLE_PEDIDO', 241, '2018-12-17 15:56:29', 'I', 1, '127.0.0.1', 'INSERCIÓN SATISFACTORIA DE UN NUEVO PEDIDO'),
(1604, 'PEDIDO|DETALLE_PEDIDO', 242, '2018-12-17 15:56:29', 'I', 1, '127.0.0.1', 'INSERCIÓN SATISFACTORIA DE UN NUEVO PEDIDO'),
(1605, 'PEDIDO|DETALLE_PEDIDO', 243, '2018-12-17 15:56:29', 'I', 1, '127.0.0.1', 'INSERCIÓN SATISFACTORIA DE UN NUEVO PEDIDO'),
(1606, 'PEDIDO|DETALLE_PEDIDO', 244, '2018-12-17 15:56:29', 'I', 1, '127.0.0.1', 'INSERCIÓN SATISFACTORIA DE UN NUEVO PEDIDO'),
(1607, 'PEDIDO|DETALLE_PEDIDO', 245, '2018-12-17 15:56:29', 'I', 1, '127.0.0.1', 'INSERCIÓN SATISFACTORIA DE UN NUEVO PEDIDO'),
(1608, 'PEDIDO|DETALLE_PEDIDO', 246, '2018-12-17 15:56:29', 'I', 1, '127.0.0.1', 'INSERCIÓN SATISFACTORIA DE UN NUEVO PEDIDO'),
(1609, 'PEDIDO|DETALLE_PEDIDO', 247, '2018-12-17 15:56:29', 'I', 1, '127.0.0.1', 'INSERCIÓN SATISFACTORIA DE UN NUEVO PEDIDO'),
(1610, 'PEDIDO|DETALLE_PEDIDO', 248, '2018-12-17 15:56:29', 'I', 1, '127.0.0.1', 'INSERCIÓN SATISFACTORIA DE UN NUEVO PEDIDO'),
(1611, 'PEDIDO|DETALLE_PEDIDO', 249, '2018-12-17 15:56:29', 'I', 1, '127.0.0.1', 'INSERCIÓN SATISFACTORIA DE UN NUEVO PEDIDO'),
(1612, 'PEDIDO|DETALLE_PEDIDO', 250, '2018-12-17 15:56:29', 'I', 1, '127.0.0.1', 'INSERCIÓN SATISFACTORIA DE UN NUEVO PEDIDO'),
(1613, 'PEDIDO|DETALLE_PEDIDO', 251, '2018-12-17 15:56:29', 'I', 1, '127.0.0.1', 'INSERCIÓN SATISFACTORIA DE UN NUEVO PEDIDO'),
(1614, 'PEDIDO|DETALLE_PEDIDO', 252, '2018-12-17 15:56:29', 'I', 1, '127.0.0.1', 'INSERCIÓN SATISFACTORIA DE UN NUEVO PEDIDO'),
(1615, 'PEDIDO|DETALLE_PEDIDO', 253, '2018-12-17 15:56:30', 'I', 1, '127.0.0.1', 'INSERCIÓN SATISFACTORIA DE UN NUEVO PEDIDO'),
(1616, 'PEDIDO|DETALLE_PEDIDO', 254, '2018-12-17 15:56:30', 'I', 1, '127.0.0.1', 'INSERCIÓN SATISFACTORIA DE UN NUEVO PEDIDO'),
(1617, 'PEDIDO|DETALLE_PEDIDO', 255, '2018-12-17 15:56:30', 'I', 1, '127.0.0.1', 'INSERCIÓN SATISFACTORIA DE UN NUEVO PEDIDO'),
(1618, 'PEDIDO|DETALLE_PEDIDO', 256, '2018-12-17 15:56:30', 'I', 1, '127.0.0.1', 'INSERCIÓN SATISFACTORIA DE UN NUEVO PEDIDO'),
(1619, 'PEDIDO|DETALLE_PEDIDO', 257, '2018-12-17 15:56:30', 'I', 1, '127.0.0.1', 'INSERCIÓN SATISFACTORIA DE UN NUEVO PEDIDO'),
(1620, 'PEDIDO|DETALLE_PEDIDO', 258, '2018-12-17 15:56:30', 'I', 1, '127.0.0.1', 'INSERCIÓN SATISFACTORIA DE UN NUEVO PEDIDO'),
(1621, 'PEDIDO|DETALLE_PEDIDO', 259, '2018-12-17 15:56:30', 'I', 1, '127.0.0.1', 'INSERCIÓN SATISFACTORIA DE UN NUEVO PEDIDO'),
(1622, 'PEDIDO|DETALLE_PEDIDO', 260, '2018-12-17 15:56:30', 'I', 1, '127.0.0.1', 'INSERCIÓN SATISFACTORIA DE UN NUEVO PEDIDO'),
(1623, 'PEDIDO|DETALLE_PEDIDO', 261, '2018-12-17 15:56:30', 'I', 1, '127.0.0.1', 'INSERCIÓN SATISFACTORIA DE UN NUEVO PEDIDO'),
(1624, 'PEDIDO|DETALLE_PEDIDO', 262, '2018-12-17 15:56:30', 'I', 1, '127.0.0.1', 'INSERCIÓN SATISFACTORIA DE UN NUEVO PEDIDO'),
(1625, 'PEDIDO|DETALLE_PEDIDO', 1, '2018-12-17 16:13:55', 'I', 1, '127.0.0.1', 'INSERCIÓN SATISFACTORIA DE UN NUEVO PEDIDO'),
(1626, 'PEDIDO|DETALLE_PEDIDO', 2, '2018-12-17 16:13:55', 'I', 1, '127.0.0.1', 'INSERCIÓN SATISFACTORIA DE UN NUEVO PEDIDO'),
(1627, 'PEDIDO|DETALLE_PEDIDO', 3, '2018-12-17 16:13:55', 'I', 1, '127.0.0.1', 'INSERCIÓN SATISFACTORIA DE UN NUEVO PEDIDO'),
(1628, 'PEDIDO|DETALLE_PEDIDO', 4, '2018-12-17 16:13:56', 'I', 1, '127.0.0.1', 'INSERCIÓN SATISFACTORIA DE UN NUEVO PEDIDO'),
(1629, 'PEDIDO|DETALLE_PEDIDO', 5, '2018-12-17 16:13:56', 'I', 1, '127.0.0.1', 'INSERCIÓN SATISFACTORIA DE UN NUEVO PEDIDO'),
(1630, 'PEDIDO|DETALLE_PEDIDO', 6, '2018-12-17 16:13:56', 'I', 1, '127.0.0.1', 'INSERCIÓN SATISFACTORIA DE UN NUEVO PEDIDO'),
(1631, 'PEDIDO|DETALLE_PEDIDO', 7, '2018-12-17 16:13:56', 'I', 1, '127.0.0.1', 'INSERCIÓN SATISFACTORIA DE UN NUEVO PEDIDO'),
(1632, 'PEDIDO|DETALLE_PEDIDO', 8, '2018-12-17 16:13:56', 'I', 1, '127.0.0.1', 'INSERCIÓN SATISFACTORIA DE UN NUEVO PEDIDO'),
(1633, 'PEDIDO|DETALLE_PEDIDO', 9, '2018-12-17 16:13:56', 'I', 1, '127.0.0.1', 'INSERCIÓN SATISFACTORIA DE UN NUEVO PEDIDO'),
(1634, 'PEDIDO|DETALLE_PEDIDO', 10, '2018-12-17 16:13:56', 'I', 1, '127.0.0.1', 'INSERCIÓN SATISFACTORIA DE UN NUEVO PEDIDO'),
(1635, 'PEDIDO|DETALLE_PEDIDO', 11, '2018-12-17 16:13:56', 'I', 1, '127.0.0.1', 'INSERCIÓN SATISFACTORIA DE UN NUEVO PEDIDO'),
(1636, 'PEDIDO|DETALLE_PEDIDO', 12, '2018-12-17 16:13:56', 'I', 1, '127.0.0.1', 'INSERCIÓN SATISFACTORIA DE UN NUEVO PEDIDO'),
(1637, 'PEDIDO|DETALLE_PEDIDO', 13, '2018-12-17 16:13:56', 'I', 1, '127.0.0.1', 'INSERCIÓN SATISFACTORIA DE UN NUEVO PEDIDO'),
(1638, 'PEDIDO|DETALLE_PEDIDO', 14, '2018-12-17 16:13:57', 'I', 1, '127.0.0.1', 'INSERCIÓN SATISFACTORIA DE UN NUEVO PEDIDO'),
(1639, 'PEDIDO|DETALLE_PEDIDO', 15, '2018-12-17 16:13:57', 'I', 1, '127.0.0.1', 'INSERCIÓN SATISFACTORIA DE UN NUEVO PEDIDO'),
(1640, 'PEDIDO|DETALLE_PEDIDO', 16, '2018-12-17 16:13:57', 'I', 1, '127.0.0.1', 'INSERCIÓN SATISFACTORIA DE UN NUEVO PEDIDO'),
(1641, 'PEDIDO|DETALLE_PEDIDO', 17, '2018-12-17 16:13:57', 'I', 1, '127.0.0.1', 'INSERCIÓN SATISFACTORIA DE UN NUEVO PEDIDO'),
(1642, 'PEDIDO|DETALLE_PEDIDO', 18, '2018-12-17 16:13:57', 'I', 1, '127.0.0.1', 'INSERCIÓN SATISFACTORIA DE UN NUEVO PEDIDO'),
(1643, 'PEDIDO|DETALLE_PEDIDO', 19, '2018-12-17 16:13:57', 'I', 1, '127.0.0.1', 'INSERCIÓN SATISFACTORIA DE UN NUEVO PEDIDO'),
(1644, 'PEDIDO|DETALLE_PEDIDO', 20, '2018-12-17 16:13:57', 'I', 1, '127.0.0.1', 'INSERCIÓN SATISFACTORIA DE UN NUEVO PEDIDO'),
(1645, 'PEDIDO|DETALLE_PEDIDO', 21, '2018-12-17 16:13:57', 'I', 1, '127.0.0.1', 'INSERCIÓN SATISFACTORIA DE UN NUEVO PEDIDO'),
(1646, 'PEDIDO|DETALLE_PEDIDO', 22, '2018-12-17 16:13:57', 'I', 1, '127.0.0.1', 'INSERCIÓN SATISFACTORIA DE UN NUEVO PEDIDO'),
(1647, 'PEDIDO|DETALLE_PEDIDO', 23, '2018-12-17 16:13:58', 'I', 1, '127.0.0.1', 'INSERCIÓN SATISFACTORIA DE UN NUEVO PEDIDO'),
(1648, 'PEDIDO|DETALLE_PEDIDO', 24, '2018-12-17 16:13:58', 'I', 1, '127.0.0.1', 'INSERCIÓN SATISFACTORIA DE UN NUEVO PEDIDO'),
(1649, 'PEDIDO|DETALLE_PEDIDO', 25, '2018-12-17 16:13:58', 'I', 1, '127.0.0.1', 'INSERCIÓN SATISFACTORIA DE UN NUEVO PEDIDO'),
(1650, 'PEDIDO|DETALLE_PEDIDO', 26, '2018-12-17 16:13:58', 'I', 1, '127.0.0.1', 'INSERCIÓN SATISFACTORIA DE UN NUEVO PEDIDO'),
(1651, 'PEDIDO|DETALLE_PEDIDO', 27, '2018-12-17 16:13:58', 'I', 1, '127.0.0.1', 'INSERCIÓN SATISFACTORIA DE UN NUEVO PEDIDO'),
(1652, 'PEDIDO|DETALLE_PEDIDO', 28, '2018-12-17 16:13:58', 'I', 1, '127.0.0.1', 'INSERCIÓN SATISFACTORIA DE UN NUEVO PEDIDO'),
(1653, 'PEDIDO|DETALLE_PEDIDO', 29, '2018-12-17 16:13:58', 'I', 1, '127.0.0.1', 'INSERCIÓN SATISFACTORIA DE UN NUEVO PEDIDO'),
(1654, 'PEDIDO|DETALLE_PEDIDO', 30, '2018-12-17 16:13:58', 'I', 1, '127.0.0.1', 'INSERCIÓN SATISFACTORIA DE UN NUEVO PEDIDO'),
(1655, 'PEDIDO|DETALLE_PEDIDO', 31, '2018-12-17 16:13:58', 'I', 1, '127.0.0.1', 'INSERCIÓN SATISFACTORIA DE UN NUEVO PEDIDO'),
(1656, 'PEDIDO|DETALLE_PEDIDO', 32, '2018-12-17 16:13:58', 'I', 1, '127.0.0.1', 'INSERCIÓN SATISFACTORIA DE UN NUEVO PEDIDO'),
(1657, 'PEDIDO|DETALLE_PEDIDO', 33, '2018-12-17 16:13:58', 'I', 1, '127.0.0.1', 'INSERCIÓN SATISFACTORIA DE UN NUEVO PEDIDO'),
(1658, 'PEDIDO|DETALLE_PEDIDO', 34, '2018-12-17 16:13:58', 'I', 1, '127.0.0.1', 'INSERCIÓN SATISFACTORIA DE UN NUEVO PEDIDO'),
(1659, 'PEDIDO|DETALLE_PEDIDO', 35, '2018-12-17 16:13:59', 'I', 1, '127.0.0.1', 'INSERCIÓN SATISFACTORIA DE UN NUEVO PEDIDO'),
(1660, 'PEDIDO|DETALLE_PEDIDO', 36, '2018-12-17 16:13:59', 'I', 1, '127.0.0.1', 'INSERCIÓN SATISFACTORIA DE UN NUEVO PEDIDO'),
(1661, 'PEDIDO|DETALLE_PEDIDO', 37, '2018-12-17 16:13:59', 'I', 1, '127.0.0.1', 'INSERCIÓN SATISFACTORIA DE UN NUEVO PEDIDO'),
(1662, 'PEDIDO|DETALLE_PEDIDO', 38, '2018-12-17 16:13:59', 'I', 1, '127.0.0.1', 'INSERCIÓN SATISFACTORIA DE UN NUEVO PEDIDO'),
(1663, 'PEDIDO|DETALLE_PEDIDO', 39, '2018-12-17 16:13:59', 'I', 1, '127.0.0.1', 'INSERCIÓN SATISFACTORIA DE UN NUEVO PEDIDO'),
(1664, 'PEDIDO|DETALLE_PEDIDO', 40, '2018-12-17 16:13:59', 'I', 1, '127.0.0.1', 'INSERCIÓN SATISFACTORIA DE UN NUEVO PEDIDO'),
(1665, 'PEDIDO|DETALLE_PEDIDO', 41, '2018-12-17 16:13:59', 'I', 1, '127.0.0.1', 'INSERCIÓN SATISFACTORIA DE UN NUEVO PEDIDO'),
(1666, 'PEDIDO|DETALLE_PEDIDO', 42, '2018-12-17 16:13:59', 'I', 1, '127.0.0.1', 'INSERCIÓN SATISFACTORIA DE UN NUEVO PEDIDO'),
(1667, 'PEDIDO|DETALLE_PEDIDO', 43, '2018-12-17 16:13:59', 'I', 1, '127.0.0.1', 'INSERCIÓN SATISFACTORIA DE UN NUEVO PEDIDO'),
(1668, 'PEDIDO|DETALLE_PEDIDO', 44, '2018-12-17 16:13:59', 'I', 1, '127.0.0.1', 'INSERCIÓN SATISFACTORIA DE UN NUEVO PEDIDO'),
(1669, 'PEDIDO|DETALLE_PEDIDO', 45, '2018-12-17 16:13:59', 'I', 1, '127.0.0.1', 'INSERCIÓN SATISFACTORIA DE UN NUEVO PEDIDO'),
(1670, 'PEDIDO|DETALLE_PEDIDO', 46, '2018-12-17 16:13:59', 'I', 1, '127.0.0.1', 'INSERCIÓN SATISFACTORIA DE UN NUEVO PEDIDO'),
(1671, 'PEDIDO|DETALLE_PEDIDO', 47, '2018-12-17 16:13:59', 'I', 1, '127.0.0.1', 'INSERCIÓN SATISFACTORIA DE UN NUEVO PEDIDO'),
(1672, 'PEDIDO|DETALLE_PEDIDO', 48, '2018-12-17 16:14:00', 'I', 1, '127.0.0.1', 'INSERCIÓN SATISFACTORIA DE UN NUEVO PEDIDO'),
(1673, 'PEDIDO|DETALLE_PEDIDO', 49, '2018-12-17 16:14:00', 'I', 1, '127.0.0.1', 'INSERCIÓN SATISFACTORIA DE UN NUEVO PEDIDO'),
(1674, 'PEDIDO|DETALLE_PEDIDO', 50, '2018-12-17 16:14:00', 'I', 1, '127.0.0.1', 'INSERCIÓN SATISFACTORIA DE UN NUEVO PEDIDO'),
(1675, 'PEDIDO|DETALLE_PEDIDO', 51, '2018-12-17 16:14:00', 'I', 1, '127.0.0.1', 'INSERCIÓN SATISFACTORIA DE UN NUEVO PEDIDO'),
(1676, 'PEDIDO|DETALLE_PEDIDO', 52, '2018-12-17 16:14:00', 'I', 1, '127.0.0.1', 'INSERCIÓN SATISFACTORIA DE UN NUEVO PEDIDO'),
(1677, 'PEDIDO|DETALLE_PEDIDO', 53, '2018-12-17 16:14:00', 'I', 1, '127.0.0.1', 'INSERCIÓN SATISFACTORIA DE UN NUEVO PEDIDO'),
(1678, 'PEDIDO|DETALLE_PEDIDO', 54, '2018-12-17 16:15:30', 'I', 1, '127.0.0.1', 'INSERCIÓN SATISFACTORIA DE UN NUEVO PEDIDO'),
(1679, 'PEDIDO|DETALLE_PEDIDO', 55, '2018-12-17 16:15:30', 'I', 1, '127.0.0.1', 'INSERCIÓN SATISFACTORIA DE UN NUEVO PEDIDO'),
(1680, 'PEDIDO|DETALLE_PEDIDO', 56, '2018-12-17 16:15:30', 'I', 1, '127.0.0.1', 'INSERCIÓN SATISFACTORIA DE UN NUEVO PEDIDO'),
(1681, 'PEDIDO|DETALLE_PEDIDO', 57, '2018-12-17 16:15:30', 'I', 1, '127.0.0.1', 'INSERCIÓN SATISFACTORIA DE UN NUEVO PEDIDO'),
(1682, 'PEDIDO|DETALLE_PEDIDO', 58, '2018-12-17 16:15:30', 'I', 1, '127.0.0.1', 'INSERCIÓN SATISFACTORIA DE UN NUEVO PEDIDO'),
(1683, 'PEDIDO|DETALLE_PEDIDO', 59, '2018-12-17 16:15:31', 'I', 1, '127.0.0.1', 'INSERCIÓN SATISFACTORIA DE UN NUEVO PEDIDO'),
(1684, 'PEDIDO|DETALLE_PEDIDO', 60, '2018-12-17 16:15:31', 'I', 1, '127.0.0.1', 'INSERCIÓN SATISFACTORIA DE UN NUEVO PEDIDO'),
(1685, 'PEDIDO|DETALLE_PEDIDO', 61, '2018-12-17 16:15:31', 'I', 1, '127.0.0.1', 'INSERCIÓN SATISFACTORIA DE UN NUEVO PEDIDO'),
(1686, 'PEDIDO|DETALLE_PEDIDO', 62, '2018-12-17 16:15:31', 'I', 1, '127.0.0.1', 'INSERCIÓN SATISFACTORIA DE UN NUEVO PEDIDO'),
(1687, 'PEDIDO|DETALLE_PEDIDO', 63, '2018-12-17 16:15:31', 'I', 1, '127.0.0.1', 'INSERCIÓN SATISFACTORIA DE UN NUEVO PEDIDO'),
(1688, 'PEDIDO|DETALLE_PEDIDO', 64, '2018-12-17 16:15:31', 'I', 1, '127.0.0.1', 'INSERCIÓN SATISFACTORIA DE UN NUEVO PEDIDO'),
(1689, 'PEDIDO|DETALLE_PEDIDO', 65, '2018-12-17 16:15:31', 'I', 1, '127.0.0.1', 'INSERCIÓN SATISFACTORIA DE UN NUEVO PEDIDO'),
(1690, 'PEDIDO|DETALLE_PEDIDO', 66, '2018-12-17 16:15:31', 'I', 1, '127.0.0.1', 'INSERCIÓN SATISFACTORIA DE UN NUEVO PEDIDO'),
(1691, 'PEDIDO|DETALLE_PEDIDO', 67, '2018-12-17 16:15:31', 'I', 1, '127.0.0.1', 'INSERCIÓN SATISFACTORIA DE UN NUEVO PEDIDO'),
(1692, 'PEDIDO|DETALLE_PEDIDO', 68, '2018-12-17 16:15:32', 'I', 1, '127.0.0.1', 'INSERCIÓN SATISFACTORIA DE UN NUEVO PEDIDO'),
(1693, 'PEDIDO|DETALLE_PEDIDO', 69, '2018-12-17 16:15:32', 'I', 1, '127.0.0.1', 'INSERCIÓN SATISFACTORIA DE UN NUEVO PEDIDO'),
(1694, 'PEDIDO|DETALLE_PEDIDO', 70, '2018-12-17 16:15:32', 'I', 1, '127.0.0.1', 'INSERCIÓN SATISFACTORIA DE UN NUEVO PEDIDO'),
(1695, 'PEDIDO|DETALLE_PEDIDO', 71, '2018-12-17 16:15:32', 'I', 1, '127.0.0.1', 'INSERCIÓN SATISFACTORIA DE UN NUEVO PEDIDO'),
(1696, 'PEDIDO|DETALLE_PEDIDO', 72, '2018-12-17 16:15:32', 'I', 1, '127.0.0.1', 'INSERCIÓN SATISFACTORIA DE UN NUEVO PEDIDO'),
(1697, 'PEDIDO|DETALLE_PEDIDO', 73, '2018-12-17 16:15:32', 'I', 1, '127.0.0.1', 'INSERCIÓN SATISFACTORIA DE UN NUEVO PEDIDO'),
(1698, 'PEDIDO|DETALLE_PEDIDO', 74, '2018-12-17 16:15:32', 'I', 1, '127.0.0.1', 'INSERCIÓN SATISFACTORIA DE UN NUEVO PEDIDO'),
(1699, 'PEDIDO|DETALLE_PEDIDO', 75, '2018-12-17 16:15:32', 'I', 1, '127.0.0.1', 'INSERCIÓN SATISFACTORIA DE UN NUEVO PEDIDO'),
(1700, 'PEDIDO|DETALLE_PEDIDO', 76, '2018-12-17 16:15:32', 'I', 1, '127.0.0.1', 'INSERCIÓN SATISFACTORIA DE UN NUEVO PEDIDO'),
(1701, 'PEDIDO|DETALLE_PEDIDO', 77, '2018-12-17 16:15:32', 'I', 1, '127.0.0.1', 'INSERCIÓN SATISFACTORIA DE UN NUEVO PEDIDO'),
(1702, 'PEDIDO|DETALLE_PEDIDO', 78, '2018-12-17 16:15:32', 'I', 1, '127.0.0.1', 'INSERCIÓN SATISFACTORIA DE UN NUEVO PEDIDO'),
(1703, 'PEDIDO|DETALLE_PEDIDO', 79, '2018-12-17 16:15:33', 'I', 1, '127.0.0.1', 'INSERCIÓN SATISFACTORIA DE UN NUEVO PEDIDO'),
(1704, 'PEDIDO|DETALLE_PEDIDO', 80, '2018-12-17 16:17:07', 'I', 1, '127.0.0.1', 'INSERCIÓN SATISFACTORIA DE UN NUEVO PEDIDO'),
(1705, 'PEDIDO|DETALLE_PEDIDO', 81, '2018-12-17 16:17:07', 'I', 1, '127.0.0.1', 'INSERCIÓN SATISFACTORIA DE UN NUEVO PEDIDO'),
(1706, 'PEDIDO|DETALLE_PEDIDO', 82, '2018-12-17 16:17:07', 'I', 1, '127.0.0.1', 'INSERCIÓN SATISFACTORIA DE UN NUEVO PEDIDO'),
(1707, 'PEDIDO|DETALLE_PEDIDO', 83, '2018-12-17 16:17:08', 'I', 1, '127.0.0.1', 'INSERCIÓN SATISFACTORIA DE UN NUEVO PEDIDO'),
(1708, 'PEDIDO|DETALLE_PEDIDO', 84, '2018-12-17 16:17:08', 'I', 1, '127.0.0.1', 'INSERCIÓN SATISFACTORIA DE UN NUEVO PEDIDO'),
(1709, 'PEDIDO|DETALLE_PEDIDO', 85, '2018-12-17 16:17:08', 'I', 1, '127.0.0.1', 'INSERCIÓN SATISFACTORIA DE UN NUEVO PEDIDO'),
(1710, 'PEDIDO|DETALLE_PEDIDO', 86, '2018-12-17 16:17:08', 'I', 1, '127.0.0.1', 'INSERCIÓN SATISFACTORIA DE UN NUEVO PEDIDO'),
(1711, 'PEDIDO|DETALLE_PEDIDO', 87, '2018-12-17 16:17:08', 'I', 1, '127.0.0.1', 'INSERCIÓN SATISFACTORIA DE UN NUEVO PEDIDO'),
(1712, 'PEDIDO|DETALLE_PEDIDO', 88, '2018-12-17 16:17:08', 'I', 1, '127.0.0.1', 'INSERCIÓN SATISFACTORIA DE UN NUEVO PEDIDO'),
(1713, 'PEDIDO|DETALLE_PEDIDO', 89, '2018-12-17 16:17:08', 'I', 1, '127.0.0.1', 'INSERCIÓN SATISFACTORIA DE UN NUEVO PEDIDO'),
(1714, 'PEDIDO|DETALLE_PEDIDO', 90, '2018-12-17 16:17:08', 'I', 1, '127.0.0.1', 'INSERCIÓN SATISFACTORIA DE UN NUEVO PEDIDO'),
(1715, 'PEDIDO|DETALLE_PEDIDO', 91, '2018-12-17 16:17:09', 'I', 1, '127.0.0.1', 'INSERCIÓN SATISFACTORIA DE UN NUEVO PEDIDO'),
(1716, 'PEDIDO|DETALLE_PEDIDO', 92, '2018-12-17 16:17:09', 'I', 1, '127.0.0.1', 'INSERCIÓN SATISFACTORIA DE UN NUEVO PEDIDO'),
(1717, 'PEDIDO|DETALLE_PEDIDO', 93, '2018-12-17 16:17:09', 'I', 1, '127.0.0.1', 'INSERCIÓN SATISFACTORIA DE UN NUEVO PEDIDO'),
(1718, 'PEDIDO|DETALLE_PEDIDO', 94, '2018-12-17 16:17:09', 'I', 1, '127.0.0.1', 'INSERCIÓN SATISFACTORIA DE UN NUEVO PEDIDO'),
(1719, 'PEDIDO|DETALLE_PEDIDO', 95, '2018-12-17 16:17:09', 'I', 1, '127.0.0.1', 'INSERCIÓN SATISFACTORIA DE UN NUEVO PEDIDO'),
(1720, 'PEDIDO|DETALLE_PEDIDO', 96, '2018-12-17 16:17:09', 'I', 1, '127.0.0.1', 'INSERCIÓN SATISFACTORIA DE UN NUEVO PEDIDO'),
(1721, 'PEDIDO|DETALLE_PEDIDO', 97, '2018-12-17 16:17:09', 'I', 1, '127.0.0.1', 'INSERCIÓN SATISFACTORIA DE UN NUEVO PEDIDO'),
(1722, 'PEDIDO|DETALLE_PEDIDO', 98, '2018-12-17 16:17:09', 'I', 1, '127.0.0.1', 'INSERCIÓN SATISFACTORIA DE UN NUEVO PEDIDO'),
(1723, 'PEDIDO|DETALLE_PEDIDO', 99, '2018-12-17 16:17:09', 'I', 1, '127.0.0.1', 'INSERCIÓN SATISFACTORIA DE UN NUEVO PEDIDO'),
(1724, 'PEDIDO|DETALLE_PEDIDO', 100, '2018-12-17 16:17:09', 'I', 1, '127.0.0.1', 'INSERCIÓN SATISFACTORIA DE UN NUEVO PEDIDO'),
(1725, 'PEDIDO|DETALLE_PEDIDO', 101, '2018-12-17 16:17:10', 'I', 1, '127.0.0.1', 'INSERCIÓN SATISFACTORIA DE UN NUEVO PEDIDO'),
(1726, 'PEDIDO|DETALLE_PEDIDO', 102, '2018-12-17 16:17:10', 'I', 1, '127.0.0.1', 'INSERCIÓN SATISFACTORIA DE UN NUEVO PEDIDO'),
(1727, 'PEDIDO|DETALLE_PEDIDO', 103, '2018-12-17 16:17:10', 'I', 1, '127.0.0.1', 'INSERCIÓN SATISFACTORIA DE UN NUEVO PEDIDO'),
(1728, 'PEDIDO|DETALLE_PEDIDO', 104, '2018-12-17 16:17:10', 'I', 1, '127.0.0.1', 'INSERCIÓN SATISFACTORIA DE UN NUEVO PEDIDO'),
(1729, 'PEDIDO|DETALLE_PEDIDO', 105, '2018-12-17 16:17:10', 'I', 1, '127.0.0.1', 'INSERCIÓN SATISFACTORIA DE UN NUEVO PEDIDO'),
(1730, 'PEDIDO|DETALLE_PEDIDO', 106, '2018-12-17 16:17:10', 'I', 1, '127.0.0.1', 'INSERCIÓN SATISFACTORIA DE UN NUEVO PEDIDO'),
(1731, 'PEDIDO|DETALLE_PEDIDO', 107, '2018-12-17 16:17:10', 'I', 1, '127.0.0.1', 'INSERCIÓN SATISFACTORIA DE UN NUEVO PEDIDO'),
(1732, 'PEDIDO|DETALLE_PEDIDO', 108, '2018-12-17 16:17:10', 'I', 1, '127.0.0.1', 'INSERCIÓN SATISFACTORIA DE UN NUEVO PEDIDO'),
(1733, 'PEDIDO|DETALLE_PEDIDO', 109, '2018-12-17 16:17:10', 'I', 1, '127.0.0.1', 'INSERCIÓN SATISFACTORIA DE UN NUEVO PEDIDO'),
(1734, 'PEDIDO|DETALLE_PEDIDO', 110, '2018-12-17 16:17:10', 'I', 1, '127.0.0.1', 'INSERCIÓN SATISFACTORIA DE UN NUEVO PEDIDO'),
(1735, 'PEDIDO|DETALLE_PEDIDO', 111, '2018-12-17 16:17:11', 'I', 1, '127.0.0.1', 'INSERCIÓN SATISFACTORIA DE UN NUEVO PEDIDO'),
(1736, 'PEDIDO|DETALLE_PEDIDO', 112, '2018-12-17 16:17:11', 'I', 1, '127.0.0.1', 'INSERCIÓN SATISFACTORIA DE UN NUEVO PEDIDO'),
(1737, 'PEDIDO|DETALLE_PEDIDO', 113, '2018-12-17 16:17:11', 'I', 1, '127.0.0.1', 'INSERCIÓN SATISFACTORIA DE UN NUEVO PEDIDO'),
(1738, 'PEDIDO|DETALLE_PEDIDO', 114, '2018-12-17 16:17:11', 'I', 1, '127.0.0.1', 'INSERCIÓN SATISFACTORIA DE UN NUEVO PEDIDO'),
(1739, 'PEDIDO|DETALLE_PEDIDO', 115, '2018-12-17 16:17:11', 'I', 1, '127.0.0.1', 'INSERCIÓN SATISFACTORIA DE UN NUEVO PEDIDO'),
(1740, 'PEDIDO|DETALLE_PEDIDO', 116, '2018-12-17 16:17:11', 'I', 1, '127.0.0.1', 'INSERCIÓN SATISFACTORIA DE UN NUEVO PEDIDO'),
(1741, 'PEDIDO|DETALLE_PEDIDO', 117, '2018-12-17 16:17:11', 'I', 1, '127.0.0.1', 'INSERCIÓN SATISFACTORIA DE UN NUEVO PEDIDO'),
(1742, 'PEDIDO|DETALLE_PEDIDO', 118, '2018-12-17 16:17:11', 'I', 1, '127.0.0.1', 'INSERCIÓN SATISFACTORIA DE UN NUEVO PEDIDO'),
(1743, 'PEDIDO|DETALLE_PEDIDO', 119, '2018-12-17 16:17:11', 'I', 1, '127.0.0.1', 'INSERCIÓN SATISFACTORIA DE UN NUEVO PEDIDO'),
(1744, 'PEDIDO|DETALLE_PEDIDO', 120, '2018-12-17 16:17:12', 'I', 1, '127.0.0.1', 'INSERCIÓN SATISFACTORIA DE UN NUEVO PEDIDO'),
(1745, 'PEDIDO|DETALLE_PEDIDO', 121, '2018-12-17 16:17:12', 'I', 1, '127.0.0.1', 'INSERCIÓN SATISFACTORIA DE UN NUEVO PEDIDO'),
(1746, 'PEDIDO|DETALLE_PEDIDO', 122, '2018-12-17 16:17:12', 'I', 1, '127.0.0.1', 'INSERCIÓN SATISFACTORIA DE UN NUEVO PEDIDO'),
(1747, 'PEDIDO|DETALLE_PEDIDO', 123, '2018-12-17 16:17:12', 'I', 1, '127.0.0.1', 'INSERCIÓN SATISFACTORIA DE UN NUEVO PEDIDO'),
(1748, 'PEDIDO|DETALLE_PEDIDO', 124, '2018-12-17 16:17:12', 'I', 1, '127.0.0.1', 'INSERCIÓN SATISFACTORIA DE UN NUEVO PEDIDO'),
(1749, 'PEDIDO|DETALLE_PEDIDO', 125, '2018-12-17 16:17:12', 'I', 1, '127.0.0.1', 'INSERCIÓN SATISFACTORIA DE UN NUEVO PEDIDO'),
(1750, 'PEDIDO|DETALLE_PEDIDO', 126, '2018-12-17 16:17:12', 'I', 1, '127.0.0.1', 'INSERCIÓN SATISFACTORIA DE UN NUEVO PEDIDO'),
(1751, 'PEDIDO|DETALLE_PEDIDO', 127, '2018-12-17 16:17:12', 'I', 1, '127.0.0.1', 'INSERCIÓN SATISFACTORIA DE UN NUEVO PEDIDO'),
(1752, 'PEDIDO|DETALLE_PEDIDO', 128, '2018-12-17 16:17:12', 'I', 1, '127.0.0.1', 'INSERCIÓN SATISFACTORIA DE UN NUEVO PEDIDO'),
(1753, 'PEDIDO|DETALLE_PEDIDO', 129, '2018-12-17 16:17:12', 'I', 1, '127.0.0.1', 'INSERCIÓN SATISFACTORIA DE UN NUEVO PEDIDO'),
(1754, 'PEDIDO|DETALLE_PEDIDO', 130, '2018-12-17 16:17:13', 'I', 1, '127.0.0.1', 'INSERCIÓN SATISFACTORIA DE UN NUEVO PEDIDO'),
(1755, 'PEDIDO|DETALLE_PEDIDO', 131, '2018-12-17 16:17:13', 'I', 1, '127.0.0.1', 'INSERCIÓN SATISFACTORIA DE UN NUEVO PEDIDO'),
(1756, 'PEDIDO|DETALLE_PEDIDO', 132, '2018-12-17 16:17:13', 'I', 1, '127.0.0.1', 'INSERCIÓN SATISFACTORIA DE UN NUEVO PEDIDO'),
(1757, 'PEDIDO|DETALLE_PEDIDO', 133, '2018-12-17 16:18:52', 'I', 1, '127.0.0.1', 'INSERCIÓN SATISFACTORIA DE UN NUEVO PEDIDO'),
(1758, 'PEDIDO|DETALLE_PEDIDO', 134, '2018-12-17 16:18:52', 'I', 1, '127.0.0.1', 'INSERCIÓN SATISFACTORIA DE UN NUEVO PEDIDO'),
(1759, 'PEDIDO|DETALLE_PEDIDO', 135, '2018-12-17 16:18:52', 'I', 1, '127.0.0.1', 'INSERCIÓN SATISFACTORIA DE UN NUEVO PEDIDO'),
(1760, 'PEDIDO|DETALLE_PEDIDO', 136, '2018-12-17 16:18:52', 'I', 1, '127.0.0.1', 'INSERCIÓN SATISFACTORIA DE UN NUEVO PEDIDO'),
(1761, 'PEDIDO|DETALLE_PEDIDO', 137, '2018-12-17 16:18:52', 'I', 1, '127.0.0.1', 'INSERCIÓN SATISFACTORIA DE UN NUEVO PEDIDO'),
(1762, 'PEDIDO|DETALLE_PEDIDO', 138, '2018-12-17 16:18:52', 'I', 1, '127.0.0.1', 'INSERCIÓN SATISFACTORIA DE UN NUEVO PEDIDO'),
(1763, 'PEDIDO|DETALLE_PEDIDO', 139, '2018-12-17 16:18:53', 'I', 1, '127.0.0.1', 'INSERCIÓN SATISFACTORIA DE UN NUEVO PEDIDO'),
(1764, 'PEDIDO|DETALLE_PEDIDO', 140, '2018-12-17 16:18:53', 'I', 1, '127.0.0.1', 'INSERCIÓN SATISFACTORIA DE UN NUEVO PEDIDO'),
(1765, 'PEDIDO|DETALLE_PEDIDO', 141, '2018-12-17 16:18:53', 'I', 1, '127.0.0.1', 'INSERCIÓN SATISFACTORIA DE UN NUEVO PEDIDO'),
(1766, 'PEDIDO|DETALLE_PEDIDO', 142, '2018-12-17 16:18:53', 'I', 1, '127.0.0.1', 'INSERCIÓN SATISFACTORIA DE UN NUEVO PEDIDO'),
(1767, 'PEDIDO|DETALLE_PEDIDO', 143, '2018-12-17 16:18:53', 'I', 1, '127.0.0.1', 'INSERCIÓN SATISFACTORIA DE UN NUEVO PEDIDO'),
(1768, 'PEDIDO|DETALLE_PEDIDO', 144, '2018-12-17 16:18:53', 'I', 1, '127.0.0.1', 'INSERCIÓN SATISFACTORIA DE UN NUEVO PEDIDO'),
(1769, 'PEDIDO|DETALLE_PEDIDO', 145, '2018-12-17 16:18:53', 'I', 1, '127.0.0.1', 'INSERCIÓN SATISFACTORIA DE UN NUEVO PEDIDO'),
(1770, 'PEDIDO|DETALLE_PEDIDO', 146, '2018-12-17 16:18:53', 'I', 1, '127.0.0.1', 'INSERCIÓN SATISFACTORIA DE UN NUEVO PEDIDO'),
(1771, 'PEDIDO|DETALLE_PEDIDO', 147, '2018-12-17 16:18:53', 'I', 1, '127.0.0.1', 'INSERCIÓN SATISFACTORIA DE UN NUEVO PEDIDO'),
(1772, 'PEDIDO|DETALLE_PEDIDO', 148, '2018-12-17 16:18:54', 'I', 1, '127.0.0.1', 'INSERCIÓN SATISFACTORIA DE UN NUEVO PEDIDO'),
(1773, 'PEDIDO|DETALLE_PEDIDO', 149, '2018-12-17 16:18:54', 'I', 1, '127.0.0.1', 'INSERCIÓN SATISFACTORIA DE UN NUEVO PEDIDO'),
(1774, 'PEDIDO|DETALLE_PEDIDO', 150, '2018-12-17 16:18:54', 'I', 1, '127.0.0.1', 'INSERCIÓN SATISFACTORIA DE UN NUEVO PEDIDO'),
(1775, 'PEDIDO|DETALLE_PEDIDO', 151, '2018-12-17 16:18:54', 'I', 1, '127.0.0.1', 'INSERCIÓN SATISFACTORIA DE UN NUEVO PEDIDO'),
(1776, 'PEDIDO|DETALLE_PEDIDO', 152, '2018-12-17 16:18:54', 'I', 1, '127.0.0.1', 'INSERCIÓN SATISFACTORIA DE UN NUEVO PEDIDO'),
(1777, 'PEDIDO|DETALLE_PEDIDO', 153, '2018-12-17 16:18:54', 'I', 1, '127.0.0.1', 'INSERCIÓN SATISFACTORIA DE UN NUEVO PEDIDO'),
(1778, 'PEDIDO|DETALLE_PEDIDO', 154, '2018-12-17 16:18:54', 'I', 1, '127.0.0.1', 'INSERCIÓN SATISFACTORIA DE UN NUEVO PEDIDO'),
(1779, 'PEDIDO|DETALLE_PEDIDO', 155, '2018-12-17 16:18:54', 'I', 1, '127.0.0.1', 'INSERCIÓN SATISFACTORIA DE UN NUEVO PEDIDO'),
(1780, 'PEDIDO|DETALLE_PEDIDO', 156, '2018-12-17 16:18:55', 'I', 1, '127.0.0.1', 'INSERCIÓN SATISFACTORIA DE UN NUEVO PEDIDO'),
(1781, 'PEDIDO|DETALLE_PEDIDO', 157, '2018-12-17 16:18:55', 'I', 1, '127.0.0.1', 'INSERCIÓN SATISFACTORIA DE UN NUEVO PEDIDO'),
(1782, 'PEDIDO|DETALLE_PEDIDO', 158, '2018-12-17 16:18:55', 'I', 1, '127.0.0.1', 'INSERCIÓN SATISFACTORIA DE UN NUEVO PEDIDO'),
(1783, 'PEDIDO|DETALLE_PEDIDO', 159, '2018-12-17 16:18:55', 'I', 1, '127.0.0.1', 'INSERCIÓN SATISFACTORIA DE UN NUEVO PEDIDO'),
(1784, 'PEDIDO|DETALLE_PEDIDO', 160, '2018-12-17 16:18:55', 'I', 1, '127.0.0.1', 'INSERCIÓN SATISFACTORIA DE UN NUEVO PEDIDO'),
(1785, 'PEDIDO|DETALLE_PEDIDO', 161, '2018-12-17 16:18:55', 'I', 1, '127.0.0.1', 'INSERCIÓN SATISFACTORIA DE UN NUEVO PEDIDO'),
(1786, 'PEDIDO|DETALLE_PEDIDO', 162, '2018-12-17 16:18:55', 'I', 1, '127.0.0.1', 'INSERCIÓN SATISFACTORIA DE UN NUEVO PEDIDO'),
(1787, 'PEDIDO|DETALLE_PEDIDO', 163, '2018-12-17 16:18:55', 'I', 1, '127.0.0.1', 'INSERCIÓN SATISFACTORIA DE UN NUEVO PEDIDO'),
(1788, 'PEDIDO|DETALLE_PEDIDO', 164, '2018-12-17 16:18:55', 'I', 1, '127.0.0.1', 'INSERCIÓN SATISFACTORIA DE UN NUEVO PEDIDO'),
(1789, 'PEDIDO|DETALLE_PEDIDO', 165, '2018-12-17 16:18:56', 'I', 1, '127.0.0.1', 'INSERCIÓN SATISFACTORIA DE UN NUEVO PEDIDO'),
(1790, 'PEDIDO|DETALLE_PEDIDO', 166, '2018-12-17 16:18:56', 'I', 1, '127.0.0.1', 'INSERCIÓN SATISFACTORIA DE UN NUEVO PEDIDO'),
(1791, 'PEDIDO|DETALLE_PEDIDO', 167, '2018-12-17 16:18:56', 'I', 1, '127.0.0.1', 'INSERCIÓN SATISFACTORIA DE UN NUEVO PEDIDO'),
(1792, 'PEDIDO|DETALLE_PEDIDO', 168, '2018-12-17 16:18:56', 'I', 1, '127.0.0.1', 'INSERCIÓN SATISFACTORIA DE UN NUEVO PEDIDO'),
(1793, 'PEDIDO|DETALLE_PEDIDO', 169, '2018-12-17 16:18:56', 'I', 1, '127.0.0.1', 'INSERCIÓN SATISFACTORIA DE UN NUEVO PEDIDO'),
(1794, 'PEDIDO|DETALLE_PEDIDO', 170, '2018-12-17 16:18:56', 'I', 1, '127.0.0.1', 'INSERCIÓN SATISFACTORIA DE UN NUEVO PEDIDO'),
(1795, 'PEDIDO|DETALLE_PEDIDO', 171, '2018-12-17 16:18:56', 'I', 1, '127.0.0.1', 'INSERCIÓN SATISFACTORIA DE UN NUEVO PEDIDO'),
(1796, 'PEDIDO|DETALLE_PEDIDO', 172, '2018-12-17 16:18:56', 'I', 1, '127.0.0.1', 'INSERCIÓN SATISFACTORIA DE UN NUEVO PEDIDO'),
(1797, 'PEDIDO|DETALLE_PEDIDO', 173, '2018-12-17 16:18:56', 'I', 1, '127.0.0.1', 'INSERCIÓN SATISFACTORIA DE UN NUEVO PEDIDO'),
(1798, 'PEDIDO|DETALLE_PEDIDO', 174, '2018-12-17 16:18:56', 'I', 1, '127.0.0.1', 'INSERCIÓN SATISFACTORIA DE UN NUEVO PEDIDO'),
(1799, 'PEDIDO|DETALLE_PEDIDO', 175, '2018-12-17 16:18:56', 'I', 1, '127.0.0.1', 'INSERCIÓN SATISFACTORIA DE UN NUEVO PEDIDO'),
(1800, 'PEDIDO|DETALLE_PEDIDO', 176, '2018-12-17 16:18:56', 'I', 1, '127.0.0.1', 'INSERCIÓN SATISFACTORIA DE UN NUEVO PEDIDO'),
(1801, 'PEDIDO|DETALLE_PEDIDO', 177, '2018-12-17 16:18:56', 'I', 1, '127.0.0.1', 'INSERCIÓN SATISFACTORIA DE UN NUEVO PEDIDO'),
(1802, 'PEDIDO|DETALLE_PEDIDO', 178, '2018-12-17 16:18:56', 'I', 1, '127.0.0.1', 'INSERCIÓN SATISFACTORIA DE UN NUEVO PEDIDO'),
(1803, 'PEDIDO|DETALLE_PEDIDO', 179, '2018-12-17 16:18:57', 'I', 1, '127.0.0.1', 'INSERCIÓN SATISFACTORIA DE UN NUEVO PEDIDO'),
(1804, 'PEDIDO|DETALLE_PEDIDO', 180, '2018-12-17 16:18:57', 'I', 1, '127.0.0.1', 'INSERCIÓN SATISFACTORIA DE UN NUEVO PEDIDO'),
(1805, 'PEDIDO|DETALLE_PEDIDO', 181, '2018-12-17 16:18:57', 'I', 1, '127.0.0.1', 'INSERCIÓN SATISFACTORIA DE UN NUEVO PEDIDO'),
(1806, 'PEDIDO|DETALLE_PEDIDO', 182, '2018-12-17 16:18:57', 'I', 1, '127.0.0.1', 'INSERCIÓN SATISFACTORIA DE UN NUEVO PEDIDO'),
(1807, 'PEDIDO|DETALLE_PEDIDO', 183, '2018-12-17 16:18:57', 'I', 1, '127.0.0.1', 'INSERCIÓN SATISFACTORIA DE UN NUEVO PEDIDO'),
(1808, 'PEDIDO|DETALLE_PEDIDO', 184, '2018-12-17 16:18:57', 'I', 1, '127.0.0.1', 'INSERCIÓN SATISFACTORIA DE UN NUEVO PEDIDO'),
(1809, 'PEDIDO|DETALLE_PEDIDO', 185, '2018-12-17 16:20:40', 'I', 1, '127.0.0.1', 'INSERCIÓN SATISFACTORIA DE UN NUEVO PEDIDO'),
(1810, 'PEDIDO|DETALLE_PEDIDO', 186, '2018-12-17 16:20:40', 'I', 1, '127.0.0.1', 'INSERCIÓN SATISFACTORIA DE UN NUEVO PEDIDO'),
(1811, 'PEDIDO|DETALLE_PEDIDO', 187, '2018-12-17 16:20:40', 'I', 1, '127.0.0.1', 'INSERCIÓN SATISFACTORIA DE UN NUEVO PEDIDO'),
(1812, 'PEDIDO|DETALLE_PEDIDO', 188, '2018-12-17 16:20:41', 'I', 1, '127.0.0.1', 'INSERCIÓN SATISFACTORIA DE UN NUEVO PEDIDO'),
(1813, 'PEDIDO|DETALLE_PEDIDO', 189, '2018-12-17 16:20:41', 'I', 1, '127.0.0.1', 'INSERCIÓN SATISFACTORIA DE UN NUEVO PEDIDO'),
(1814, 'PEDIDO|DETALLE_PEDIDO', 190, '2018-12-17 16:20:41', 'I', 1, '127.0.0.1', 'INSERCIÓN SATISFACTORIA DE UN NUEVO PEDIDO'),
(1815, 'PEDIDO|DETALLE_PEDIDO', 191, '2018-12-17 16:20:41', 'I', 1, '127.0.0.1', 'INSERCIÓN SATISFACTORIA DE UN NUEVO PEDIDO'),
(1816, 'PEDIDO|DETALLE_PEDIDO', 192, '2018-12-17 16:20:41', 'I', 1, '127.0.0.1', 'INSERCIÓN SATISFACTORIA DE UN NUEVO PEDIDO'),
(1817, 'PEDIDO|DETALLE_PEDIDO', 193, '2018-12-17 16:20:41', 'I', 1, '127.0.0.1', 'INSERCIÓN SATISFACTORIA DE UN NUEVO PEDIDO'),
(1818, 'PEDIDO|DETALLE_PEDIDO', 194, '2018-12-17 16:20:41', 'I', 1, '127.0.0.1', 'INSERCIÓN SATISFACTORIA DE UN NUEVO PEDIDO'),
(1819, 'PEDIDO|DETALLE_PEDIDO', 195, '2018-12-17 16:20:41', 'I', 1, '127.0.0.1', 'INSERCIÓN SATISFACTORIA DE UN NUEVO PEDIDO'),
(1820, 'PEDIDO|DETALLE_PEDIDO', 196, '2018-12-17 16:20:41', 'I', 1, '127.0.0.1', 'INSERCIÓN SATISFACTORIA DE UN NUEVO PEDIDO'),
(1821, 'PEDIDO|DETALLE_PEDIDO', 197, '2018-12-17 16:20:41', 'I', 1, '127.0.0.1', 'INSERCIÓN SATISFACTORIA DE UN NUEVO PEDIDO'),
(1822, 'PEDIDO|DETALLE_PEDIDO', 198, '2018-12-17 16:20:41', 'I', 1, '127.0.0.1', 'INSERCIÓN SATISFACTORIA DE UN NUEVO PEDIDO'),
(1823, 'PEDIDO|DETALLE_PEDIDO', 199, '2018-12-17 16:20:41', 'I', 1, '127.0.0.1', 'INSERCIÓN SATISFACTORIA DE UN NUEVO PEDIDO'),
(1824, 'PEDIDO|DETALLE_PEDIDO', 200, '2018-12-17 16:20:42', 'I', 1, '127.0.0.1', 'INSERCIÓN SATISFACTORIA DE UN NUEVO PEDIDO'),
(1825, 'PEDIDO|DETALLE_PEDIDO', 201, '2018-12-17 16:20:42', 'I', 1, '127.0.0.1', 'INSERCIÓN SATISFACTORIA DE UN NUEVO PEDIDO'),
(1826, 'PEDIDO|DETALLE_PEDIDO', 202, '2018-12-17 16:20:42', 'I', 1, '127.0.0.1', 'INSERCIÓN SATISFACTORIA DE UN NUEVO PEDIDO'),
(1827, 'PEDIDO|DETALLE_PEDIDO', 203, '2018-12-17 16:20:42', 'I', 1, '127.0.0.1', 'INSERCIÓN SATISFACTORIA DE UN NUEVO PEDIDO'),
(1828, 'PEDIDO|DETALLE_PEDIDO', 204, '2018-12-17 16:20:42', 'I', 1, '127.0.0.1', 'INSERCIÓN SATISFACTORIA DE UN NUEVO PEDIDO'),
(1829, 'PEDIDO|DETALLE_PEDIDO', 205, '2018-12-17 16:20:42', 'I', 1, '127.0.0.1', 'INSERCIÓN SATISFACTORIA DE UN NUEVO PEDIDO'),
(1830, 'PEDIDO|DETALLE_PEDIDO', 206, '2018-12-17 16:20:42', 'I', 1, '127.0.0.1', 'INSERCIÓN SATISFACTORIA DE UN NUEVO PEDIDO'),
(1831, 'PEDIDO|DETALLE_PEDIDO', 207, '2018-12-17 16:20:42', 'I', 1, '127.0.0.1', 'INSERCIÓN SATISFACTORIA DE UN NUEVO PEDIDO'),
(1832, 'PEDIDO|DETALLE_PEDIDO', 208, '2018-12-17 16:20:43', 'I', 1, '127.0.0.1', 'INSERCIÓN SATISFACTORIA DE UN NUEVO PEDIDO'),
(1833, 'PEDIDO|DETALLE_PEDIDO', 209, '2018-12-17 16:20:43', 'I', 1, '127.0.0.1', 'INSERCIÓN SATISFACTORIA DE UN NUEVO PEDIDO'),
(1834, 'PEDIDO|DETALLE_PEDIDO', 210, '2018-12-17 16:20:43', 'I', 1, '127.0.0.1', 'INSERCIÓN SATISFACTORIA DE UN NUEVO PEDIDO'),
(1835, 'PEDIDO|DETALLE_PEDIDO', 211, '2018-12-17 16:22:00', 'I', 1, '127.0.0.1', 'INSERCIÓN SATISFACTORIA DE UN NUEVO PEDIDO'),
(1836, 'PEDIDO|DETALLE_PEDIDO', 212, '2018-12-17 16:22:00', 'I', 1, '127.0.0.1', 'INSERCIÓN SATISFACTORIA DE UN NUEVO PEDIDO'),
(1837, 'PEDIDO|DETALLE_PEDIDO', 213, '2018-12-17 16:22:00', 'I', 1, '127.0.0.1', 'INSERCIÓN SATISFACTORIA DE UN NUEVO PEDIDO'),
(1838, 'PEDIDO|DETALLE_PEDIDO', 214, '2018-12-17 16:22:00', 'I', 1, '127.0.0.1', 'INSERCIÓN SATISFACTORIA DE UN NUEVO PEDIDO'),
(1839, 'PEDIDO|DETALLE_PEDIDO', 215, '2018-12-17 16:22:00', 'I', 1, '127.0.0.1', 'INSERCIÓN SATISFACTORIA DE UN NUEVO PEDIDO'),
(1840, 'PEDIDO|DETALLE_PEDIDO', 216, '2018-12-17 16:22:01', 'I', 1, '127.0.0.1', 'INSERCIÓN SATISFACTORIA DE UN NUEVO PEDIDO'),
(1841, 'PEDIDO|DETALLE_PEDIDO', 217, '2018-12-17 16:22:01', 'I', 1, '127.0.0.1', 'INSERCIÓN SATISFACTORIA DE UN NUEVO PEDIDO'),
(1842, 'PEDIDO|DETALLE_PEDIDO', 218, '2018-12-17 16:22:01', 'I', 1, '127.0.0.1', 'INSERCIÓN SATISFACTORIA DE UN NUEVO PEDIDO'),
(1843, 'PEDIDO|DETALLE_PEDIDO', 219, '2018-12-17 16:22:01', 'I', 1, '127.0.0.1', 'INSERCIÓN SATISFACTORIA DE UN NUEVO PEDIDO'),
(1844, 'PEDIDO|DETALLE_PEDIDO', 220, '2018-12-17 16:22:01', 'I', 1, '127.0.0.1', 'INSERCIÓN SATISFACTORIA DE UN NUEVO PEDIDO'),
(1845, 'PEDIDO|DETALLE_PEDIDO', 221, '2018-12-17 16:22:01', 'I', 1, '127.0.0.1', 'INSERCIÓN SATISFACTORIA DE UN NUEVO PEDIDO'),
(1846, 'PEDIDO|DETALLE_PEDIDO', 222, '2018-12-17 16:22:01', 'I', 1, '127.0.0.1', 'INSERCIÓN SATISFACTORIA DE UN NUEVO PEDIDO'),
(1847, 'PEDIDO|DETALLE_PEDIDO', 223, '2018-12-17 16:22:02', 'I', 1, '127.0.0.1', 'INSERCIÓN SATISFACTORIA DE UN NUEVO PEDIDO'),
(1848, 'PEDIDO|DETALLE_PEDIDO', 224, '2018-12-17 16:22:02', 'I', 1, '127.0.0.1', 'INSERCIÓN SATISFACTORIA DE UN NUEVO PEDIDO'),
(1849, 'PEDIDO|DETALLE_PEDIDO', 225, '2018-12-17 16:22:02', 'I', 1, '127.0.0.1', 'INSERCIÓN SATISFACTORIA DE UN NUEVO PEDIDO'),
(1850, 'PEDIDO|DETALLE_PEDIDO', 226, '2018-12-17 16:22:02', 'I', 1, '127.0.0.1', 'INSERCIÓN SATISFACTORIA DE UN NUEVO PEDIDO'),
(1851, 'PEDIDO|DETALLE_PEDIDO', 227, '2018-12-17 16:22:02', 'I', 1, '127.0.0.1', 'INSERCIÓN SATISFACTORIA DE UN NUEVO PEDIDO'),
(1852, 'PEDIDO|DETALLE_PEDIDO', 228, '2018-12-17 16:22:02', 'I', 1, '127.0.0.1', 'INSERCIÓN SATISFACTORIA DE UN NUEVO PEDIDO'),
(1853, 'PEDIDO|DETALLE_PEDIDO', 229, '2018-12-17 16:22:02', 'I', 1, '127.0.0.1', 'INSERCIÓN SATISFACTORIA DE UN NUEVO PEDIDO'),
(1854, 'PEDIDO|DETALLE_PEDIDO', 230, '2018-12-17 16:22:02', 'I', 1, '127.0.0.1', 'INSERCIÓN SATISFACTORIA DE UN NUEVO PEDIDO'),
(1855, 'PEDIDO|DETALLE_PEDIDO', 231, '2018-12-17 16:22:02', 'I', 1, '127.0.0.1', 'INSERCIÓN SATISFACTORIA DE UN NUEVO PEDIDO'),
(1856, 'PEDIDO|DETALLE_PEDIDO', 232, '2018-12-17 16:22:02', 'I', 1, '127.0.0.1', 'INSERCIÓN SATISFACTORIA DE UN NUEVO PEDIDO'),
(1857, 'PEDIDO|DETALLE_PEDIDO', 233, '2018-12-17 16:22:03', 'I', 1, '127.0.0.1', 'INSERCIÓN SATISFACTORIA DE UN NUEVO PEDIDO'),
(1858, 'PEDIDO|DETALLE_PEDIDO', 234, '2018-12-17 16:22:03', 'I', 1, '127.0.0.1', 'INSERCIÓN SATISFACTORIA DE UN NUEVO PEDIDO'),
(1859, 'PEDIDO|DETALLE_PEDIDO', 235, '2018-12-17 16:22:03', 'I', 1, '127.0.0.1', 'INSERCIÓN SATISFACTORIA DE UN NUEVO PEDIDO'),
(1860, 'PEDIDO|DETALLE_PEDIDO', 236, '2018-12-17 16:22:03', 'I', 1, '127.0.0.1', 'INSERCIÓN SATISFACTORIA DE UN NUEVO PEDIDO'),
(1861, 'PEDIDO|DETALLE_PEDIDO', 237, '2018-12-17 16:27:30', 'I', 1, '127.0.0.1', 'INSERCIÓN SATISFACTORIA DE UN NUEVO PEDIDO');
INSERT INTO `bitacora` (`id_bitacora`, `tabla`, `codigo`, `fecha_registro`, `accion`, `id_usuario`, `ip`, `observacion`) VALUES
(1862, 'PEDIDO|DETALLE_PEDIDO', 238, '2018-12-17 16:27:30', 'I', 1, '127.0.0.1', 'INSERCIÓN SATISFACTORIA DE UN NUEVO PEDIDO'),
(1863, 'PEDIDO|DETALLE_PEDIDO', 239, '2018-12-17 16:27:30', 'I', 1, '127.0.0.1', 'INSERCIÓN SATISFACTORIA DE UN NUEVO PEDIDO'),
(1864, 'PEDIDO|DETALLE_PEDIDO', 240, '2018-12-17 16:27:30', 'I', 1, '127.0.0.1', 'INSERCIÓN SATISFACTORIA DE UN NUEVO PEDIDO'),
(1865, 'PEDIDO|DETALLE_PEDIDO', 241, '2018-12-17 16:27:30', 'I', 1, '127.0.0.1', 'INSERCIÓN SATISFACTORIA DE UN NUEVO PEDIDO'),
(1866, 'PEDIDO|DETALLE_PEDIDO', 242, '2018-12-17 16:27:31', 'I', 1, '127.0.0.1', 'INSERCIÓN SATISFACTORIA DE UN NUEVO PEDIDO'),
(1867, 'PEDIDO|DETALLE_PEDIDO', 243, '2018-12-17 16:27:31', 'I', 1, '127.0.0.1', 'INSERCIÓN SATISFACTORIA DE UN NUEVO PEDIDO'),
(1868, 'PEDIDO|DETALLE_PEDIDO', 244, '2018-12-17 16:27:31', 'I', 1, '127.0.0.1', 'INSERCIÓN SATISFACTORIA DE UN NUEVO PEDIDO'),
(1869, 'PEDIDO|DETALLE_PEDIDO', 245, '2018-12-17 16:27:31', 'I', 1, '127.0.0.1', 'INSERCIÓN SATISFACTORIA DE UN NUEVO PEDIDO'),
(1870, 'PEDIDO|DETALLE_PEDIDO', 246, '2018-12-17 16:27:31', 'I', 1, '127.0.0.1', 'INSERCIÓN SATISFACTORIA DE UN NUEVO PEDIDO'),
(1871, 'PEDIDO|DETALLE_PEDIDO', 247, '2018-12-17 16:27:31', 'I', 1, '127.0.0.1', 'INSERCIÓN SATISFACTORIA DE UN NUEVO PEDIDO'),
(1872, 'PEDIDO|DETALLE_PEDIDO', 248, '2018-12-17 16:27:31', 'I', 1, '127.0.0.1', 'INSERCIÓN SATISFACTORIA DE UN NUEVO PEDIDO'),
(1873, 'PEDIDO|DETALLE_PEDIDO', 249, '2018-12-17 16:27:31', 'I', 1, '127.0.0.1', 'INSERCIÓN SATISFACTORIA DE UN NUEVO PEDIDO'),
(1874, 'PEDIDO|DETALLE_PEDIDO', 250, '2018-12-17 16:27:31', 'I', 1, '127.0.0.1', 'INSERCIÓN SATISFACTORIA DE UN NUEVO PEDIDO'),
(1875, 'PEDIDO|DETALLE_PEDIDO', 251, '2018-12-17 16:27:31', 'I', 1, '127.0.0.1', 'INSERCIÓN SATISFACTORIA DE UN NUEVO PEDIDO'),
(1876, 'PEDIDO|DETALLE_PEDIDO', 252, '2018-12-17 16:27:32', 'I', 1, '127.0.0.1', 'INSERCIÓN SATISFACTORIA DE UN NUEVO PEDIDO'),
(1877, 'PEDIDO|DETALLE_PEDIDO', 253, '2018-12-17 16:27:32', 'I', 1, '127.0.0.1', 'INSERCIÓN SATISFACTORIA DE UN NUEVO PEDIDO'),
(1878, 'PEDIDO|DETALLE_PEDIDO', 254, '2018-12-17 16:27:32', 'I', 1, '127.0.0.1', 'INSERCIÓN SATISFACTORIA DE UN NUEVO PEDIDO'),
(1879, 'PEDIDO|DETALLE_PEDIDO', 255, '2018-12-17 16:27:32', 'I', 1, '127.0.0.1', 'INSERCIÓN SATISFACTORIA DE UN NUEVO PEDIDO'),
(1880, 'PEDIDO|DETALLE_PEDIDO', 256, '2018-12-17 16:27:32', 'I', 1, '127.0.0.1', 'INSERCIÓN SATISFACTORIA DE UN NUEVO PEDIDO'),
(1881, 'PEDIDO|DETALLE_PEDIDO', 257, '2018-12-17 16:27:32', 'I', 1, '127.0.0.1', 'INSERCIÓN SATISFACTORIA DE UN NUEVO PEDIDO'),
(1882, 'PEDIDO|DETALLE_PEDIDO', 258, '2018-12-17 16:27:32', 'I', 1, '127.0.0.1', 'INSERCIÓN SATISFACTORIA DE UN NUEVO PEDIDO'),
(1883, 'PEDIDO|DETALLE_PEDIDO', 259, '2018-12-17 16:27:33', 'I', 1, '127.0.0.1', 'INSERCIÓN SATISFACTORIA DE UN NUEVO PEDIDO'),
(1884, 'PEDIDO|DETALLE_PEDIDO', 260, '2018-12-17 16:27:33', 'I', 1, '127.0.0.1', 'INSERCIÓN SATISFACTORIA DE UN NUEVO PEDIDO'),
(1885, 'PEDIDO|DETALLE_PEDIDO', 261, '2018-12-17 16:27:33', 'I', 1, '127.0.0.1', 'INSERCIÓN SATISFACTORIA DE UN NUEVO PEDIDO'),
(1886, 'PEDIDO|DETALLE_PEDIDO', 262, '2018-12-17 16:27:33', 'I', 1, '127.0.0.1', 'INSERCIÓN SATISFACTORIA DE UN NUEVO PEDIDO'),
(1887, 'PEDIDO|DETALLE_PEDIDO', 263, '2018-12-17 16:27:33', 'I', 1, '127.0.0.1', 'INSERCIÓN SATISFACTORIA DE UN NUEVO PEDIDO'),
(1888, 'PEDIDO|DETALLE_PEDIDO', 264, '2018-12-17 16:27:33', 'I', 1, '127.0.0.1', 'INSERCIÓN SATISFACTORIA DE UN NUEVO PEDIDO'),
(1889, 'PEDIDO|DETALLE_PEDIDO', 265, '2018-12-17 16:27:33', 'I', 1, '127.0.0.1', 'INSERCIÓN SATISFACTORIA DE UN NUEVO PEDIDO'),
(1890, 'PEDIDO|DETALLE_PEDIDO', 266, '2018-12-17 16:27:33', 'I', 1, '127.0.0.1', 'INSERCIÓN SATISFACTORIA DE UN NUEVO PEDIDO'),
(1891, 'PEDIDO|DETALLE_PEDIDO', 267, '2018-12-17 16:27:33', 'I', 1, '127.0.0.1', 'INSERCIÓN SATISFACTORIA DE UN NUEVO PEDIDO'),
(1892, 'PEDIDO|DETALLE_PEDIDO', 268, '2018-12-17 16:27:33', 'I', 1, '127.0.0.1', 'INSERCIÓN SATISFACTORIA DE UN NUEVO PEDIDO'),
(1893, 'PEDIDO|DETALLE_PEDIDO', 269, '2018-12-17 16:27:33', 'I', 1, '127.0.0.1', 'INSERCIÓN SATISFACTORIA DE UN NUEVO PEDIDO'),
(1894, 'PEDIDO|DETALLE_PEDIDO', 270, '2018-12-17 16:27:34', 'I', 1, '127.0.0.1', 'INSERCIÓN SATISFACTORIA DE UN NUEVO PEDIDO'),
(1895, 'PEDIDO|DETALLE_PEDIDO', 271, '2018-12-17 16:27:34', 'I', 1, '127.0.0.1', 'INSERCIÓN SATISFACTORIA DE UN NUEVO PEDIDO'),
(1896, 'PEDIDO|DETALLE_PEDIDO', 272, '2018-12-17 16:27:34', 'I', 1, '127.0.0.1', 'INSERCIÓN SATISFACTORIA DE UN NUEVO PEDIDO'),
(1897, 'PEDIDO|DETALLE_PEDIDO', 273, '2018-12-17 16:27:34', 'I', 1, '127.0.0.1', 'INSERCIÓN SATISFACTORIA DE UN NUEVO PEDIDO'),
(1898, 'PEDIDO|DETALLE_PEDIDO', 274, '2018-12-17 16:27:34', 'I', 1, '127.0.0.1', 'INSERCIÓN SATISFACTORIA DE UN NUEVO PEDIDO'),
(1899, 'PEDIDO|DETALLE_PEDIDO', 275, '2018-12-17 16:27:34', 'I', 1, '127.0.0.1', 'INSERCIÓN SATISFACTORIA DE UN NUEVO PEDIDO'),
(1900, 'PEDIDO|DETALLE_PEDIDO', 276, '2018-12-17 16:27:34', 'I', 1, '127.0.0.1', 'INSERCIÓN SATISFACTORIA DE UN NUEVO PEDIDO'),
(1901, 'PEDIDO|DETALLE_PEDIDO', 277, '2018-12-17 16:27:34', 'I', 1, '127.0.0.1', 'INSERCIÓN SATISFACTORIA DE UN NUEVO PEDIDO'),
(1902, 'PEDIDO|DETALLE_PEDIDO', 278, '2018-12-17 16:27:34', 'I', 1, '127.0.0.1', 'INSERCIÓN SATISFACTORIA DE UN NUEVO PEDIDO'),
(1903, 'PEDIDO|DETALLE_PEDIDO', 279, '2018-12-17 16:27:34', 'I', 1, '127.0.0.1', 'INSERCIÓN SATISFACTORIA DE UN NUEVO PEDIDO'),
(1904, 'PEDIDO|DETALLE_PEDIDO', 280, '2018-12-17 16:27:34', 'I', 1, '127.0.0.1', 'INSERCIÓN SATISFACTORIA DE UN NUEVO PEDIDO'),
(1905, 'PEDIDO|DETALLE_PEDIDO', 281, '2018-12-17 16:27:35', 'I', 1, '127.0.0.1', 'INSERCIÓN SATISFACTORIA DE UN NUEVO PEDIDO'),
(1906, 'PEDIDO|DETALLE_PEDIDO', 282, '2018-12-17 16:27:35', 'I', 1, '127.0.0.1', 'INSERCIÓN SATISFACTORIA DE UN NUEVO PEDIDO'),
(1907, 'PEDIDO|DETALLE_PEDIDO', 283, '2018-12-17 16:27:35', 'I', 1, '127.0.0.1', 'INSERCIÓN SATISFACTORIA DE UN NUEVO PEDIDO'),
(1908, 'PEDIDO|DETALLE_PEDIDO', 284, '2018-12-17 16:27:35', 'I', 1, '127.0.0.1', 'INSERCIÓN SATISFACTORIA DE UN NUEVO PEDIDO'),
(1909, 'PEDIDO|DETALLE_PEDIDO', 285, '2018-12-17 16:27:35', 'I', 1, '127.0.0.1', 'INSERCIÓN SATISFACTORIA DE UN NUEVO PEDIDO'),
(1910, 'PEDIDO|DETALLE_PEDIDO', 286, '2018-12-17 16:27:35', 'I', 1, '127.0.0.1', 'INSERCIÓN SATISFACTORIA DE UN NUEVO PEDIDO'),
(1911, 'PEDIDO|DETALLE_PEDIDO', 287, '2018-12-17 16:27:35', 'I', 1, '127.0.0.1', 'INSERCIÓN SATISFACTORIA DE UN NUEVO PEDIDO'),
(1912, 'PEDIDO|DETALLE_PEDIDO', 288, '2018-12-17 16:27:35', 'I', 1, '127.0.0.1', 'INSERCIÓN SATISFACTORIA DE UN NUEVO PEDIDO'),
(1913, 'PEDIDO|DETALLE_PEDIDO', 289, '2018-12-17 16:27:35', 'I', 1, '127.0.0.1', 'INSERCIÓN SATISFACTORIA DE UN NUEVO PEDIDO'),
(1914, 'PEDIDO|DETALLE_PEDIDO', 290, '2018-12-17 16:31:19', 'I', 1, '127.0.0.1', 'INSERCIÓN SATISFACTORIA DE UN NUEVO PEDIDO'),
(1915, 'PEDIDO|DETALLE_PEDIDO', 291, '2018-12-17 16:31:19', 'I', 1, '127.0.0.1', 'INSERCIÓN SATISFACTORIA DE UN NUEVO PEDIDO'),
(1916, 'PEDIDO|DETALLE_PEDIDO', 292, '2018-12-17 16:31:19', 'I', 1, '127.0.0.1', 'INSERCIÓN SATISFACTORIA DE UN NUEVO PEDIDO'),
(1917, 'PEDIDO|DETALLE_PEDIDO', 293, '2018-12-17 16:31:19', 'I', 1, '127.0.0.1', 'INSERCIÓN SATISFACTORIA DE UN NUEVO PEDIDO'),
(1918, 'PEDIDO|DETALLE_PEDIDO', 294, '2018-12-17 16:31:20', 'I', 1, '127.0.0.1', 'INSERCIÓN SATISFACTORIA DE UN NUEVO PEDIDO'),
(1919, 'PEDIDO|DETALLE_PEDIDO', 295, '2018-12-17 16:31:20', 'I', 1, '127.0.0.1', 'INSERCIÓN SATISFACTORIA DE UN NUEVO PEDIDO'),
(1920, 'PEDIDO|DETALLE_PEDIDO', 296, '2018-12-17 16:31:20', 'I', 1, '127.0.0.1', 'INSERCIÓN SATISFACTORIA DE UN NUEVO PEDIDO'),
(1921, 'PEDIDO|DETALLE_PEDIDO', 297, '2018-12-17 16:31:20', 'I', 1, '127.0.0.1', 'INSERCIÓN SATISFACTORIA DE UN NUEVO PEDIDO'),
(1922, 'PEDIDO|DETALLE_PEDIDO', 298, '2018-12-17 16:31:20', 'I', 1, '127.0.0.1', 'INSERCIÓN SATISFACTORIA DE UN NUEVO PEDIDO'),
(1923, 'PEDIDO|DETALLE_PEDIDO', 299, '2018-12-17 16:31:20', 'I', 1, '127.0.0.1', 'INSERCIÓN SATISFACTORIA DE UN NUEVO PEDIDO'),
(1924, 'PEDIDO|DETALLE_PEDIDO', 300, '2018-12-17 16:31:20', 'I', 1, '127.0.0.1', 'INSERCIÓN SATISFACTORIA DE UN NUEVO PEDIDO'),
(1925, 'PEDIDO|DETALLE_PEDIDO', 301, '2018-12-17 16:31:20', 'I', 1, '127.0.0.1', 'INSERCIÓN SATISFACTORIA DE UN NUEVO PEDIDO'),
(1926, 'PEDIDO|DETALLE_PEDIDO', 302, '2018-12-17 16:31:20', 'I', 1, '127.0.0.1', 'INSERCIÓN SATISFACTORIA DE UN NUEVO PEDIDO'),
(1927, 'PEDIDO|DETALLE_PEDIDO', 303, '2018-12-17 16:31:21', 'I', 1, '127.0.0.1', 'INSERCIÓN SATISFACTORIA DE UN NUEVO PEDIDO'),
(1928, 'PEDIDO|DETALLE_PEDIDO', 304, '2018-12-17 16:31:21', 'I', 1, '127.0.0.1', 'INSERCIÓN SATISFACTORIA DE UN NUEVO PEDIDO'),
(1929, 'PEDIDO|DETALLE_PEDIDO', 305, '2018-12-17 16:31:21', 'I', 1, '127.0.0.1', 'INSERCIÓN SATISFACTORIA DE UN NUEVO PEDIDO'),
(1930, 'PEDIDO|DETALLE_PEDIDO', 306, '2018-12-17 16:31:21', 'I', 1, '127.0.0.1', 'INSERCIÓN SATISFACTORIA DE UN NUEVO PEDIDO'),
(1931, 'PEDIDO|DETALLE_PEDIDO', 307, '2018-12-17 16:31:21', 'I', 1, '127.0.0.1', 'INSERCIÓN SATISFACTORIA DE UN NUEVO PEDIDO'),
(1932, 'PEDIDO|DETALLE_PEDIDO', 308, '2018-12-17 16:31:21', 'I', 1, '127.0.0.1', 'INSERCIÓN SATISFACTORIA DE UN NUEVO PEDIDO'),
(1933, 'PEDIDO|DETALLE_PEDIDO', 309, '2018-12-17 16:31:21', 'I', 1, '127.0.0.1', 'INSERCIÓN SATISFACTORIA DE UN NUEVO PEDIDO'),
(1934, 'PEDIDO|DETALLE_PEDIDO', 310, '2018-12-17 16:31:21', 'I', 1, '127.0.0.1', 'INSERCIÓN SATISFACTORIA DE UN NUEVO PEDIDO'),
(1935, 'PEDIDO|DETALLE_PEDIDO', 311, '2018-12-17 16:31:21', 'I', 1, '127.0.0.1', 'INSERCIÓN SATISFACTORIA DE UN NUEVO PEDIDO'),
(1936, 'PEDIDO|DETALLE_PEDIDO', 312, '2018-12-17 16:31:21', 'I', 1, '127.0.0.1', 'INSERCIÓN SATISFACTORIA DE UN NUEVO PEDIDO'),
(1937, 'PEDIDO|DETALLE_PEDIDO', 313, '2018-12-17 16:31:21', 'I', 1, '127.0.0.1', 'INSERCIÓN SATISFACTORIA DE UN NUEVO PEDIDO'),
(1938, 'PEDIDO|DETALLE_PEDIDO', 314, '2018-12-17 16:31:22', 'I', 1, '127.0.0.1', 'INSERCIÓN SATISFACTORIA DE UN NUEVO PEDIDO'),
(1939, 'PEDIDO|DETALLE_PEDIDO', 315, '2018-12-17 16:31:22', 'I', 1, '127.0.0.1', 'INSERCIÓN SATISFACTORIA DE UN NUEVO PEDIDO'),
(1940, 'PEDIDO|DETALLE_PEDIDO', 316, '2018-12-17 16:31:22', 'I', 1, '127.0.0.1', 'INSERCIÓN SATISFACTORIA DE UN NUEVO PEDIDO'),
(1941, 'PEDIDO|DETALLE_PEDIDO', 317, '2018-12-17 16:31:22', 'I', 1, '127.0.0.1', 'INSERCIÓN SATISFACTORIA DE UN NUEVO PEDIDO'),
(1942, 'PEDIDO|DETALLE_PEDIDO', 318, '2018-12-17 16:31:22', 'I', 1, '127.0.0.1', 'INSERCIÓN SATISFACTORIA DE UN NUEVO PEDIDO'),
(1943, 'PEDIDO|DETALLE_PEDIDO', 319, '2018-12-17 16:31:22', 'I', 1, '127.0.0.1', 'INSERCIÓN SATISFACTORIA DE UN NUEVO PEDIDO'),
(1944, 'PEDIDO|DETALLE_PEDIDO', 320, '2018-12-17 16:31:22', 'I', 1, '127.0.0.1', 'INSERCIÓN SATISFACTORIA DE UN NUEVO PEDIDO'),
(1945, 'PEDIDO|DETALLE_PEDIDO', 321, '2018-12-17 16:31:22', 'I', 1, '127.0.0.1', 'INSERCIÓN SATISFACTORIA DE UN NUEVO PEDIDO'),
(1946, 'PEDIDO|DETALLE_PEDIDO', 322, '2018-12-17 16:31:22', 'I', 1, '127.0.0.1', 'INSERCIÓN SATISFACTORIA DE UN NUEVO PEDIDO'),
(1947, 'PEDIDO|DETALLE_PEDIDO', 323, '2018-12-17 16:31:23', 'I', 1, '127.0.0.1', 'INSERCIÓN SATISFACTORIA DE UN NUEVO PEDIDO'),
(1948, 'PEDIDO|DETALLE_PEDIDO', 324, '2018-12-17 16:31:23', 'I', 1, '127.0.0.1', 'INSERCIÓN SATISFACTORIA DE UN NUEVO PEDIDO'),
(1949, 'PEDIDO|DETALLE_PEDIDO', 325, '2018-12-17 16:31:23', 'I', 1, '127.0.0.1', 'INSERCIÓN SATISFACTORIA DE UN NUEVO PEDIDO'),
(1950, 'PEDIDO|DETALLE_PEDIDO', 326, '2018-12-17 16:31:23', 'I', 1, '127.0.0.1', 'INSERCIÓN SATISFACTORIA DE UN NUEVO PEDIDO'),
(1951, 'PEDIDO|DETALLE_PEDIDO', 327, '2018-12-17 16:31:23', 'I', 1, '127.0.0.1', 'INSERCIÓN SATISFACTORIA DE UN NUEVO PEDIDO'),
(1952, 'PEDIDO|DETALLE_PEDIDO', 328, '2018-12-17 16:31:24', 'I', 1, '127.0.0.1', 'INSERCIÓN SATISFACTORIA DE UN NUEVO PEDIDO'),
(1953, 'PEDIDO|DETALLE_PEDIDO', 329, '2018-12-17 16:31:24', 'I', 1, '127.0.0.1', 'INSERCIÓN SATISFACTORIA DE UN NUEVO PEDIDO'),
(1954, 'PEDIDO|DETALLE_PEDIDO', 330, '2018-12-17 16:31:24', 'I', 1, '127.0.0.1', 'INSERCIÓN SATISFACTORIA DE UN NUEVO PEDIDO'),
(1955, 'PEDIDO|DETALLE_PEDIDO', 331, '2018-12-17 16:31:24', 'I', 1, '127.0.0.1', 'INSERCIÓN SATISFACTORIA DE UN NUEVO PEDIDO'),
(1956, 'PEDIDO|DETALLE_PEDIDO', 332, '2018-12-17 16:31:24', 'I', 1, '127.0.0.1', 'INSERCIÓN SATISFACTORIA DE UN NUEVO PEDIDO'),
(1957, 'PEDIDO|DETALLE_PEDIDO', 333, '2018-12-17 16:31:24', 'I', 1, '127.0.0.1', 'INSERCIÓN SATISFACTORIA DE UN NUEVO PEDIDO'),
(1958, 'PEDIDO|DETALLE_PEDIDO', 334, '2018-12-17 16:31:25', 'I', 1, '127.0.0.1', 'INSERCIÓN SATISFACTORIA DE UN NUEVO PEDIDO'),
(1959, 'PEDIDO|DETALLE_PEDIDO', 335, '2018-12-17 16:31:25', 'I', 1, '127.0.0.1', 'INSERCIÓN SATISFACTORIA DE UN NUEVO PEDIDO'),
(1960, 'PEDIDO|DETALLE_PEDIDO', 336, '2018-12-17 16:31:25', 'I', 1, '127.0.0.1', 'INSERCIÓN SATISFACTORIA DE UN NUEVO PEDIDO'),
(1961, 'PEDIDO|DETALLE_PEDIDO', 337, '2018-12-17 16:31:25', 'I', 1, '127.0.0.1', 'INSERCIÓN SATISFACTORIA DE UN NUEVO PEDIDO'),
(1962, 'PEDIDO|DETALLE_PEDIDO', 338, '2018-12-17 16:31:25', 'I', 1, '127.0.0.1', 'INSERCIÓN SATISFACTORIA DE UN NUEVO PEDIDO'),
(1963, 'PEDIDO|DETALLE_PEDIDO', 339, '2018-12-17 16:31:25', 'I', 1, '127.0.0.1', 'INSERCIÓN SATISFACTORIA DE UN NUEVO PEDIDO'),
(1964, 'PEDIDO|DETALLE_PEDIDO', 340, '2018-12-17 16:31:25', 'I', 1, '127.0.0.1', 'INSERCIÓN SATISFACTORIA DE UN NUEVO PEDIDO'),
(1965, 'PEDIDO|DETALLE_PEDIDO', 341, '2018-12-17 16:31:26', 'I', 1, '127.0.0.1', 'INSERCIÓN SATISFACTORIA DE UN NUEVO PEDIDO'),
(1966, 'PEDIDO|DETALLE_PEDIDO', 342, '2018-12-17 16:31:26', 'I', 1, '127.0.0.1', 'INSERCIÓN SATISFACTORIA DE UN NUEVO PEDIDO'),
(1967, 'DETALLE_ESPECIFICACIONEMPAQUE', 6, '2018-12-17 16:39:35', 'I', 1, '127.0.0.1', 'INSERCIÓN SATISFACTORIA DE UN NUEVO DETALLE DE ESPECIFICACIÓN DE EMPAQUE'),
(1968, 'DETALLE_ESPECIFICACIONEMPAQUE', 7, '2018-12-17 16:51:42', 'I', 1, '127.0.0.1', 'INSERCIÓN SATISFACTORIA DE UN NUEVO DETALLE DE ESPECIFICACIÓN DE EMPAQUE'),
(1969, 'PEDIDO|DETALLE_PEDIDO', 343, '2018-12-17 16:54:29', 'I', 1, '127.0.0.1', 'INSERCIÓN SATISFACTORIA DE UN NUEVO PEDIDO'),
(1970, 'PEDIDO|DETALLE_PEDIDO', 344, '2018-12-17 16:54:30', 'I', 1, '127.0.0.1', 'INSERCIÓN SATISFACTORIA DE UN NUEVO PEDIDO'),
(1971, 'PEDIDO|DETALLE_PEDIDO', 345, '2018-12-17 16:54:30', 'I', 1, '127.0.0.1', 'INSERCIÓN SATISFACTORIA DE UN NUEVO PEDIDO'),
(1972, 'PEDIDO|DETALLE_PEDIDO', 346, '2018-12-17 16:54:30', 'I', 1, '127.0.0.1', 'INSERCIÓN SATISFACTORIA DE UN NUEVO PEDIDO'),
(1973, 'PEDIDO|DETALLE_PEDIDO', 347, '2018-12-17 16:54:30', 'I', 1, '127.0.0.1', 'INSERCIÓN SATISFACTORIA DE UN NUEVO PEDIDO'),
(1974, 'PEDIDO|DETALLE_PEDIDO', 348, '2018-12-17 16:54:30', 'I', 1, '127.0.0.1', 'INSERCIÓN SATISFACTORIA DE UN NUEVO PEDIDO'),
(1975, 'PEDIDO|DETALLE_PEDIDO', 349, '2018-12-17 16:54:30', 'I', 1, '127.0.0.1', 'INSERCIÓN SATISFACTORIA DE UN NUEVO PEDIDO'),
(1976, 'PEDIDO|DETALLE_PEDIDO', 350, '2018-12-17 16:54:30', 'I', 1, '127.0.0.1', 'INSERCIÓN SATISFACTORIA DE UN NUEVO PEDIDO'),
(1977, 'PEDIDO|DETALLE_PEDIDO', 351, '2018-12-17 16:54:30', 'I', 1, '127.0.0.1', 'INSERCIÓN SATISFACTORIA DE UN NUEVO PEDIDO'),
(1978, 'PEDIDO|DETALLE_PEDIDO', 352, '2018-12-17 16:54:30', 'I', 1, '127.0.0.1', 'INSERCIÓN SATISFACTORIA DE UN NUEVO PEDIDO'),
(1979, 'PEDIDO|DETALLE_PEDIDO', 353, '2018-12-17 16:54:30', 'I', 1, '127.0.0.1', 'INSERCIÓN SATISFACTORIA DE UN NUEVO PEDIDO'),
(1980, 'PEDIDO|DETALLE_PEDIDO', 354, '2018-12-17 16:54:31', 'I', 1, '127.0.0.1', 'INSERCIÓN SATISFACTORIA DE UN NUEVO PEDIDO'),
(1981, 'PEDIDO|DETALLE_PEDIDO', 355, '2018-12-17 16:54:31', 'I', 1, '127.0.0.1', 'INSERCIÓN SATISFACTORIA DE UN NUEVO PEDIDO'),
(1982, 'PEDIDO|DETALLE_PEDIDO', 356, '2018-12-17 16:54:31', 'I', 1, '127.0.0.1', 'INSERCIÓN SATISFACTORIA DE UN NUEVO PEDIDO'),
(1983, 'PEDIDO|DETALLE_PEDIDO', 357, '2018-12-17 16:54:31', 'I', 1, '127.0.0.1', 'INSERCIÓN SATISFACTORIA DE UN NUEVO PEDIDO'),
(1984, 'PEDIDO|DETALLE_PEDIDO', 358, '2018-12-17 16:54:31', 'I', 1, '127.0.0.1', 'INSERCIÓN SATISFACTORIA DE UN NUEVO PEDIDO'),
(1985, 'PEDIDO|DETALLE_PEDIDO', 359, '2018-12-17 16:54:31', 'I', 1, '127.0.0.1', 'INSERCIÓN SATISFACTORIA DE UN NUEVO PEDIDO'),
(1986, 'PEDIDO|DETALLE_PEDIDO', 360, '2018-12-17 16:54:31', 'I', 1, '127.0.0.1', 'INSERCIÓN SATISFACTORIA DE UN NUEVO PEDIDO'),
(1987, 'PEDIDO|DETALLE_PEDIDO', 361, '2018-12-17 16:54:32', 'I', 1, '127.0.0.1', 'INSERCIÓN SATISFACTORIA DE UN NUEVO PEDIDO'),
(1988, 'PEDIDO|DETALLE_PEDIDO', 362, '2018-12-17 16:54:32', 'I', 1, '127.0.0.1', 'INSERCIÓN SATISFACTORIA DE UN NUEVO PEDIDO'),
(1989, 'PEDIDO|DETALLE_PEDIDO', 363, '2018-12-17 16:54:32', 'I', 1, '127.0.0.1', 'INSERCIÓN SATISFACTORIA DE UN NUEVO PEDIDO'),
(1990, 'PEDIDO|DETALLE_PEDIDO', 364, '2018-12-17 16:54:32', 'I', 1, '127.0.0.1', 'INSERCIÓN SATISFACTORIA DE UN NUEVO PEDIDO'),
(1991, 'PEDIDO|DETALLE_PEDIDO', 365, '2018-12-17 16:54:32', 'I', 1, '127.0.0.1', 'INSERCIÓN SATISFACTORIA DE UN NUEVO PEDIDO'),
(1992, 'PEDIDO|DETALLE_PEDIDO', 366, '2018-12-17 16:54:32', 'I', 1, '127.0.0.1', 'INSERCIÓN SATISFACTORIA DE UN NUEVO PEDIDO'),
(1993, 'PEDIDO|DETALLE_PEDIDO', 367, '2018-12-17 16:54:33', 'I', 1, '127.0.0.1', 'INSERCIÓN SATISFACTORIA DE UN NUEVO PEDIDO'),
(1994, 'PEDIDO|DETALLE_PEDIDO', 368, '2018-12-17 16:54:33', 'I', 1, '127.0.0.1', 'INSERCIÓN SATISFACTORIA DE UN NUEVO PEDIDO'),
(1995, 'PEDIDO|DETALLE_PEDIDO', 369, '2018-12-17 16:54:33', 'I', 1, '127.0.0.1', 'INSERCIÓN SATISFACTORIA DE UN NUEVO PEDIDO'),
(1996, 'PEDIDO|DETALLE_PEDIDO', 370, '2018-12-17 16:54:33', 'I', 1, '127.0.0.1', 'INSERCIÓN SATISFACTORIA DE UN NUEVO PEDIDO'),
(1997, 'PEDIDO|DETALLE_PEDIDO', 371, '2018-12-17 16:54:33', 'I', 1, '127.0.0.1', 'INSERCIÓN SATISFACTORIA DE UN NUEVO PEDIDO'),
(1998, 'PEDIDO|DETALLE_PEDIDO', 372, '2018-12-17 16:54:33', 'I', 1, '127.0.0.1', 'INSERCIÓN SATISFACTORIA DE UN NUEVO PEDIDO'),
(1999, 'PEDIDO|DETALLE_PEDIDO', 373, '2018-12-17 16:54:33', 'I', 1, '127.0.0.1', 'INSERCIÓN SATISFACTORIA DE UN NUEVO PEDIDO'),
(2000, 'PEDIDO|DETALLE_PEDIDO', 374, '2018-12-17 16:54:33', 'I', 1, '127.0.0.1', 'INSERCIÓN SATISFACTORIA DE UN NUEVO PEDIDO'),
(2001, 'PEDIDO|DETALLE_PEDIDO', 375, '2018-12-17 16:54:34', 'I', 1, '127.0.0.1', 'INSERCIÓN SATISFACTORIA DE UN NUEVO PEDIDO'),
(2002, 'PEDIDO|DETALLE_PEDIDO', 376, '2018-12-17 16:54:34', 'I', 1, '127.0.0.1', 'INSERCIÓN SATISFACTORIA DE UN NUEVO PEDIDO'),
(2003, 'PEDIDO|DETALLE_PEDIDO', 377, '2018-12-17 16:54:34', 'I', 1, '127.0.0.1', 'INSERCIÓN SATISFACTORIA DE UN NUEVO PEDIDO'),
(2004, 'PEDIDO|DETALLE_PEDIDO', 378, '2018-12-17 16:54:34', 'I', 1, '127.0.0.1', 'INSERCIÓN SATISFACTORIA DE UN NUEVO PEDIDO'),
(2005, 'PEDIDO|DETALLE_PEDIDO', 379, '2018-12-17 16:54:34', 'I', 1, '127.0.0.1', 'INSERCIÓN SATISFACTORIA DE UN NUEVO PEDIDO'),
(2006, 'PEDIDO|DETALLE_PEDIDO', 380, '2018-12-17 16:54:35', 'I', 1, '127.0.0.1', 'INSERCIÓN SATISFACTORIA DE UN NUEVO PEDIDO'),
(2007, 'PEDIDO|DETALLE_PEDIDO', 381, '2018-12-17 16:54:35', 'I', 1, '127.0.0.1', 'INSERCIÓN SATISFACTORIA DE UN NUEVO PEDIDO'),
(2008, 'PEDIDO|DETALLE_PEDIDO', 382, '2018-12-17 16:54:35', 'I', 1, '127.0.0.1', 'INSERCIÓN SATISFACTORIA DE UN NUEVO PEDIDO'),
(2009, 'PEDIDO|DETALLE_PEDIDO', 383, '2018-12-17 16:54:35', 'I', 1, '127.0.0.1', 'INSERCIÓN SATISFACTORIA DE UN NUEVO PEDIDO'),
(2010, 'PEDIDO|DETALLE_PEDIDO', 384, '2018-12-17 16:54:35', 'I', 1, '127.0.0.1', 'INSERCIÓN SATISFACTORIA DE UN NUEVO PEDIDO'),
(2011, 'PEDIDO|DETALLE_PEDIDO', 385, '2018-12-17 16:54:35', 'I', 1, '127.0.0.1', 'INSERCIÓN SATISFACTORIA DE UN NUEVO PEDIDO'),
(2012, 'PEDIDO|DETALLE_PEDIDO', 386, '2018-12-17 16:54:35', 'I', 1, '127.0.0.1', 'INSERCIÓN SATISFACTORIA DE UN NUEVO PEDIDO'),
(2013, 'PEDIDO|DETALLE_PEDIDO', 387, '2018-12-17 16:54:35', 'I', 1, '127.0.0.1', 'INSERCIÓN SATISFACTORIA DE UN NUEVO PEDIDO'),
(2014, 'PEDIDO|DETALLE_PEDIDO', 388, '2018-12-17 16:54:36', 'I', 1, '127.0.0.1', 'INSERCIÓN SATISFACTORIA DE UN NUEVO PEDIDO'),
(2015, 'PEDIDO|DETALLE_PEDIDO', 389, '2018-12-17 16:54:36', 'I', 1, '127.0.0.1', 'INSERCIÓN SATISFACTORIA DE UN NUEVO PEDIDO'),
(2016, 'PEDIDO|DETALLE_PEDIDO', 390, '2018-12-17 16:54:36', 'I', 1, '127.0.0.1', 'INSERCIÓN SATISFACTORIA DE UN NUEVO PEDIDO'),
(2017, 'PEDIDO|DETALLE_PEDIDO', 391, '2018-12-17 16:54:36', 'I', 1, '127.0.0.1', 'INSERCIÓN SATISFACTORIA DE UN NUEVO PEDIDO'),
(2018, 'PEDIDO|DETALLE_PEDIDO', 392, '2018-12-17 16:54:36', 'I', 1, '127.0.0.1', 'INSERCIÓN SATISFACTORIA DE UN NUEVO PEDIDO'),
(2019, 'PEDIDO|DETALLE_PEDIDO', 393, '2018-12-17 16:54:36', 'I', 1, '127.0.0.1', 'INSERCIÓN SATISFACTORIA DE UN NUEVO PEDIDO'),
(2020, 'PEDIDO|DETALLE_PEDIDO', 394, '2018-12-17 16:54:36', 'I', 1, '127.0.0.1', 'INSERCIÓN SATISFACTORIA DE UN NUEVO PEDIDO'),
(2021, 'PEDIDO|DETALLE_PEDIDO', 395, '2018-12-17 18:01:26', 'I', 1, '127.0.0.1', 'INSERCIÓN SATISFACTORIA DE UN NUEVO PEDIDO'),
(2022, 'PEDIDO|DETALLE_PEDIDO', 396, '2018-12-17 18:01:26', 'I', 1, '127.0.0.1', 'INSERCIÓN SATISFACTORIA DE UN NUEVO PEDIDO'),
(2023, 'PEDIDO|DETALLE_PEDIDO', 397, '2018-12-17 18:01:26', 'I', 1, '127.0.0.1', 'INSERCIÓN SATISFACTORIA DE UN NUEVO PEDIDO'),
(2024, 'PEDIDO|DETALLE_PEDIDO', 398, '2018-12-17 18:01:26', 'I', 1, '127.0.0.1', 'INSERCIÓN SATISFACTORIA DE UN NUEVO PEDIDO'),
(2025, 'PEDIDO|DETALLE_PEDIDO', 399, '2018-12-17 18:01:26', 'I', 1, '127.0.0.1', 'INSERCIÓN SATISFACTORIA DE UN NUEVO PEDIDO'),
(2026, 'PEDIDO|DETALLE_PEDIDO', 400, '2018-12-17 18:01:26', 'I', 1, '127.0.0.1', 'INSERCIÓN SATISFACTORIA DE UN NUEVO PEDIDO'),
(2027, 'PEDIDO|DETALLE_PEDIDO', 401, '2018-12-17 18:01:27', 'I', 1, '127.0.0.1', 'INSERCIÓN SATISFACTORIA DE UN NUEVO PEDIDO'),
(2028, 'PEDIDO|DETALLE_PEDIDO', 402, '2018-12-17 18:01:27', 'I', 1, '127.0.0.1', 'INSERCIÓN SATISFACTORIA DE UN NUEVO PEDIDO'),
(2029, 'PEDIDO|DETALLE_PEDIDO', 403, '2018-12-17 18:01:27', 'I', 1, '127.0.0.1', 'INSERCIÓN SATISFACTORIA DE UN NUEVO PEDIDO'),
(2030, 'PEDIDO|DETALLE_PEDIDO', 404, '2018-12-17 18:01:27', 'I', 1, '127.0.0.1', 'INSERCIÓN SATISFACTORIA DE UN NUEVO PEDIDO'),
(2031, 'PEDIDO|DETALLE_PEDIDO', 405, '2018-12-17 18:01:28', 'I', 1, '127.0.0.1', 'INSERCIÓN SATISFACTORIA DE UN NUEVO PEDIDO'),
(2032, 'PEDIDO|DETALLE_PEDIDO', 406, '2018-12-17 18:01:28', 'I', 1, '127.0.0.1', 'INSERCIÓN SATISFACTORIA DE UN NUEVO PEDIDO'),
(2033, 'PEDIDO|DETALLE_PEDIDO', 407, '2018-12-17 18:01:28', 'I', 1, '127.0.0.1', 'INSERCIÓN SATISFACTORIA DE UN NUEVO PEDIDO'),
(2034, 'PEDIDO|DETALLE_PEDIDO', 408, '2018-12-17 18:01:28', 'I', 1, '127.0.0.1', 'INSERCIÓN SATISFACTORIA DE UN NUEVO PEDIDO'),
(2035, 'PEDIDO|DETALLE_PEDIDO', 409, '2018-12-17 18:01:28', 'I', 1, '127.0.0.1', 'INSERCIÓN SATISFACTORIA DE UN NUEVO PEDIDO'),
(2036, 'PEDIDO|DETALLE_PEDIDO', 410, '2018-12-17 18:01:28', 'I', 1, '127.0.0.1', 'INSERCIÓN SATISFACTORIA DE UN NUEVO PEDIDO'),
(2037, 'PEDIDO|DETALLE_PEDIDO', 411, '2018-12-17 18:01:28', 'I', 1, '127.0.0.1', 'INSERCIÓN SATISFACTORIA DE UN NUEVO PEDIDO'),
(2038, 'PEDIDO|DETALLE_PEDIDO', 412, '2018-12-17 18:01:29', 'I', 1, '127.0.0.1', 'INSERCIÓN SATISFACTORIA DE UN NUEVO PEDIDO'),
(2039, 'PEDIDO|DETALLE_PEDIDO', 413, '2018-12-17 18:01:29', 'I', 1, '127.0.0.1', 'INSERCIÓN SATISFACTORIA DE UN NUEVO PEDIDO'),
(2040, 'PEDIDO|DETALLE_PEDIDO', 414, '2018-12-17 18:01:29', 'I', 1, '127.0.0.1', 'INSERCIÓN SATISFACTORIA DE UN NUEVO PEDIDO'),
(2041, 'PEDIDO|DETALLE_PEDIDO', 415, '2018-12-17 18:01:29', 'I', 1, '127.0.0.1', 'INSERCIÓN SATISFACTORIA DE UN NUEVO PEDIDO'),
(2042, 'PEDIDO|DETALLE_PEDIDO', 416, '2018-12-17 18:01:29', 'I', 1, '127.0.0.1', 'INSERCIÓN SATISFACTORIA DE UN NUEVO PEDIDO'),
(2043, 'PEDIDO|DETALLE_PEDIDO', 417, '2018-12-17 18:01:29', 'I', 1, '127.0.0.1', 'INSERCIÓN SATISFACTORIA DE UN NUEVO PEDIDO'),
(2044, 'PEDIDO|DETALLE_PEDIDO', 418, '2018-12-17 18:01:29', 'I', 1, '127.0.0.1', 'INSERCIÓN SATISFACTORIA DE UN NUEVO PEDIDO'),
(2045, 'PEDIDO|DETALLE_PEDIDO', 419, '2018-12-17 18:01:29', 'I', 1, '127.0.0.1', 'INSERCIÓN SATISFACTORIA DE UN NUEVO PEDIDO'),
(2046, 'PEDIDO|DETALLE_PEDIDO', 420, '2018-12-17 18:01:30', 'I', 1, '127.0.0.1', 'INSERCIÓN SATISFACTORIA DE UN NUEVO PEDIDO'),
(2047, 'PEDIDO|DETALLE_PEDIDO', 421, '2018-12-17 18:01:30', 'I', 1, '127.0.0.1', 'INSERCIÓN SATISFACTORIA DE UN NUEVO PEDIDO'),
(2048, 'PEDIDO|DETALLE_PEDIDO', 422, '2018-12-17 18:01:30', 'I', 1, '127.0.0.1', 'INSERCIÓN SATISFACTORIA DE UN NUEVO PEDIDO'),
(2049, 'PEDIDO|DETALLE_PEDIDO', 423, '2018-12-17 18:01:30', 'I', 1, '127.0.0.1', 'INSERCIÓN SATISFACTORIA DE UN NUEVO PEDIDO'),
(2050, 'PEDIDO|DETALLE_PEDIDO', 424, '2018-12-17 18:01:30', 'I', 1, '127.0.0.1', 'INSERCIÓN SATISFACTORIA DE UN NUEVO PEDIDO'),
(2051, 'PEDIDO|DETALLE_PEDIDO', 425, '2018-12-17 18:01:30', 'I', 1, '127.0.0.1', 'INSERCIÓN SATISFACTORIA DE UN NUEVO PEDIDO'),
(2052, 'PEDIDO|DETALLE_PEDIDO', 426, '2018-12-17 18:01:30', 'I', 1, '127.0.0.1', 'INSERCIÓN SATISFACTORIA DE UN NUEVO PEDIDO'),
(2053, 'PEDIDO|DETALLE_PEDIDO', 427, '2018-12-17 18:01:31', 'I', 1, '127.0.0.1', 'INSERCIÓN SATISFACTORIA DE UN NUEVO PEDIDO'),
(2054, 'PEDIDO|DETALLE_PEDIDO', 428, '2018-12-17 18:01:31', 'I', 1, '127.0.0.1', 'INSERCIÓN SATISFACTORIA DE UN NUEVO PEDIDO'),
(2055, 'PEDIDO|DETALLE_PEDIDO', 429, '2018-12-17 18:01:31', 'I', 1, '127.0.0.1', 'INSERCIÓN SATISFACTORIA DE UN NUEVO PEDIDO'),
(2056, 'PEDIDO|DETALLE_PEDIDO', 430, '2018-12-17 18:01:31', 'I', 1, '127.0.0.1', 'INSERCIÓN SATISFACTORIA DE UN NUEVO PEDIDO'),
(2057, 'PEDIDO|DETALLE_PEDIDO', 431, '2018-12-17 18:01:31', 'I', 1, '127.0.0.1', 'INSERCIÓN SATISFACTORIA DE UN NUEVO PEDIDO'),
(2058, 'PEDIDO|DETALLE_PEDIDO', 432, '2018-12-17 18:01:31', 'I', 1, '127.0.0.1', 'INSERCIÓN SATISFACTORIA DE UN NUEVO PEDIDO'),
(2059, 'PEDIDO|DETALLE_PEDIDO', 433, '2018-12-17 18:01:31', 'I', 1, '127.0.0.1', 'INSERCIÓN SATISFACTORIA DE UN NUEVO PEDIDO'),
(2060, 'PEDIDO|DETALLE_PEDIDO', 434, '2018-12-17 18:01:31', 'I', 1, '127.0.0.1', 'INSERCIÓN SATISFACTORIA DE UN NUEVO PEDIDO'),
(2061, 'PEDIDO|DETALLE_PEDIDO', 435, '2018-12-17 18:01:32', 'I', 1, '127.0.0.1', 'INSERCIÓN SATISFACTORIA DE UN NUEVO PEDIDO'),
(2062, 'PEDIDO|DETALLE_PEDIDO', 436, '2018-12-17 18:01:32', 'I', 1, '127.0.0.1', 'INSERCIÓN SATISFACTORIA DE UN NUEVO PEDIDO'),
(2063, 'PEDIDO|DETALLE_PEDIDO', 437, '2018-12-17 18:01:32', 'I', 1, '127.0.0.1', 'INSERCIÓN SATISFACTORIA DE UN NUEVO PEDIDO'),
(2064, 'PEDIDO|DETALLE_PEDIDO', 438, '2018-12-17 18:01:32', 'I', 1, '127.0.0.1', 'INSERCIÓN SATISFACTORIA DE UN NUEVO PEDIDO'),
(2065, 'PEDIDO|DETALLE_PEDIDO', 439, '2018-12-17 18:01:32', 'I', 1, '127.0.0.1', 'INSERCIÓN SATISFACTORIA DE UN NUEVO PEDIDO'),
(2066, 'PEDIDO|DETALLE_PEDIDO', 440, '2018-12-17 18:01:32', 'I', 1, '127.0.0.1', 'INSERCIÓN SATISFACTORIA DE UN NUEVO PEDIDO'),
(2067, 'PEDIDO|DETALLE_PEDIDO', 441, '2018-12-17 18:01:32', 'I', 1, '127.0.0.1', 'INSERCIÓN SATISFACTORIA DE UN NUEVO PEDIDO'),
(2068, 'PEDIDO|DETALLE_PEDIDO', 442, '2018-12-17 18:01:33', 'I', 1, '127.0.0.1', 'INSERCIÓN SATISFACTORIA DE UN NUEVO PEDIDO'),
(2069, 'PEDIDO|DETALLE_PEDIDO', 443, '2018-12-17 18:01:33', 'I', 1, '127.0.0.1', 'INSERCIÓN SATISFACTORIA DE UN NUEVO PEDIDO'),
(2070, 'PEDIDO|DETALLE_PEDIDO', 444, '2018-12-17 18:01:33', 'I', 1, '127.0.0.1', 'INSERCIÓN SATISFACTORIA DE UN NUEVO PEDIDO'),
(2071, 'PEDIDO|DETALLE_PEDIDO', 445, '2018-12-17 18:01:33', 'I', 1, '127.0.0.1', 'INSERCIÓN SATISFACTORIA DE UN NUEVO PEDIDO'),
(2072, 'PEDIDO|DETALLE_PEDIDO', 446, '2018-12-17 18:01:33', 'I', 1, '127.0.0.1', 'INSERCIÓN SATISFACTORIA DE UN NUEVO PEDIDO'),
(2073, 'PEDIDO|DETALLE_PEDIDO', 447, '2018-12-17 18:01:33', 'I', 1, '127.0.0.1', 'INSERCIÓN SATISFACTORIA DE UN NUEVO PEDIDO'),
(2074, 'PEDIDO|DETALLE_PEDIDO', 448, '2018-12-17 18:10:19', 'I', 1, '127.0.0.1', 'INSERCIÓN SATISFACTORIA DE UN NUEVO PEDIDO'),
(2075, 'PEDIDO|DETALLE_PEDIDO', 449, '2018-12-17 18:10:19', 'I', 1, '127.0.0.1', 'INSERCIÓN SATISFACTORIA DE UN NUEVO PEDIDO'),
(2076, 'PEDIDO|DETALLE_PEDIDO', 450, '2018-12-17 18:10:19', 'I', 1, '127.0.0.1', 'INSERCIÓN SATISFACTORIA DE UN NUEVO PEDIDO'),
(2077, 'PEDIDO|DETALLE_PEDIDO', 451, '2018-12-17 18:10:20', 'I', 1, '127.0.0.1', 'INSERCIÓN SATISFACTORIA DE UN NUEVO PEDIDO'),
(2078, 'PEDIDO|DETALLE_PEDIDO', 452, '2018-12-17 18:10:20', 'I', 1, '127.0.0.1', 'INSERCIÓN SATISFACTORIA DE UN NUEVO PEDIDO'),
(2079, 'PEDIDO|DETALLE_PEDIDO', 453, '2018-12-17 18:10:20', 'I', 1, '127.0.0.1', 'INSERCIÓN SATISFACTORIA DE UN NUEVO PEDIDO'),
(2080, 'PEDIDO|DETALLE_PEDIDO', 454, '2018-12-17 18:10:20', 'I', 1, '127.0.0.1', 'INSERCIÓN SATISFACTORIA DE UN NUEVO PEDIDO'),
(2081, 'PEDIDO|DETALLE_PEDIDO', 455, '2018-12-17 18:10:20', 'I', 1, '127.0.0.1', 'INSERCIÓN SATISFACTORIA DE UN NUEVO PEDIDO'),
(2082, 'PEDIDO|DETALLE_PEDIDO', 456, '2018-12-17 18:10:20', 'I', 1, '127.0.0.1', 'INSERCIÓN SATISFACTORIA DE UN NUEVO PEDIDO'),
(2083, 'PEDIDO|DETALLE_PEDIDO', 457, '2018-12-17 18:10:20', 'I', 1, '127.0.0.1', 'INSERCIÓN SATISFACTORIA DE UN NUEVO PEDIDO'),
(2084, 'PEDIDO|DETALLE_PEDIDO', 458, '2018-12-17 18:10:20', 'I', 1, '127.0.0.1', 'INSERCIÓN SATISFACTORIA DE UN NUEVO PEDIDO'),
(2085, 'PEDIDO|DETALLE_PEDIDO', 459, '2018-12-17 18:10:21', 'I', 1, '127.0.0.1', 'INSERCIÓN SATISFACTORIA DE UN NUEVO PEDIDO'),
(2086, 'PEDIDO|DETALLE_PEDIDO', 460, '2018-12-17 18:13:01', 'I', 1, '127.0.0.1', 'INSERCIÓN SATISFACTORIA DE UN NUEVO PEDIDO'),
(2087, 'PEDIDO|DETALLE_PEDIDO', 461, '2018-12-17 18:13:01', 'I', 1, '127.0.0.1', 'INSERCIÓN SATISFACTORIA DE UN NUEVO PEDIDO'),
(2088, 'PEDIDO|DETALLE_PEDIDO', 462, '2018-12-17 18:13:01', 'I', 1, '127.0.0.1', 'INSERCIÓN SATISFACTORIA DE UN NUEVO PEDIDO'),
(2089, 'PEDIDO|DETALLE_PEDIDO', 463, '2018-12-17 18:13:01', 'I', 1, '127.0.0.1', 'INSERCIÓN SATISFACTORIA DE UN NUEVO PEDIDO'),
(2090, 'PEDIDO|DETALLE_PEDIDO', 464, '2018-12-17 18:13:02', 'I', 1, '127.0.0.1', 'INSERCIÓN SATISFACTORIA DE UN NUEVO PEDIDO'),
(2091, 'PEDIDO|DETALLE_PEDIDO', 465, '2018-12-17 18:13:02', 'I', 1, '127.0.0.1', 'INSERCIÓN SATISFACTORIA DE UN NUEVO PEDIDO'),
(2092, 'PEDIDO|DETALLE_PEDIDO', 466, '2018-12-17 18:13:02', 'I', 1, '127.0.0.1', 'INSERCIÓN SATISFACTORIA DE UN NUEVO PEDIDO'),
(2093, 'PEDIDO|DETALLE_PEDIDO', 467, '2018-12-17 18:13:02', 'I', 1, '127.0.0.1', 'INSERCIÓN SATISFACTORIA DE UN NUEVO PEDIDO'),
(2094, 'PEDIDO|DETALLE_PEDIDO', 468, '2018-12-17 18:13:02', 'I', 1, '127.0.0.1', 'INSERCIÓN SATISFACTORIA DE UN NUEVO PEDIDO'),
(2095, 'PEDIDO|DETALLE_PEDIDO', 469, '2018-12-17 18:13:02', 'I', 1, '127.0.0.1', 'INSERCIÓN SATISFACTORIA DE UN NUEVO PEDIDO'),
(2096, 'PEDIDO|DETALLE_PEDIDO', 470, '2018-12-17 18:13:02', 'I', 1, '127.0.0.1', 'INSERCIÓN SATISFACTORIA DE UN NUEVO PEDIDO'),
(2097, 'PEDIDO|DETALLE_PEDIDO', 471, '2018-12-17 18:13:02', 'I', 1, '127.0.0.1', 'INSERCIÓN SATISFACTORIA DE UN NUEVO PEDIDO'),
(2098, 'USUARIO', 1, '2018-12-18 08:15:26', 'L', 1, '127.0.0.1', 'INICIO DE SESIÓN SATISFACTORIO. USUARIO:RAFAEL PRATS RECASEN'),
(2099, 'CONSUMO', 1, '2018-12-18 11:40:28', 'I', 1, '127.0.0.1', 'CREACION SATISFACTORIA DE UN CONSUMO'),
(2100, 'STOCK_FRIO', 1, '2018-12-18 11:43:28', 'I', 1, '127.0.0.1', 'CREACION SATISFACTORIA DE UN STOCK FRIO'),
(2101, 'STOCK_FRIO', 2, '2018-12-18 11:43:28', 'I', 1, '127.0.0.1', 'CREACION SATISFACTORIA DE UN STOCK FRIO'),
(2102, 'USUARIO', 1, '2018-12-19 08:23:51', 'L', 1, '127.0.0.1', 'INICIO DE SESIÓN SATISFACTORIO. USUARIO:RAFAEL PRATS RECASEN');

-- --------------------------------------------------------

--
-- Estructura de tabla para la tabla `clasificacion_ramo`
--

CREATE TABLE `clasificacion_ramo` (
  `id_clasificacion_ramo` int(11) NOT NULL,
  `estado` tinyint(1) NOT NULL DEFAULT '1',
  `fecha_registro` datetime NOT NULL DEFAULT CURRENT_TIMESTAMP,
  `id_configuracion_empresa` int(11) NOT NULL,
  `id_unidad_medida` int(11) NOT NULL,
  `nombre` varchar(25) COLLATE utf8_bin NOT NULL,
  `estandar` tinyint(1) NOT NULL DEFAULT '0'
) ENGINE=InnoDB DEFAULT CHARSET=utf8 COLLATE=utf8_bin;

--
-- Volcado de datos para la tabla `clasificacion_ramo`
--

INSERT INTO `clasificacion_ramo` (`id_clasificacion_ramo`, `estado`, `fecha_registro`, `id_configuracion_empresa`, `id_unidad_medida`, `nombre`, `estandar`) VALUES
(1, 1, '2018-11-07 08:46:30', 1, 2, '250', 1),
(2, 1, '2018-11-16 11:36:15', 1, 2, '500', 0),
(3, 1, '2018-11-16 11:36:15', 1, 2, '750', 0),
(4, 1, '2018-11-16 11:36:16', 1, 2, '1000', 0),
(5, 1, '2018-11-16 11:36:16', 1, 2, '1250', 0),
(6, 1, '2018-11-20 09:29:38', 1, 1, '250', 0);

-- --------------------------------------------------------

--
-- Estructura de tabla para la tabla `clasificacion_unitaria`
--

CREATE TABLE `clasificacion_unitaria` (
  `id_clasificacion_unitaria` int(11) NOT NULL,
  `nombre` varchar(25) COLLATE utf8_bin NOT NULL,
  `fecha_registro` datetime NOT NULL DEFAULT CURRENT_TIMESTAMP,
  `estado` tinyint(1) NOT NULL DEFAULT '1',
  `id_configuracion_empresa` int(11) NOT NULL,
  `id_unidad_medida` int(11) DEFAULT '1',
  `id_clasificacion_ramo_estandar` int(11) NOT NULL DEFAULT '1',
  `id_clasificacion_ramo_real` int(11) NOT NULL DEFAULT '1'
) ENGINE=InnoDB DEFAULT CHARSET=utf8 COLLATE=utf8_bin;

--
-- Volcado de datos para la tabla `clasificacion_unitaria`
--

INSERT INTO `clasificacion_unitaria` (`id_clasificacion_unitaria`, `nombre`, `fecha_registro`, `estado`, `id_configuracion_empresa`, `id_unidad_medida`, `id_clasificacion_ramo_estandar`, `id_clasificacion_ramo_real`) VALUES
(1, '20|12.5', '2018-11-07 08:46:30', 1, 1, 2, 1, 1),
(2, '30|8.33', '2018-11-07 08:46:30', 1, 1, 2, 1, 3),
(3, '40|6.25', '2018-11-07 08:46:30', 1, 1, 2, 1, 4),
(4, '50|5', '2018-11-07 08:46:30', 1, 1, 2, 1, 5),
(6, '60|20', '2018-11-08 12:11:52', 1, 1, 1, 6, 6),
(7, '10|25', '2018-12-10 10:37:41', 1, 1, 2, 1, 1);

-- --------------------------------------------------------

--
-- Estructura de tabla para la tabla `clasificacion_verde`
--

CREATE TABLE `clasificacion_verde` (
  `id_clasificacion_verde` int(11) NOT NULL,
  `fecha_registro` datetime NOT NULL DEFAULT CURRENT_TIMESTAMP,
  `estado` tinyint(1) NOT NULL DEFAULT '1',
  `fecha_ingreso` date NOT NULL,
  `id_semana` int(11) NOT NULL
) ENGINE=InnoDB DEFAULT CHARSET=utf8 COLLATE=utf8_bin;

--
-- Volcado de datos para la tabla `clasificacion_verde`
--

INSERT INTO `clasificacion_verde` (`id_clasificacion_verde`, `fecha_registro`, `estado`, `fecha_ingreso`, `id_semana`) VALUES
(1, '2018-12-10 12:26:27', 1, '2018-12-03', 153),
(2, '2018-12-10 12:32:59', 1, '2018-12-04', 153),
(3, '2018-12-10 12:34:51', 1, '2018-12-05', 153),
(4, '2018-12-10 12:35:58', 1, '2018-12-06', 153),
(5, '2018-12-10 12:38:18', 1, '2018-12-07', 153),
(6, '2018-12-10 12:39:43', 1, '2018-12-10', 154),
(7, '2018-12-11 11:16:29', 1, '2018-12-11', 154);

-- --------------------------------------------------------

--
-- Estructura de tabla para la tabla `cliente`
--

CREATE TABLE `cliente` (
  `id_cliente` int(11) NOT NULL,
  `fecha_registro` datetime NOT NULL DEFAULT CURRENT_TIMESTAMP,
  `estado` tinyint(1) NOT NULL
) ENGINE=InnoDB DEFAULT CHARSET=utf8 COLLATE=utf8_bin;

--
-- Volcado de datos para la tabla `cliente`
--

INSERT INTO `cliente` (`id_cliente`, `fecha_registro`, `estado`) VALUES
(1, '2018-12-17 14:08:39', 1),
(2, '2018-12-17 15:22:25', 1);

-- --------------------------------------------------------

--
-- Estructura de tabla para la tabla `cliente_agenciacarga`
--

CREATE TABLE `cliente_agenciacarga` (
  `id_cliente_agencia_carga` int(11) NOT NULL,
  `id_cliente` int(11) NOT NULL,
  `id_agencia_carga` int(11) NOT NULL,
  `estado` tinyint(1) NOT NULL DEFAULT '1',
  `fecha_registro` datetime NOT NULL DEFAULT CURRENT_TIMESTAMP
) ENGINE=InnoDB DEFAULT CHARSET=utf8 COLLATE=utf8_bin;

--
-- Volcado de datos para la tabla `cliente_agenciacarga`
--

INSERT INTO `cliente_agenciacarga` (`id_cliente_agencia_carga`, `id_cliente`, `id_agencia_carga`, `estado`, `fecha_registro`) VALUES
(1, 1, 5, 1, '2018-12-17 14:17:04'),
(2, 1, 4, 1, '2018-12-17 14:17:04'),
(3, 2, 5, 1, '2018-12-17 15:23:02'),
(4, 2, 4, 1, '2018-12-17 15:23:02'),
(5, 2, 3, 1, '2018-12-17 15:23:02'),
(6, 2, 9, 1, '2018-12-17 15:23:03'),
(7, 1, 8, 1, '2018-12-17 15:45:36');

-- --------------------------------------------------------

--
-- Estructura de tabla para la tabla `cliente_pedido_especificacion`
--

CREATE TABLE `cliente_pedido_especificacion` (
  `id_cliente_pedido_especificacion` int(11) NOT NULL,
  `id_cliente` int(11) NOT NULL,
  `id_especificacion` int(11) NOT NULL
) ENGINE=InnoDB DEFAULT CHARSET=utf8 COLLATE=utf8_bin;

--
-- Volcado de datos para la tabla `cliente_pedido_especificacion`
--

INSERT INTO `cliente_pedido_especificacion` (`id_cliente_pedido_especificacion`, `id_cliente`, `id_especificacion`) VALUES
(1, 1, 6),
(2, 1, 7),
(3, 1, 8),
(4, 2, 9),
(5, 2, 8),
(6, 1, 10),
(7, 1, 11),
(8, 2, 7),
(9, 2, 10);

-- --------------------------------------------------------

--
-- Estructura de tabla para la tabla `configuracion_empresa`
--

CREATE TABLE `configuracion_empresa` (
  `id_configuracion_empresa` int(11) NOT NULL,
  `nombre` varchar(255) COLLATE utf8_bin NOT NULL,
  `cantidad_usuarios` int(10) NOT NULL,
  `cantidad_hectareas` decimal(10,2) NOT NULL,
  `propagacion` varchar(1000) COLLATE utf8_bin DEFAULT NULL COMMENT 'nombre de procesos',
  `campo` varchar(1000) COLLATE utf8_bin DEFAULT NULL COMMENT 'nombre de procesos',
  `postcocecha` varchar(1000) COLLATE utf8_bin DEFAULT NULL COMMENT 'nombre de procesos',
  `fecha_registro` datetime NOT NULL DEFAULT CURRENT_TIMESTAMP,
  `estado` tinyint(1) NOT NULL DEFAULT '1',
  `moneda` varchar(10) COLLATE utf8_bin NOT NULL
) ENGINE=InnoDB DEFAULT CHARSET=utf8 COLLATE=utf8_bin;

--
-- Volcado de datos para la tabla `configuracion_empresa`
--

INSERT INTO `configuracion_empresa` (`id_configuracion_empresa`, `nombre`, `cantidad_usuarios`, `cantidad_hectareas`, `propagacion`, `campo`, `postcocecha`, `fecha_registro`, `estado`, `moneda`) VALUES
(1, 'Pyganflor', 5, '15000.00', '||', '|', 'Recepción|Clasificación en verde|Apertura|Clasificación en blanco|Frío', '2018-11-07 08:46:29', 1, 'usd');

-- --------------------------------------------------------

--
-- Estructura de tabla para la tabla `configuracion_user`
--

CREATE TABLE `configuracion_user` (
  `id_configuracion_user` int(11) NOT NULL,
  `fixed_layout` char(1) COLLATE utf8_bin NOT NULL DEFAULT 'S',
  `boxed_layout` char(1) COLLATE utf8_bin NOT NULL DEFAULT 'N',
  `toggle_color_config` char(1) COLLATE utf8_bin NOT NULL DEFAULT 'N',
  `skin` varchar(25) COLLATE utf8_bin DEFAULT 'skin-blue',
  `config_online` char(1) COLLATE utf8_bin NOT NULL DEFAULT 'S',
  `id_usuario` int(11) NOT NULL
) ENGINE=InnoDB DEFAULT CHARSET=utf8 COLLATE=utf8_bin;

--
-- Volcado de datos para la tabla `configuracion_user`
--

INSERT INTO `configuracion_user` (`id_configuracion_user`, `fixed_layout`, `boxed_layout`, `toggle_color_config`, `skin`, `config_online`, `id_usuario`) VALUES
(1, 'S', 'N', 'N', 'skin-blue', 'S', 1),
(2, 'S', 'N', 'N', 'skin-green', 'S', 2),
(3, 'S', 'N', 'N', 'skin-purple', 'S', 3);

-- --------------------------------------------------------

--
-- Estructura de tabla para la tabla `consumo`
--

CREATE TABLE `consumo` (
  `id_consumo` int(11) NOT NULL,
  `fecha_pedidos` date NOT NULL,
  `estado` tinyint(1) NOT NULL DEFAULT '1',
  `fecha_registro` datetime NOT NULL DEFAULT CURRENT_TIMESTAMP
) ENGINE=InnoDB DEFAULT CHARSET=utf8 COLLATE=utf8_bin;

-- --------------------------------------------------------

--
-- Estructura de tabla para la tabla `contacto`
--

CREATE TABLE `contacto` (
  `id_contacto` int(11) NOT NULL,
  `nombre` varchar(250) COLLATE utf8_bin NOT NULL,
  `correo` varchar(250) COLLATE utf8_bin NOT NULL,
  `telefono` varchar(250) COLLATE utf8_bin NOT NULL,
  `direccion` varchar(1000) COLLATE utf8_bin NOT NULL,
  `estado` tinyint(1) NOT NULL DEFAULT '1',
  `fecha_registro` datetime NOT NULL DEFAULT CURRENT_TIMESTAMP
) ENGINE=InnoDB DEFAULT CHARSET=utf8 COLLATE=utf8_bin;

-- --------------------------------------------------------

--
-- Estructura de tabla para la tabla `desglose_recepcion`
--

CREATE TABLE `desglose_recepcion` (
  `id_desglose_recepcion` int(11) NOT NULL,
  `id_variedad` int(11) NOT NULL,
  `id_recepcion` int(11) NOT NULL,
  `fecha_registro` datetime NOT NULL DEFAULT CURRENT_TIMESTAMP,
  `estado` tinyint(1) NOT NULL DEFAULT '1',
  `cantidad_mallas` int(3) NOT NULL,
  `tallos_x_malla` int(2) NOT NULL
) ENGINE=InnoDB DEFAULT CHARSET=utf8 COLLATE=utf8_bin;

--
-- Volcado de datos para la tabla `desglose_recepcion`
--

INSERT INTO `desglose_recepcion` (`id_desglose_recepcion`, `id_variedad`, `id_recepcion`, `fecha_registro`, `estado`, `cantidad_mallas`, `tallos_x_malla`) VALUES
(1, 1, 1, '2018-12-10 11:58:27', 1, 50, 35),
(2, 2, 1, '2018-12-10 11:58:28', 1, 45, 50),
(3, 1, 1, '2018-12-10 11:58:28', 1, 43, 40),
(4, 1, 2, '2018-12-10 11:58:53', 1, 35, 42),
(5, 2, 2, '2018-12-10 11:58:53', 1, 56, 34),
(6, 1, 3, '2018-12-10 11:59:18', 1, 26, 43),
(7, 2, 3, '2018-12-10 11:59:18', 1, 43, 34),
(8, 1, 4, '2018-12-10 11:59:42', 1, 54, 42),
(9, 2, 4, '2018-12-10 11:59:43', 1, 43, 30),
(10, 1, 5, '2018-12-10 12:17:10', 1, 42, 35),
(11, 2, 5, '2018-12-10 12:17:10', 1, 50, 30),
(12, 1, 6, '2018-12-10 12:17:31', 1, 50, 42),
(13, 2, 6, '2018-12-10 12:17:31', 1, 42, 40),
(14, 1, 7, '2018-12-10 12:18:48', 1, 50, 35),
(15, 2, 7, '2018-12-10 12:18:49', 1, 43, 50),
(16, 2, 8, '2018-12-10 12:19:13', 1, 38, 25),
(17, 2, 8, '2018-12-10 12:19:13', 1, 67, 15),
(18, 1, 9, '2018-12-10 12:20:45', 1, 50, 25),
(19, 2, 9, '2018-12-10 12:20:45', 1, 41, 35),
(20, 1, 10, '2018-12-10 12:21:12', 1, 38, 50),
(21, 2, 10, '2018-12-10 12:21:12', 1, 45, 36),
(22, 1, 11, '2018-12-10 12:22:17', 1, 35, 40),
(23, 2, 11, '2018-12-10 12:22:17', 1, 40, 25),
(24, 1, 12, '2018-12-10 12:22:39', 1, 50, 34),
(25, 2, 12, '2018-12-10 12:22:39', 1, 54, 20),
(26, 1, 13, '2018-12-11 11:14:10', 1, 35, 50),
(27, 2, 13, '2018-12-11 11:14:10', 1, 45, 40),
(28, 3, 13, '2018-12-11 11:14:10', 1, 50, 30),
(29, 1, 14, '2018-12-11 11:15:02', 1, 36, 42),
(30, 3, 14, '2018-12-11 11:15:02', 1, 48, 32),
(31, 2, 14, '2018-12-11 11:15:03', 1, 25, 20);

-- --------------------------------------------------------

--
-- Estructura de tabla para la tabla `detallepedido_envio`
--

CREATE TABLE `detallepedido_envio` (
  `id_detallepedido_envio` int(11) NOT NULL,
  `id_detalle_pedido` int(11) NOT NULL,
  `id_envio` int(11) NOT NULL,
  `cantidad` int(11) NOT NULL
) ENGINE=InnoDB DEFAULT CHARSET=utf8 COLLATE=utf8_bin;

-- --------------------------------------------------------

--
-- Estructura de tabla para la tabla `detalle_clasificacion_verde`
--

CREATE TABLE `detalle_clasificacion_verde` (
  `id_detalle_clasificacion_verde` int(11) NOT NULL,
  `id_clasificacion_verde` int(11) NOT NULL,
  `id_clasificacion_unitaria` int(11) NOT NULL,
  `id_variedad` int(11) NOT NULL,
  `cantidad_ramos` int(11) NOT NULL,
  `tallos_x_ramos` int(11) NOT NULL,
  `fecha_registro` datetime NOT NULL DEFAULT CURRENT_TIMESTAMP,
  `estado` tinyint(1) NOT NULL DEFAULT '1'
) ENGINE=InnoDB DEFAULT CHARSET=utf8 COLLATE=utf8_bin;

--
-- Volcado de datos para la tabla `detalle_clasificacion_verde`
--

INSERT INTO `detalle_clasificacion_verde` (`id_detalle_clasificacion_verde`, `id_clasificacion_verde`, `id_clasificacion_unitaria`, `id_variedad`, `cantidad_ramos`, `tallos_x_ramos`, `fecha_registro`, `estado`) VALUES
(1, 1, 2, 1, 85, 5, '2018-12-10 12:26:27', 1),
(2, 1, 3, 1, 86, 5, '2018-12-10 12:26:27', 1),
(3, 1, 4, 1, 85, 5, '2018-12-10 12:26:27', 1),
(4, 1, 6, 1, 45, 5, '2018-12-10 12:26:28', 1),
(5, 1, 7, 1, 85, 5, '2018-12-10 12:26:28', 1),
(6, 1, 1, 1, 87, 5, '2018-12-10 12:29:02', 1),
(7, 1, 2, 1, 86, 5, '2018-12-10 12:29:02', 1),
(8, 1, 3, 1, 80, 5, '2018-12-10 12:29:02', 1),
(9, 1, 4, 1, 54, 5, '2018-12-10 12:29:02', 1),
(10, 1, 6, 1, 24, 5, '2018-12-10 12:29:02', 1),
(11, 1, 7, 1, 80, 5, '2018-12-10 12:29:02', 1),
(12, 1, 1, 1, 54, 5, '2018-12-10 12:29:28', 1),
(13, 1, 2, 1, 45, 5, '2018-12-10 12:29:28', 1),
(14, 1, 3, 1, 10, 5, '2018-12-10 12:29:28', 1),
(15, 1, 4, 1, 4, 5, '2018-12-10 12:29:28', 1),
(16, 1, 6, 1, 2, 5, '2018-12-10 12:29:29', 1),
(17, 1, 7, 1, 3, 5, '2018-12-10 12:29:29', 1),
(18, 1, 1, 2, 80, 5, '2018-12-10 12:32:00', 1),
(19, 1, 2, 2, 89, 5, '2018-12-10 12:32:00', 1),
(20, 1, 3, 2, 87, 5, '2018-12-10 12:32:00', 1),
(21, 1, 4, 2, 87, 5, '2018-12-10 12:32:00', 1),
(22, 1, 6, 2, 86, 5, '2018-12-10 12:32:00', 1),
(23, 1, 7, 2, 89, 5, '2018-12-10 12:32:00', 1),
(24, 1, 1, 2, 67, 5, '2018-12-10 12:32:36', 1),
(25, 1, 2, 2, 65, 5, '2018-12-10 12:32:36', 1),
(26, 1, 3, 2, 60, 5, '2018-12-10 12:32:36', 1),
(27, 1, 4, 2, 23, 5, '2018-12-10 12:32:36', 1),
(28, 1, 6, 2, 8, 5, '2018-12-10 12:32:37', 1),
(29, 1, 7, 2, 1, 5, '2018-12-10 12:32:37', 1),
(30, 2, 1, 1, 98, 5, '2018-12-10 12:32:59', 1),
(31, 2, 2, 1, 97, 5, '2018-12-10 12:33:00', 1),
(32, 2, 3, 1, 90, 5, '2018-12-10 12:33:00', 1),
(33, 2, 4, 1, 92, 5, '2018-12-10 12:33:00', 1),
(34, 2, 6, 1, 93, 5, '2018-12-10 12:33:00', 1),
(35, 2, 7, 1, 94, 5, '2018-12-10 12:33:00', 1),
(36, 2, 1, 1, 42, 5, '2018-12-10 12:33:26', 1),
(37, 2, 2, 1, 24, 5, '2018-12-10 12:33:27', 1),
(38, 2, 3, 1, 34, 5, '2018-12-10 12:33:27', 1),
(39, 2, 4, 1, 21, 5, '2018-12-10 12:33:27', 1),
(40, 2, 6, 1, 19, 5, '2018-12-10 12:33:27', 1),
(41, 2, 7, 1, 34, 5, '2018-12-10 12:33:27', 1),
(42, 2, 1, 2, 98, 5, '2018-12-10 12:34:01', 1),
(43, 2, 2, 2, 90, 5, '2018-12-10 12:34:01', 1),
(44, 2, 3, 2, 94, 5, '2018-12-10 12:34:01', 1),
(45, 2, 4, 2, 91, 5, '2018-12-10 12:34:01', 1),
(46, 2, 6, 2, 99, 5, '2018-12-10 12:34:01', 1),
(47, 2, 7, 2, 90, 5, '2018-12-10 12:34:02', 1),
(48, 2, 1, 2, 43, 5, '2018-12-10 12:34:27', 1),
(49, 2, 2, 2, 23, 5, '2018-12-10 12:34:27', 1),
(50, 2, 3, 2, 8, 5, '2018-12-10 12:34:27', 1),
(51, 2, 4, 2, 2, 5, '2018-12-10 12:34:27', 1),
(52, 3, 1, 1, 111, 5, '2018-12-10 12:34:51', 1),
(53, 3, 2, 1, 140, 5, '2018-12-10 12:34:51', 1),
(54, 3, 3, 1, 98, 5, '2018-12-10 12:34:52', 1),
(55, 3, 4, 1, 110, 5, '2018-12-10 12:34:52', 1),
(56, 3, 6, 1, 105, 5, '2018-12-10 12:34:52', 1),
(57, 3, 7, 1, 96, 5, '2018-12-10 12:34:52', 1),
(58, 3, 1, 2, 78, 5, '2018-12-10 12:35:26', 1),
(59, 3, 2, 2, 40, 5, '2018-12-10 12:35:27', 1),
(60, 3, 3, 2, 140, 5, '2018-12-10 12:35:27', 1),
(61, 3, 4, 2, 110, 5, '2018-12-10 12:35:27', 1),
(62, 3, 6, 2, 107, 5, '2018-12-10 12:35:27', 1),
(63, 3, 7, 2, 109, 5, '2018-12-10 12:35:27', 1),
(64, 4, 1, 1, 87, 5, '2018-12-10 12:35:58', 1),
(65, 4, 2, 1, 34, 5, '2018-12-10 12:35:58', 1),
(66, 4, 3, 1, 110, 5, '2018-12-10 12:35:59', 1),
(67, 4, 4, 1, 67, 5, '2018-12-10 12:35:59', 1),
(68, 4, 6, 1, 34, 5, '2018-12-10 12:35:59', 1),
(69, 4, 7, 1, 10, 5, '2018-12-10 12:35:59', 1),
(70, 4, 1, 2, 98, 5, '2018-12-10 12:37:12', 1),
(71, 4, 2, 2, 79, 5, '2018-12-10 12:37:12', 1),
(72, 4, 3, 2, 92, 5, '2018-12-10 12:37:12', 1),
(73, 4, 4, 2, 110, 5, '2018-12-10 12:37:12', 1),
(74, 4, 6, 2, 108, 5, '2018-12-10 12:37:12', 1),
(75, 4, 7, 2, 139, 5, '2018-12-10 12:37:12', 1),
(76, 4, 1, 2, 32, 5, '2018-12-10 12:37:41', 1),
(77, 4, 2, 2, 23, 5, '2018-12-10 12:37:41', 1),
(78, 4, 3, 2, 15, 5, '2018-12-10 12:37:41', 1),
(79, 4, 4, 2, 21, 5, '2018-12-10 12:37:41', 1),
(80, 4, 6, 2, 43, 5, '2018-12-10 12:37:41', 1),
(81, 4, 7, 2, 46, 5, '2018-12-10 12:37:41', 1),
(82, 5, 1, 1, 54, 5, '2018-12-10 12:38:18', 1),
(83, 5, 2, 1, 115, 5, '2018-12-10 12:38:18', 1),
(84, 5, 3, 1, 130, 5, '2018-12-10 12:38:18', 1),
(85, 5, 4, 1, 80, 5, '2018-12-10 12:38:18', 1),
(86, 5, 6, 1, 99, 5, '2018-12-10 12:38:18', 1),
(87, 5, 7, 1, 132, 5, '2018-12-10 12:38:18', 1),
(88, 5, 1, 2, 132, 5, '2018-12-10 12:39:08', 1),
(89, 5, 2, 2, 110, 5, '2018-12-10 12:39:09', 1),
(90, 5, 3, 2, 104, 5, '2018-12-10 12:39:09', 1),
(91, 5, 4, 2, 100, 5, '2018-12-10 12:39:09', 1),
(92, 5, 6, 2, 99, 5, '2018-12-10 12:39:09', 1),
(93, 5, 7, 2, 58, 5, '2018-12-10 12:39:09', 1),
(94, 6, 1, 1, 132, 5, '2018-12-10 12:39:43', 1),
(95, 6, 2, 1, 110, 5, '2018-12-10 12:39:43', 1),
(96, 6, 3, 1, 108, 5, '2018-12-10 12:39:43', 1),
(97, 6, 4, 1, 98, 5, '2018-12-10 12:39:43', 1),
(98, 6, 6, 1, 143, 5, '2018-12-10 12:39:43', 1),
(99, 6, 7, 1, 29, 5, '2018-12-10 12:39:44', 1),
(100, 6, 1, 2, 87, 5, '2018-12-10 12:40:29', 1),
(101, 6, 2, 2, 78, 5, '2018-12-10 12:40:29', 1),
(102, 6, 3, 2, 88, 5, '2018-12-10 12:40:29', 1),
(103, 6, 4, 2, 80, 5, '2018-12-10 12:40:29', 1),
(104, 6, 6, 2, 63, 5, '2018-12-10 12:40:30', 1),
(105, 7, 1, 1, 85, 5, '2018-12-11 11:16:29', 1),
(106, 7, 2, 1, 89, 5, '2018-12-11 11:16:30', 1),
(107, 7, 3, 1, 84, 5, '2018-12-11 11:16:30', 1),
(108, 7, 4, 1, 80, 5, '2018-12-11 11:16:30', 1),
(109, 7, 6, 1, 81, 5, '2018-12-11 11:16:30', 1),
(110, 7, 7, 1, 87, 5, '2018-12-11 11:16:30', 1),
(111, 7, 1, 1, 45, 5, '2018-12-11 11:16:52', 1),
(112, 7, 2, 1, 42, 5, '2018-12-11 11:16:52', 1),
(113, 7, 3, 1, 40, 5, '2018-12-11 11:16:52', 1),
(114, 7, 4, 1, 17, 5, '2018-12-11 11:16:53', 1),
(115, 7, 1, 2, 68, 5, '2018-12-11 11:17:10', 1),
(116, 7, 2, 2, 58, 5, '2018-12-11 11:17:10', 1),
(117, 7, 3, 2, 87, 5, '2018-12-11 11:17:11', 1),
(118, 7, 4, 2, 89, 5, '2018-12-11 11:17:11', 1),
(119, 7, 6, 2, 84, 5, '2018-12-11 11:17:11', 1),
(120, 7, 7, 2, 35, 5, '2018-12-11 11:17:11', 1),
(121, 7, 1, 3, 101, 5, '2018-12-11 11:17:49', 1),
(122, 7, 2, 3, 125, 5, '2018-12-11 11:17:49', 1),
(123, 7, 3, 3, 114, 5, '2018-12-11 11:17:50', 1),
(124, 7, 4, 3, 80, 5, '2018-12-11 11:17:50', 1),
(125, 7, 6, 3, 89, 5, '2018-12-11 11:17:50', 1),
(126, 7, 7, 3, 95, 5, '2018-12-11 11:17:50', 1);

-- --------------------------------------------------------

--
-- Estructura de tabla para la tabla `detalle_cliente`
--

CREATE TABLE `detalle_cliente` (
  `id_detalle_cliente` int(11) NOT NULL,
  `nombre` varchar(1000) COLLATE utf8_bin NOT NULL,
  `direccion` varchar(1000) COLLATE utf8_bin NOT NULL,
  `provincia` varchar(1000) COLLATE utf8_bin NOT NULL,
  `codigo_pais` varchar(2) COLLATE utf8_bin NOT NULL,
  `telefono` varchar(250) COLLATE utf8_bin NOT NULL,
  `ruc` varchar(250) COLLATE utf8_bin NOT NULL,
  `correo` varchar(100) COLLATE utf8_bin NOT NULL,
  `fecha_registro` datetime NOT NULL DEFAULT CURRENT_TIMESTAMP,
  `estado` tinyint(1) NOT NULL DEFAULT '1',
  `id_cliente` int(11) NOT NULL
) ENGINE=InnoDB DEFAULT CHARSET=utf8 COLLATE=utf8_bin;

--
-- Volcado de datos para la tabla `detalle_cliente`
--

INSERT INTO `detalle_cliente` (`id_detalle_cliente`, `nombre`, `direccion`, `provincia`, `codigo_pais`, `telefono`, `ruc`, `correo`, `fecha_registro`, `estado`, `id_cliente`) VALUES
(1, 'Julian', 'Buen cliente', 'Quito', 'EC', '094858785', '95846251514275', 'julian@gmail.com', '2018-12-17 14:08:39', 1, 1),
(2, 'Pedro', 'Segundo cliente', 'Guayaquil', 'EC', '9578428618', '36874125849', 'perdo@gmail.com', '2018-12-17 15:22:25', 1, 2);

-- --------------------------------------------------------

--
-- Estructura de tabla para la tabla `detalle_cliente_contacto`
--

CREATE TABLE `detalle_cliente_contacto` (
  `id_detalle_cliente_contacto` int(11) NOT NULL,
  `id_detalle_cliente` int(11) NOT NULL,
  `id_contacto` int(11) NOT NULL,
  `estado` tinyint(1) NOT NULL DEFAULT '1'
) ENGINE=InnoDB DEFAULT CHARSET=utf8 COLLATE=utf8_bin;

-- --------------------------------------------------------

--
-- Estructura de tabla para la tabla `detalle_empaque`
--

CREATE TABLE `detalle_empaque` (
  `id_detalle_empaque` int(11) NOT NULL,
  `id_empaque` int(11) NOT NULL,
  `id_variedad` int(11) NOT NULL,
  `id_clasificacion_ramo` int(11) NOT NULL,
  `cantidad` int(10) NOT NULL,
  `estado` tinyint(1) NOT NULL DEFAULT '1',
  `fecha_registro` datetime NOT NULL DEFAULT CURRENT_TIMESTAMP
) ENGINE=InnoDB DEFAULT CHARSET=utf8 COLLATE=utf8_bin;

--
-- Volcado de datos para la tabla `detalle_empaque`
--

INSERT INTO `detalle_empaque` (`id_detalle_empaque`, `id_empaque`, `id_variedad`, `id_clasificacion_ramo`, `cantidad`, `estado`, `fecha_registro`) VALUES
(1, 4, 1, 1, 50, 1, '2018-12-17 15:12:33'),
(2, 4, 1, 2, 50, 1, '2018-12-17 15:12:33'),
(3, 4, 1, 3, 50, 1, '2018-12-17 15:12:33'),
(4, 4, 1, 4, 50, 1, '2018-12-17 15:12:33'),
(5, 4, 1, 5, 50, 1, '2018-12-17 15:12:34'),
(6, 4, 1, 6, 50, 1, '2018-12-17 15:12:34'),
(7, 4, 2, 1, 50, 1, '2018-12-17 15:12:34'),
(8, 4, 2, 2, 50, 1, '2018-12-17 15:12:34'),
(9, 4, 2, 3, 50, 1, '2018-12-17 15:12:34'),
(10, 4, 2, 4, 50, 1, '2018-12-17 15:12:34'),
(11, 4, 2, 5, 50, 1, '2018-12-17 15:12:34'),
(12, 4, 2, 6, 50, 1, '2018-12-17 15:12:34'),
(13, 4, 3, 1, 50, 1, '2018-12-17 15:16:29'),
(14, 4, 3, 2, 50, 1, '2018-12-17 15:16:29'),
(15, 4, 3, 3, 50, 1, '2018-12-17 15:16:29'),
(16, 4, 3, 4, 50, 1, '2018-12-17 15:16:29'),
(17, 4, 3, 5, 50, 1, '2018-12-17 15:16:29'),
(18, 4, 3, 6, 50, 1, '2018-12-17 15:16:29'),
(19, 2, 1, 1, 50, 1, '2018-12-17 15:18:00'),
(20, 2, 1, 2, 50, 1, '2018-12-17 15:18:00'),
(21, 2, 1, 3, 50, 1, '2018-12-17 15:18:00'),
(22, 2, 1, 4, 50, 1, '2018-12-17 15:18:00'),
(23, 2, 1, 5, 50, 1, '2018-12-17 15:18:00'),
(24, 2, 1, 6, 50, 1, '2018-12-17 15:18:00'),
(25, 2, 2, 2, 50, 1, '2018-12-17 15:18:00'),
(26, 2, 2, 3, 50, 1, '2018-12-17 15:18:00'),
(27, 2, 2, 4, 50, 1, '2018-12-17 15:18:01'),
(28, 2, 2, 5, 50, 1, '2018-12-17 15:18:01'),
(29, 2, 2, 6, 50, 1, '2018-12-17 15:18:01'),
(30, 2, 2, 1, 50, 1, '2018-12-17 15:18:01'),
(31, 3, 1, 1, 50, 1, '2018-12-17 15:19:10'),
(32, 3, 1, 2, 50, 1, '2018-12-17 15:19:11'),
(33, 3, 1, 3, 50, 1, '2018-12-17 15:19:11'),
(34, 3, 1, 4, 50, 1, '2018-12-17 15:19:11'),
(35, 3, 1, 5, 50, 1, '2018-12-17 15:19:11'),
(36, 3, 1, 6, 50, 1, '2018-12-17 15:19:11'),
(37, 3, 2, 1, 50, 1, '2018-12-17 15:19:11'),
(38, 3, 2, 2, 50, 1, '2018-12-17 15:19:11'),
(39, 3, 2, 3, 50, 1, '2018-12-17 15:19:11'),
(40, 3, 2, 4, 50, 1, '2018-12-17 15:19:11'),
(41, 3, 2, 5, 50, 1, '2018-12-17 15:19:11'),
(42, 3, 2, 6, 50, 1, '2018-12-17 15:19:11'),
(43, 1, 1, 1, 50, 1, '2018-12-17 15:20:12'),
(44, 1, 1, 2, 50, 1, '2018-12-17 15:20:13'),
(45, 1, 1, 3, 50, 1, '2018-12-17 15:20:13'),
(46, 1, 1, 4, 50, 1, '2018-12-17 15:20:13'),
(47, 1, 1, 5, 50, 1, '2018-12-17 15:20:13'),
(48, 1, 1, 6, 50, 1, '2018-12-17 15:20:13'),
(49, 1, 2, 1, 50, 1, '2018-12-17 15:20:13'),
(50, 1, 2, 2, 50, 1, '2018-12-17 15:20:13'),
(51, 1, 2, 3, 50, 1, '2018-12-17 15:20:13'),
(52, 1, 2, 4, 50, 1, '2018-12-17 15:20:13'),
(53, 1, 2, 5, 50, 1, '2018-12-17 15:20:13'),
(54, 1, 2, 6, 50, 1, '2018-12-17 15:20:13');

-- --------------------------------------------------------

--
-- Estructura de tabla para la tabla `detalle_envio`
--

CREATE TABLE `detalle_envio` (
  `id_detalle_envio` int(11) NOT NULL,
  `id_envio` int(11) NOT NULL,
  `id_especificacion` int(11) NOT NULL,
  `id_agencia_transporte` int(11) NOT NULL,
  `cantidad` int(11) NOT NULL,
  `fecha_registro` datetime NOT NULL,
  `envio` int(11) NOT NULL,
  `estado` tinyint(1) NOT NULL
) ENGINE=InnoDB DEFAULT CHARSET=latin1;

-- --------------------------------------------------------

--
-- Estructura de tabla para la tabla `detalle_especificacionempaque`
--

CREATE TABLE `detalle_especificacionempaque` (
  `id_detalle_especificacionempaque` int(11) NOT NULL,
  `id_especificacion_empaque` int(11) NOT NULL,
  `id_variedad` int(11) NOT NULL,
  `id_clasificacion_ramo` int(11) NOT NULL,
  `cantidad` int(11) NOT NULL,
  `id_empaque_e` int(11) NOT NULL,
  `id_empaque_p` int(11) NOT NULL,
  `estado` tinyint(1) NOT NULL DEFAULT '1',
  `fecha_registro` datetime NOT NULL DEFAULT CURRENT_TIMESTAMP,
  `tallos_x_ramos` int(11) DEFAULT NULL
) ENGINE=InnoDB DEFAULT CHARSET=utf8 COLLATE=utf8_bin;

--
-- Volcado de datos para la tabla `detalle_especificacionempaque`
--

INSERT INTO `detalle_especificacionempaque` (`id_detalle_especificacionempaque`, `id_especificacion_empaque`, `id_variedad`, `id_clasificacion_ramo`, `cantidad`, `id_empaque_e`, `id_empaque_p`, `estado`, `fecha_registro`, `tallos_x_ramos`) VALUES
(2, 6, 1, 4, 20, 5, 7, 1, '2018-12-17 15:29:19', NULL),
(3, 7, 1, 3, 15, 5, 7, 1, '2018-12-17 15:30:47', 25),
(4, 8, 1, 1, 25, 5, 8, 1, '2018-12-17 15:46:57', NULL),
(5, 9, 1, 4, 34, 6, 8, 1, '2018-12-17 15:50:08', 20),
(6, 10, 1, 5, 15, 5, 7, 1, '2018-12-17 16:39:35', 25),
(7, 11, 1, 4, 10, 5, 8, 1, '2018-12-17 16:51:42', NULL);

-- --------------------------------------------------------

--
-- Estructura de tabla para la tabla `detalle_pedido`
--

CREATE TABLE `detalle_pedido` (
  `id_detalle_pedido` int(11) NOT NULL,
  `id_cliente_especificacion` int(11) NOT NULL,
  `id_pedido` int(11) NOT NULL,
  `id_agencia_carga` int(11) NOT NULL,
  `cantidad` int(11) NOT NULL,
  `estado` tinyint(1) NOT NULL DEFAULT '1',
  `fecha_registro` datetime NOT NULL DEFAULT CURRENT_TIMESTAMP
) ENGINE=InnoDB DEFAULT CHARSET=utf8 COLLATE=utf8_bin;

--
-- Volcado de datos para la tabla `detalle_pedido`
--

INSERT INTO `detalle_pedido` (`id_detalle_pedido`, `id_cliente_especificacion`, `id_pedido`, `id_agencia_carga`, `cantidad`, `estado`, `fecha_registro`) VALUES
(1, 1, 1, 5, 1, 1, '2018-12-17 16:13:55'),
(2, 1, 2, 5, 1, 1, '2018-12-17 16:13:55'),
(3, 1, 3, 5, 1, 1, '2018-12-17 16:13:55'),
(4, 1, 4, 5, 1, 1, '2018-12-17 16:13:55'),
(5, 1, 5, 5, 1, 1, '2018-12-17 16:13:56'),
(6, 1, 6, 5, 1, 1, '2018-12-17 16:13:56'),
(7, 1, 7, 5, 1, 1, '2018-12-17 16:13:56'),
(8, 1, 8, 5, 1, 1, '2018-12-17 16:13:56'),
(9, 1, 9, 5, 1, 1, '2018-12-17 16:13:56'),
(10, 1, 10, 5, 1, 1, '2018-12-17 16:13:56'),
(11, 1, 11, 5, 1, 1, '2018-12-17 16:13:56'),
(12, 1, 12, 5, 1, 1, '2018-12-17 16:13:56'),
(13, 1, 13, 5, 1, 1, '2018-12-17 16:13:56'),
(14, 1, 14, 5, 1, 1, '2018-12-17 16:13:56'),
(15, 1, 15, 5, 1, 1, '2018-12-17 16:13:57'),
(16, 1, 16, 5, 1, 1, '2018-12-17 16:13:57'),
(17, 1, 17, 5, 1, 1, '2018-12-17 16:13:57'),
(18, 1, 18, 5, 1, 1, '2018-12-17 16:13:57'),
(19, 1, 19, 5, 1, 1, '2018-12-17 16:13:57'),
(20, 1, 20, 5, 1, 1, '2018-12-17 16:13:57'),
(21, 1, 21, 5, 1, 1, '2018-12-17 16:13:57'),
(22, 1, 22, 5, 1, 1, '2018-12-17 16:13:57'),
(23, 1, 23, 5, 1, 1, '2018-12-17 16:13:58'),
(24, 1, 24, 5, 1, 1, '2018-12-17 16:13:58'),
(25, 1, 25, 5, 1, 1, '2018-12-17 16:13:58'),
(26, 1, 26, 5, 1, 1, '2018-12-17 16:13:58'),
(27, 1, 27, 5, 1, 1, '2018-12-17 16:13:58'),
(28, 1, 28, 5, 1, 1, '2018-12-17 16:13:58'),
(29, 1, 29, 5, 1, 1, '2018-12-17 16:13:58'),
(30, 1, 30, 5, 1, 1, '2018-12-17 16:13:58'),
(31, 1, 31, 5, 1, 1, '2018-12-17 16:13:58'),
(32, 1, 32, 5, 1, 1, '2018-12-17 16:13:58'),
(33, 1, 33, 5, 1, 1, '2018-12-17 16:13:58'),
(34, 1, 34, 5, 1, 1, '2018-12-17 16:13:58'),
(35, 1, 35, 5, 1, 1, '2018-12-17 16:13:59'),
(36, 1, 36, 5, 1, 1, '2018-12-17 16:13:59'),
(37, 1, 37, 5, 1, 1, '2018-12-17 16:13:59'),
(38, 1, 38, 5, 1, 1, '2018-12-17 16:13:59'),
(39, 1, 39, 5, 1, 1, '2018-12-17 16:13:59'),
(40, 1, 40, 5, 1, 1, '2018-12-17 16:13:59'),
(41, 1, 41, 5, 1, 1, '2018-12-17 16:13:59'),
(42, 1, 42, 5, 1, 1, '2018-12-17 16:13:59'),
(43, 1, 43, 5, 1, 1, '2018-12-17 16:13:59'),
(44, 1, 44, 5, 1, 1, '2018-12-17 16:13:59'),
(45, 1, 45, 5, 1, 1, '2018-12-17 16:13:59'),
(46, 1, 46, 5, 1, 1, '2018-12-17 16:13:59'),
(47, 1, 47, 5, 1, 1, '2018-12-17 16:13:59'),
(48, 1, 48, 5, 1, 1, '2018-12-17 16:14:00'),
(49, 1, 49, 5, 1, 1, '2018-12-17 16:14:00'),
(50, 1, 50, 5, 1, 1, '2018-12-17 16:14:00'),
(51, 1, 51, 5, 1, 1, '2018-12-17 16:14:00'),
(52, 1, 52, 5, 1, 1, '2018-12-17 16:14:00'),
(53, 1, 53, 5, 1, 1, '2018-12-17 16:14:00'),
(54, 3, 54, 8, 2, 1, '2018-12-17 16:15:30'),
(55, 3, 55, 8, 2, 1, '2018-12-17 16:15:30'),
(56, 3, 56, 8, 2, 1, '2018-12-17 16:15:30'),
(57, 3, 57, 8, 2, 1, '2018-12-17 16:15:30'),
(58, 3, 58, 8, 2, 1, '2018-12-17 16:15:30'),
(59, 3, 59, 8, 2, 1, '2018-12-17 16:15:31'),
(60, 3, 60, 8, 2, 1, '2018-12-17 16:15:31'),
(61, 3, 61, 8, 2, 1, '2018-12-17 16:15:31'),
(62, 3, 62, 8, 2, 1, '2018-12-17 16:15:31'),
(63, 3, 63, 8, 2, 1, '2018-12-17 16:15:31'),
(64, 3, 64, 8, 2, 1, '2018-12-17 16:15:31'),
(65, 3, 65, 8, 2, 1, '2018-12-17 16:15:31'),
(66, 3, 66, 8, 2, 1, '2018-12-17 16:15:31'),
(67, 3, 67, 8, 2, 1, '2018-12-17 16:15:31'),
(68, 3, 68, 8, 2, 1, '2018-12-17 16:15:32'),
(69, 3, 69, 8, 2, 1, '2018-12-17 16:15:32'),
(70, 3, 70, 8, 2, 1, '2018-12-17 16:15:32'),
(71, 3, 71, 8, 2, 1, '2018-12-17 16:15:32'),
(72, 3, 72, 8, 2, 1, '2018-12-17 16:15:32'),
(73, 3, 73, 8, 2, 1, '2018-12-17 16:15:32'),
(74, 3, 74, 8, 2, 1, '2018-12-17 16:15:32'),
(75, 3, 75, 8, 2, 1, '2018-12-17 16:15:32'),
(76, 3, 76, 8, 2, 1, '2018-12-17 16:15:32'),
(77, 3, 77, 8, 2, 1, '2018-12-17 16:15:32'),
(78, 3, 78, 8, 2, 1, '2018-12-17 16:15:32'),
(79, 3, 79, 8, 2, 1, '2018-12-17 16:15:32'),
(80, 2, 80, 4, 1, 1, '2018-12-17 16:17:07'),
(81, 2, 81, 4, 1, 1, '2018-12-17 16:17:07'),
(82, 2, 82, 4, 1, 1, '2018-12-17 16:17:07'),
(83, 2, 83, 4, 1, 1, '2018-12-17 16:17:07'),
(84, 2, 84, 4, 1, 1, '2018-12-17 16:17:08'),
(85, 2, 85, 4, 1, 1, '2018-12-17 16:17:08'),
(86, 2, 86, 4, 1, 1, '2018-12-17 16:17:08'),
(87, 2, 87, 4, 1, 1, '2018-12-17 16:17:08'),
(88, 2, 88, 4, 1, 1, '2018-12-17 16:17:08'),
(89, 2, 89, 4, 1, 1, '2018-12-17 16:17:08'),
(90, 2, 90, 4, 1, 1, '2018-12-17 16:17:08'),
(91, 2, 91, 4, 1, 1, '2018-12-17 16:17:08'),
(92, 2, 92, 4, 1, 1, '2018-12-17 16:17:09'),
(93, 2, 93, 4, 1, 1, '2018-12-17 16:17:09'),
(94, 2, 94, 4, 1, 1, '2018-12-17 16:17:09'),
(95, 2, 95, 4, 1, 1, '2018-12-17 16:17:09'),
(96, 2, 96, 4, 1, 1, '2018-12-17 16:17:09'),
(97, 2, 97, 4, 1, 1, '2018-12-17 16:17:09'),
(98, 2, 98, 4, 1, 1, '2018-12-17 16:17:09'),
(99, 2, 99, 4, 1, 1, '2018-12-17 16:17:09'),
(100, 2, 100, 4, 1, 1, '2018-12-17 16:17:09'),
(101, 2, 101, 4, 1, 1, '2018-12-17 16:17:10'),
(102, 2, 102, 4, 1, 1, '2018-12-17 16:17:10'),
(103, 2, 103, 4, 1, 1, '2018-12-17 16:17:10'),
(104, 2, 104, 4, 1, 1, '2018-12-17 16:17:10'),
(105, 2, 105, 4, 1, 1, '2018-12-17 16:17:10'),
(106, 2, 106, 4, 1, 1, '2018-12-17 16:17:10'),
(107, 2, 107, 4, 1, 1, '2018-12-17 16:17:10'),
(108, 2, 108, 4, 1, 1, '2018-12-17 16:17:10'),
(109, 2, 109, 4, 1, 1, '2018-12-17 16:17:10'),
(110, 2, 110, 4, 1, 1, '2018-12-17 16:17:10'),
(111, 2, 111, 4, 1, 1, '2018-12-17 16:17:10'),
(112, 2, 112, 4, 1, 1, '2018-12-17 16:17:11'),
(113, 2, 113, 4, 1, 1, '2018-12-17 16:17:11'),
(114, 2, 114, 4, 1, 1, '2018-12-17 16:17:11'),
(115, 2, 115, 4, 1, 1, '2018-12-17 16:17:11'),
(116, 2, 116, 4, 1, 1, '2018-12-17 16:17:11'),
(117, 2, 117, 4, 1, 1, '2018-12-17 16:17:11'),
(118, 2, 118, 4, 1, 1, '2018-12-17 16:17:11'),
(119, 2, 119, 4, 1, 1, '2018-12-17 16:17:11'),
(120, 2, 120, 4, 1, 1, '2018-12-17 16:17:12'),
(121, 2, 121, 4, 1, 1, '2018-12-17 16:17:12'),
(122, 2, 122, 4, 1, 1, '2018-12-17 16:17:12'),
(123, 2, 123, 4, 1, 1, '2018-12-17 16:17:12'),
(124, 2, 124, 4, 1, 1, '2018-12-17 16:17:12'),
(125, 2, 125, 4, 1, 1, '2018-12-17 16:17:12'),
(126, 2, 126, 4, 1, 1, '2018-12-17 16:17:12'),
(127, 2, 127, 4, 1, 1, '2018-12-17 16:17:12'),
(128, 2, 128, 4, 1, 1, '2018-12-17 16:17:12'),
(129, 2, 129, 4, 1, 1, '2018-12-17 16:17:12'),
(130, 2, 130, 4, 1, 1, '2018-12-17 16:17:13'),
(131, 2, 131, 4, 1, 1, '2018-12-17 16:17:13'),
(132, 2, 132, 4, 1, 1, '2018-12-17 16:17:13'),
(133, 3, 133, 5, 1, 1, '2018-12-17 16:18:52'),
(134, 3, 134, 5, 1, 1, '2018-12-17 16:18:52'),
(135, 3, 135, 5, 1, 1, '2018-12-17 16:18:52'),
(136, 3, 136, 5, 1, 1, '2018-12-17 16:18:52'),
(137, 3, 137, 5, 1, 1, '2018-12-17 16:18:52'),
(138, 3, 138, 5, 1, 1, '2018-12-17 16:18:52'),
(139, 3, 139, 5, 1, 1, '2018-12-17 16:18:53'),
(140, 3, 140, 5, 1, 1, '2018-12-17 16:18:53'),
(141, 3, 141, 5, 1, 1, '2018-12-17 16:18:53'),
(142, 3, 142, 5, 1, 1, '2018-12-17 16:18:53'),
(143, 3, 143, 5, 1, 1, '2018-12-17 16:18:53'),
(144, 3, 144, 5, 1, 1, '2018-12-17 16:18:53'),
(145, 3, 145, 5, 1, 1, '2018-12-17 16:18:53'),
(146, 3, 146, 5, 1, 1, '2018-12-17 16:18:53'),
(147, 3, 147, 5, 1, 1, '2018-12-17 16:18:53'),
(148, 3, 148, 5, 1, 1, '2018-12-17 16:18:54'),
(149, 3, 149, 5, 1, 1, '2018-12-17 16:18:54'),
(150, 3, 150, 5, 1, 1, '2018-12-17 16:18:54'),
(151, 3, 151, 5, 1, 1, '2018-12-17 16:18:54'),
(152, 3, 152, 5, 1, 1, '2018-12-17 16:18:54'),
(153, 3, 153, 5, 1, 1, '2018-12-17 16:18:54'),
(154, 3, 154, 5, 1, 1, '2018-12-17 16:18:54'),
(155, 3, 155, 5, 1, 1, '2018-12-17 16:18:54'),
(156, 3, 156, 5, 1, 1, '2018-12-17 16:18:55'),
(157, 3, 157, 5, 1, 1, '2018-12-17 16:18:55'),
(158, 3, 158, 5, 1, 1, '2018-12-17 16:18:55'),
(159, 3, 159, 5, 1, 1, '2018-12-17 16:18:55'),
(160, 3, 160, 5, 1, 1, '2018-12-17 16:18:55'),
(161, 3, 161, 5, 1, 1, '2018-12-17 16:18:55'),
(162, 3, 162, 5, 1, 1, '2018-12-17 16:18:55'),
(163, 3, 163, 5, 1, 1, '2018-12-17 16:18:55'),
(164, 3, 164, 5, 1, 1, '2018-12-17 16:18:55'),
(165, 3, 165, 5, 1, 1, '2018-12-17 16:18:55'),
(166, 3, 166, 5, 1, 1, '2018-12-17 16:18:56'),
(167, 3, 167, 5, 1, 1, '2018-12-17 16:18:56'),
(168, 3, 168, 5, 1, 1, '2018-12-17 16:18:56'),
(169, 3, 169, 5, 1, 1, '2018-12-17 16:18:56'),
(170, 3, 170, 5, 1, 1, '2018-12-17 16:18:56'),
(171, 3, 171, 5, 1, 1, '2018-12-17 16:18:56'),
(172, 3, 172, 5, 1, 1, '2018-12-17 16:18:56'),
(173, 3, 173, 5, 1, 1, '2018-12-17 16:18:56'),
(174, 3, 174, 5, 1, 1, '2018-12-17 16:18:56'),
(175, 3, 175, 5, 1, 1, '2018-12-17 16:18:56'),
(176, 3, 176, 5, 1, 1, '2018-12-17 16:18:56'),
(177, 3, 177, 5, 1, 1, '2018-12-17 16:18:56'),
(178, 3, 178, 5, 1, 1, '2018-12-17 16:18:56'),
(179, 3, 179, 5, 1, 1, '2018-12-17 16:18:57'),
(180, 3, 180, 5, 1, 1, '2018-12-17 16:18:57'),
(181, 3, 181, 5, 1, 1, '2018-12-17 16:18:57'),
(182, 3, 182, 5, 1, 1, '2018-12-17 16:18:57'),
(183, 3, 183, 5, 1, 1, '2018-12-17 16:18:57'),
(184, 3, 184, 5, 1, 1, '2018-12-17 16:18:57'),
(185, 1, 185, 8, 2, 1, '2018-12-17 16:20:40'),
(186, 1, 186, 8, 2, 1, '2018-12-17 16:20:40'),
(187, 1, 187, 8, 2, 1, '2018-12-17 16:20:40'),
(188, 1, 188, 8, 2, 1, '2018-12-17 16:20:40'),
(189, 1, 189, 8, 2, 1, '2018-12-17 16:20:41'),
(190, 1, 190, 8, 2, 1, '2018-12-17 16:20:41'),
(191, 1, 191, 8, 2, 1, '2018-12-17 16:20:41'),
(192, 1, 192, 8, 2, 1, '2018-12-17 16:20:41'),
(193, 1, 193, 8, 2, 1, '2018-12-17 16:20:41'),
(194, 1, 194, 8, 2, 1, '2018-12-17 16:20:41'),
(195, 1, 195, 8, 2, 1, '2018-12-17 16:20:41'),
(196, 1, 196, 8, 2, 1, '2018-12-17 16:20:41'),
(197, 1, 197, 8, 2, 1, '2018-12-17 16:20:41'),
(198, 1, 198, 8, 2, 1, '2018-12-17 16:20:41'),
(199, 1, 199, 8, 2, 1, '2018-12-17 16:20:41'),
(200, 1, 200, 8, 2, 1, '2018-12-17 16:20:42'),
(201, 1, 201, 8, 2, 1, '2018-12-17 16:20:42'),
(202, 1, 202, 8, 2, 1, '2018-12-17 16:20:42'),
(203, 1, 203, 8, 2, 1, '2018-12-17 16:20:42'),
(204, 1, 204, 8, 2, 1, '2018-12-17 16:20:42'),
(205, 1, 205, 8, 2, 1, '2018-12-17 16:20:42'),
(206, 1, 206, 8, 2, 1, '2018-12-17 16:20:42'),
(207, 1, 207, 8, 2, 1, '2018-12-17 16:20:42'),
(208, 1, 208, 8, 2, 1, '2018-12-17 16:20:42'),
(209, 1, 209, 8, 2, 1, '2018-12-17 16:20:43'),
(210, 1, 210, 8, 2, 1, '2018-12-17 16:20:43'),
(211, 4, 211, 4, 1, 1, '2018-12-17 16:22:00'),
(212, 4, 212, 4, 1, 1, '2018-12-17 16:22:00'),
(213, 4, 213, 4, 1, 1, '2018-12-17 16:22:00'),
(214, 4, 214, 4, 1, 1, '2018-12-17 16:22:00'),
(215, 4, 215, 4, 1, 1, '2018-12-17 16:22:00'),
(216, 4, 216, 4, 1, 1, '2018-12-17 16:22:01'),
(217, 4, 217, 4, 1, 1, '2018-12-17 16:22:01'),
(218, 4, 218, 4, 1, 1, '2018-12-17 16:22:01'),
(219, 4, 219, 4, 1, 1, '2018-12-17 16:22:01'),
(220, 4, 220, 4, 1, 1, '2018-12-17 16:22:01'),
(221, 4, 221, 4, 1, 1, '2018-12-17 16:22:01'),
(222, 4, 222, 4, 1, 1, '2018-12-17 16:22:01'),
(223, 4, 223, 4, 1, 1, '2018-12-17 16:22:01'),
(224, 4, 224, 4, 1, 1, '2018-12-17 16:22:02'),
(225, 4, 225, 4, 1, 1, '2018-12-17 16:22:02'),
(226, 4, 226, 4, 1, 1, '2018-12-17 16:22:02'),
(227, 4, 227, 4, 1, 1, '2018-12-17 16:22:02'),
(228, 4, 228, 4, 1, 1, '2018-12-17 16:22:02'),
(229, 4, 229, 4, 1, 1, '2018-12-17 16:22:02'),
(230, 4, 230, 4, 1, 1, '2018-12-17 16:22:02'),
(231, 4, 231, 4, 1, 1, '2018-12-17 16:22:02'),
(232, 4, 232, 4, 1, 1, '2018-12-17 16:22:02'),
(233, 4, 233, 4, 1, 1, '2018-12-17 16:22:03'),
(234, 4, 234, 4, 1, 1, '2018-12-17 16:22:03'),
(235, 4, 235, 4, 1, 1, '2018-12-17 16:22:03'),
(236, 4, 236, 4, 1, 1, '2018-12-17 16:22:03'),
(237, 5, 237, 3, 2, 1, '2018-12-17 16:27:30'),
(238, 5, 238, 3, 2, 1, '2018-12-17 16:27:30'),
(239, 5, 239, 3, 2, 1, '2018-12-17 16:27:30'),
(240, 5, 240, 3, 2, 1, '2018-12-17 16:27:30'),
(241, 5, 241, 3, 2, 1, '2018-12-17 16:27:30'),
(242, 5, 242, 3, 2, 1, '2018-12-17 16:27:31'),
(243, 5, 243, 3, 2, 1, '2018-12-17 16:27:31'),
(244, 5, 244, 3, 2, 1, '2018-12-17 16:27:31'),
(245, 5, 245, 3, 2, 1, '2018-12-17 16:27:31'),
(246, 5, 246, 3, 2, 1, '2018-12-17 16:27:31'),
(247, 5, 247, 3, 2, 1, '2018-12-17 16:27:31'),
(248, 5, 248, 3, 2, 1, '2018-12-17 16:27:31'),
(249, 5, 249, 3, 2, 1, '2018-12-17 16:27:31'),
(250, 5, 250, 3, 2, 1, '2018-12-17 16:27:31'),
(251, 5, 251, 3, 2, 1, '2018-12-17 16:27:31'),
(252, 5, 252, 3, 2, 1, '2018-12-17 16:27:31'),
(253, 5, 253, 3, 2, 1, '2018-12-17 16:27:32'),
(254, 5, 254, 3, 2, 1, '2018-12-17 16:27:32'),
(255, 5, 255, 3, 2, 1, '2018-12-17 16:27:32'),
(256, 5, 256, 3, 2, 1, '2018-12-17 16:27:32'),
(257, 5, 257, 3, 2, 1, '2018-12-17 16:27:32'),
(258, 5, 258, 3, 2, 1, '2018-12-17 16:27:32'),
(259, 5, 259, 3, 2, 1, '2018-12-17 16:27:33'),
(260, 5, 260, 3, 2, 1, '2018-12-17 16:27:33'),
(261, 5, 261, 3, 2, 1, '2018-12-17 16:27:33'),
(262, 5, 262, 3, 2, 1, '2018-12-17 16:27:33'),
(263, 5, 263, 3, 2, 1, '2018-12-17 16:27:33'),
(264, 5, 264, 3, 2, 1, '2018-12-17 16:27:33'),
(265, 5, 265, 3, 2, 1, '2018-12-17 16:27:33'),
(266, 5, 266, 3, 2, 1, '2018-12-17 16:27:33'),
(267, 5, 267, 3, 2, 1, '2018-12-17 16:27:33'),
(268, 5, 268, 3, 2, 1, '2018-12-17 16:27:33'),
(269, 5, 269, 3, 2, 1, '2018-12-17 16:27:33'),
(270, 5, 270, 3, 2, 1, '2018-12-17 16:27:34'),
(271, 5, 271, 3, 2, 1, '2018-12-17 16:27:34'),
(272, 5, 272, 3, 2, 1, '2018-12-17 16:27:34'),
(273, 5, 273, 3, 2, 1, '2018-12-17 16:27:34'),
(274, 5, 274, 3, 2, 1, '2018-12-17 16:27:34'),
(275, 5, 275, 3, 2, 1, '2018-12-17 16:27:34'),
(276, 5, 276, 3, 2, 1, '2018-12-17 16:27:34'),
(277, 5, 277, 3, 2, 1, '2018-12-17 16:27:34'),
(278, 5, 278, 3, 2, 1, '2018-12-17 16:27:34'),
(279, 5, 279, 3, 2, 1, '2018-12-17 16:27:34'),
(280, 5, 280, 3, 2, 1, '2018-12-17 16:27:34'),
(281, 5, 281, 3, 2, 1, '2018-12-17 16:27:35'),
(282, 5, 282, 3, 2, 1, '2018-12-17 16:27:35'),
(283, 5, 283, 3, 2, 1, '2018-12-17 16:27:35'),
(284, 5, 284, 3, 2, 1, '2018-12-17 16:27:35'),
(285, 5, 285, 3, 2, 1, '2018-12-17 16:27:35'),
(286, 5, 286, 3, 2, 1, '2018-12-17 16:27:35'),
(287, 5, 287, 3, 2, 1, '2018-12-17 16:27:35'),
(288, 5, 288, 3, 2, 1, '2018-12-17 16:27:35'),
(289, 5, 289, 3, 2, 1, '2018-12-17 16:27:35'),
(290, 5, 290, 3, 1, 1, '2018-12-17 16:31:19'),
(291, 5, 291, 3, 1, 1, '2018-12-17 16:31:19'),
(292, 5, 292, 3, 1, 1, '2018-12-17 16:31:19'),
(293, 5, 293, 3, 1, 1, '2018-12-17 16:31:19'),
(294, 5, 294, 3, 1, 1, '2018-12-17 16:31:19'),
(295, 5, 295, 3, 1, 1, '2018-12-17 16:31:20'),
(296, 5, 296, 3, 1, 1, '2018-12-17 16:31:20'),
(297, 5, 297, 3, 1, 1, '2018-12-17 16:31:20'),
(298, 5, 298, 3, 1, 1, '2018-12-17 16:31:20'),
(299, 5, 299, 3, 1, 1, '2018-12-17 16:31:20'),
(300, 5, 300, 3, 1, 1, '2018-12-17 16:31:20'),
(301, 5, 301, 3, 1, 1, '2018-12-17 16:31:20'),
(302, 5, 302, 3, 1, 1, '2018-12-17 16:31:20'),
(303, 5, 303, 3, 1, 1, '2018-12-17 16:31:21'),
(304, 5, 304, 3, 1, 1, '2018-12-17 16:31:21'),
(305, 5, 305, 3, 1, 1, '2018-12-17 16:31:21'),
(306, 5, 306, 3, 1, 1, '2018-12-17 16:31:21'),
(307, 5, 307, 3, 1, 1, '2018-12-17 16:31:21'),
(308, 5, 308, 3, 1, 1, '2018-12-17 16:31:21'),
(309, 5, 309, 3, 1, 1, '2018-12-17 16:31:21'),
(310, 5, 310, 3, 1, 1, '2018-12-17 16:31:21'),
(311, 5, 311, 3, 1, 1, '2018-12-17 16:31:21'),
(312, 5, 312, 3, 1, 1, '2018-12-17 16:31:21'),
(313, 5, 313, 3, 1, 1, '2018-12-17 16:31:21'),
(314, 5, 314, 3, 1, 1, '2018-12-17 16:31:21'),
(315, 5, 315, 3, 1, 1, '2018-12-17 16:31:22'),
(316, 5, 316, 3, 1, 1, '2018-12-17 16:31:22'),
(317, 5, 317, 3, 1, 1, '2018-12-17 16:31:22'),
(318, 5, 318, 3, 1, 1, '2018-12-17 16:31:22'),
(319, 5, 319, 3, 1, 1, '2018-12-17 16:31:22'),
(320, 5, 320, 3, 1, 1, '2018-12-17 16:31:22'),
(321, 5, 321, 3, 1, 1, '2018-12-17 16:31:22'),
(322, 5, 322, 3, 1, 1, '2018-12-17 16:31:22'),
(323, 5, 323, 3, 1, 1, '2018-12-17 16:31:23'),
(324, 5, 324, 3, 1, 1, '2018-12-17 16:31:23'),
(325, 5, 325, 3, 1, 1, '2018-12-17 16:31:23'),
(326, 5, 326, 3, 1, 1, '2018-12-17 16:31:23'),
(327, 5, 327, 3, 1, 1, '2018-12-17 16:31:23'),
(328, 5, 328, 3, 1, 1, '2018-12-17 16:31:24'),
(329, 5, 329, 3, 1, 1, '2018-12-17 16:31:24'),
(330, 5, 330, 3, 1, 1, '2018-12-17 16:31:24'),
(331, 5, 331, 3, 1, 1, '2018-12-17 16:31:24'),
(332, 5, 332, 3, 1, 1, '2018-12-17 16:31:24'),
(333, 5, 333, 3, 1, 1, '2018-12-17 16:31:24'),
(334, 5, 334, 3, 1, 1, '2018-12-17 16:31:24'),
(335, 5, 335, 3, 1, 1, '2018-12-17 16:31:25'),
(336, 5, 336, 3, 1, 1, '2018-12-17 16:31:25'),
(337, 5, 337, 3, 1, 1, '2018-12-17 16:31:25'),
(338, 5, 338, 3, 1, 1, '2018-12-17 16:31:25'),
(339, 5, 339, 3, 1, 1, '2018-12-17 16:31:25'),
(340, 5, 340, 3, 1, 1, '2018-12-17 16:31:25'),
(341, 5, 341, 3, 1, 1, '2018-12-17 16:31:26'),
(342, 5, 342, 3, 1, 1, '2018-12-17 16:31:26'),
(343, 7, 343, 5, 2, 1, '2018-12-17 16:54:29'),
(344, 7, 344, 5, 2, 1, '2018-12-17 16:54:29'),
(345, 7, 345, 5, 2, 1, '2018-12-17 16:54:30'),
(346, 7, 346, 5, 2, 1, '2018-12-17 16:54:30'),
(347, 7, 347, 5, 2, 1, '2018-12-17 16:54:30'),
(348, 7, 348, 5, 2, 1, '2018-12-17 16:54:30'),
(349, 7, 349, 5, 2, 1, '2018-12-17 16:54:30'),
(350, 7, 350, 5, 2, 1, '2018-12-17 16:54:30'),
(351, 7, 351, 5, 2, 1, '2018-12-17 16:54:30'),
(352, 7, 352, 5, 2, 1, '2018-12-17 16:54:30'),
(353, 7, 353, 5, 2, 1, '2018-12-17 16:54:30'),
(354, 7, 354, 5, 2, 1, '2018-12-17 16:54:31'),
(355, 7, 355, 5, 2, 1, '2018-12-17 16:54:31'),
(356, 7, 356, 5, 2, 1, '2018-12-17 16:54:31'),
(357, 7, 357, 5, 2, 1, '2018-12-17 16:54:31'),
(358, 7, 358, 5, 2, 1, '2018-12-17 16:54:31'),
(359, 7, 359, 5, 2, 1, '2018-12-17 16:54:31'),
(360, 7, 360, 5, 2, 1, '2018-12-17 16:54:31'),
(361, 7, 361, 5, 2, 1, '2018-12-17 16:54:32'),
(362, 7, 362, 5, 2, 1, '2018-12-17 16:54:32'),
(363, 7, 363, 5, 2, 1, '2018-12-17 16:54:32'),
(364, 7, 364, 5, 2, 1, '2018-12-17 16:54:32'),
(365, 7, 365, 5, 2, 1, '2018-12-17 16:54:32'),
(366, 7, 366, 5, 2, 1, '2018-12-17 16:54:32'),
(367, 7, 367, 5, 2, 1, '2018-12-17 16:54:32'),
(368, 7, 368, 5, 2, 1, '2018-12-17 16:54:33'),
(369, 7, 369, 5, 2, 1, '2018-12-17 16:54:33'),
(370, 7, 370, 5, 2, 1, '2018-12-17 16:54:33'),
(371, 7, 371, 5, 2, 1, '2018-12-17 16:54:33'),
(372, 7, 372, 5, 2, 1, '2018-12-17 16:54:33'),
(373, 7, 373, 5, 2, 1, '2018-12-17 16:54:33'),
(374, 7, 374, 5, 2, 1, '2018-12-17 16:54:33'),
(375, 7, 375, 5, 2, 1, '2018-12-17 16:54:33'),
(376, 7, 376, 5, 2, 1, '2018-12-17 16:54:34'),
(377, 7, 377, 5, 2, 1, '2018-12-17 16:54:34'),
(378, 7, 378, 5, 2, 1, '2018-12-17 16:54:34'),
(379, 7, 379, 5, 2, 1, '2018-12-17 16:54:34'),
(380, 7, 380, 5, 2, 1, '2018-12-17 16:54:35'),
(381, 7, 381, 5, 2, 1, '2018-12-17 16:54:35'),
(382, 7, 382, 5, 2, 1, '2018-12-17 16:54:35'),
(383, 7, 383, 5, 2, 1, '2018-12-17 16:54:35'),
(384, 7, 384, 5, 2, 1, '2018-12-17 16:54:35'),
(385, 7, 385, 5, 2, 1, '2018-12-17 16:54:35'),
(386, 7, 386, 5, 2, 1, '2018-12-17 16:54:35'),
(387, 7, 387, 5, 2, 1, '2018-12-17 16:54:35'),
(388, 7, 388, 5, 2, 1, '2018-12-17 16:54:36'),
(389, 7, 389, 5, 2, 1, '2018-12-17 16:54:36'),
(390, 7, 390, 5, 2, 1, '2018-12-17 16:54:36'),
(391, 7, 391, 5, 2, 1, '2018-12-17 16:54:36'),
(392, 7, 392, 5, 2, 1, '2018-12-17 16:54:36'),
(393, 7, 393, 5, 2, 1, '2018-12-17 16:54:36'),
(394, 7, 394, 5, 2, 1, '2018-12-17 16:54:36'),
(395, 8, 395, 3, 2, 1, '2018-12-17 18:01:26'),
(396, 8, 396, 3, 2, 1, '2018-12-17 18:01:26'),
(397, 8, 397, 3, 2, 1, '2018-12-17 18:01:26'),
(398, 8, 398, 3, 2, 1, '2018-12-17 18:01:26'),
(399, 8, 399, 3, 2, 1, '2018-12-17 18:01:26'),
(400, 8, 400, 3, 2, 1, '2018-12-17 18:01:26'),
(401, 8, 401, 3, 2, 1, '2018-12-17 18:01:27'),
(402, 8, 402, 3, 2, 1, '2018-12-17 18:01:27'),
(403, 8, 403, 3, 2, 1, '2018-12-17 18:01:27'),
(404, 8, 404, 3, 2, 1, '2018-12-17 18:01:27'),
(405, 8, 405, 3, 2, 1, '2018-12-17 18:01:27'),
(406, 8, 406, 3, 2, 1, '2018-12-17 18:01:28'),
(407, 8, 407, 3, 2, 1, '2018-12-17 18:01:28'),
(408, 8, 408, 3, 2, 1, '2018-12-17 18:01:28'),
(409, 8, 409, 3, 2, 1, '2018-12-17 18:01:28'),
(410, 8, 410, 3, 2, 1, '2018-12-17 18:01:28'),
(411, 8, 411, 3, 2, 1, '2018-12-17 18:01:28'),
(412, 8, 412, 3, 2, 1, '2018-12-17 18:01:29'),
(413, 8, 413, 3, 2, 1, '2018-12-17 18:01:29'),
(414, 8, 414, 3, 2, 1, '2018-12-17 18:01:29'),
(415, 8, 415, 3, 2, 1, '2018-12-17 18:01:29'),
(416, 8, 416, 3, 2, 1, '2018-12-17 18:01:29'),
(417, 8, 417, 3, 2, 1, '2018-12-17 18:01:29'),
(418, 8, 418, 3, 2, 1, '2018-12-17 18:01:29'),
(419, 8, 419, 3, 2, 1, '2018-12-17 18:01:29'),
(420, 8, 420, 3, 2, 1, '2018-12-17 18:01:30'),
(421, 8, 421, 3, 2, 1, '2018-12-17 18:01:30'),
(422, 8, 422, 3, 2, 1, '2018-12-17 18:01:30'),
(423, 8, 423, 3, 2, 1, '2018-12-17 18:01:30'),
(424, 8, 424, 3, 2, 1, '2018-12-17 18:01:30'),
(425, 8, 425, 3, 2, 1, '2018-12-17 18:01:30'),
(426, 8, 426, 3, 2, 1, '2018-12-17 18:01:30'),
(427, 8, 427, 3, 2, 1, '2018-12-17 18:01:31'),
(428, 8, 428, 3, 2, 1, '2018-12-17 18:01:31'),
(429, 8, 429, 3, 2, 1, '2018-12-17 18:01:31'),
(430, 8, 430, 3, 2, 1, '2018-12-17 18:01:31'),
(431, 8, 431, 3, 2, 1, '2018-12-17 18:01:31'),
(432, 8, 432, 3, 2, 1, '2018-12-17 18:01:31'),
(433, 8, 433, 3, 2, 1, '2018-12-17 18:01:31'),
(434, 8, 434, 3, 2, 1, '2018-12-17 18:01:31'),
(435, 8, 435, 3, 2, 1, '2018-12-17 18:01:32'),
(436, 8, 436, 3, 2, 1, '2018-12-17 18:01:32'),
(437, 8, 437, 3, 2, 1, '2018-12-17 18:01:32'),
(438, 8, 438, 3, 2, 1, '2018-12-17 18:01:32'),
(439, 8, 439, 3, 2, 1, '2018-12-17 18:01:32'),
(440, 8, 440, 3, 2, 1, '2018-12-17 18:01:32'),
(441, 8, 441, 3, 2, 1, '2018-12-17 18:01:32'),
(442, 8, 442, 3, 2, 1, '2018-12-17 18:01:33'),
(443, 8, 443, 3, 2, 1, '2018-12-17 18:01:33'),
(444, 8, 444, 3, 2, 1, '2018-12-17 18:01:33'),
(445, 8, 445, 3, 2, 1, '2018-12-17 18:01:33'),
(446, 8, 446, 3, 2, 1, '2018-12-17 18:01:33'),
(447, 8, 447, 3, 2, 1, '2018-12-17 18:01:33'),
(448, 8, 448, 9, 1, 1, '2018-12-17 18:10:19'),
(449, 8, 449, 9, 1, 1, '2018-12-17 18:10:19'),
(450, 8, 450, 9, 1, 1, '2018-12-17 18:10:19'),
(451, 8, 451, 9, 1, 1, '2018-12-17 18:10:20'),
(452, 8, 452, 9, 1, 1, '2018-12-17 18:10:20'),
(453, 8, 453, 9, 1, 1, '2018-12-17 18:10:20'),
(454, 8, 454, 9, 1, 1, '2018-12-17 18:10:20'),
(455, 8, 455, 9, 1, 1, '2018-12-17 18:10:20'),
(456, 8, 456, 9, 1, 1, '2018-12-17 18:10:20'),
(457, 8, 457, 9, 1, 1, '2018-12-17 18:10:20'),
(458, 8, 458, 9, 1, 1, '2018-12-17 18:10:20'),
(459, 8, 459, 9, 1, 1, '2018-12-17 18:10:21'),
(460, 6, 460, 8, 2, 1, '2018-12-17 18:13:01'),
(461, 6, 461, 8, 2, 1, '2018-12-17 18:13:01'),
(462, 6, 462, 8, 2, 1, '2018-12-17 18:13:01'),
(463, 6, 463, 8, 2, 1, '2018-12-17 18:13:01'),
(464, 6, 464, 8, 2, 1, '2018-12-17 18:13:02'),
(465, 6, 465, 8, 2, 1, '2018-12-17 18:13:02'),
(466, 6, 466, 8, 2, 1, '2018-12-17 18:13:02'),
(467, 6, 467, 8, 2, 1, '2018-12-17 18:13:02'),
(468, 6, 468, 8, 2, 1, '2018-12-17 18:13:02'),
(469, 6, 469, 8, 2, 1, '2018-12-17 18:13:02'),
(470, 6, 470, 8, 2, 1, '2018-12-17 18:13:02'),
(471, 6, 471, 8, 2, 1, '2018-12-17 18:13:02');

-- --------------------------------------------------------

--
-- Estructura de tabla para la tabla `documento`
--

CREATE TABLE `documento` (
  `id_documento` int(11) NOT NULL,
  `entidad` varchar(250) COLLATE utf8_bin NOT NULL,
  `codigo` int(11) NOT NULL,
  `nombre_campo` varchar(250) COLLATE utf8_bin NOT NULL,
  `tipo_dato` varchar(25) COLLATE utf8_bin NOT NULL COMMENT 'int, char, varchar, boolean, date, datetime',
  `int` int(11) DEFAULT NULL,
  `float` float DEFAULT NULL,
  `char` char(1) COLLATE utf8_bin DEFAULT NULL,
  `varchar` varchar(1000) COLLATE utf8_bin DEFAULT NULL,
  `boolean` tinyint(1) DEFAULT NULL,
  `date` date DEFAULT NULL,
  `datetime` datetime DEFAULT NULL,
  `descripcion` varchar(4000) COLLATE utf8_bin NOT NULL,
  `estado` tinyint(1) NOT NULL DEFAULT '1',
  `fecha_registro` datetime NOT NULL DEFAULT CURRENT_TIMESTAMP
) ENGINE=InnoDB DEFAULT CHARSET=utf8 COLLATE=utf8_bin;

-- --------------------------------------------------------

--
-- Estructura de tabla para la tabla `empaque`
--

CREATE TABLE `empaque` (
  `id_empaque` int(11) NOT NULL,
  `nombre` varchar(250) COLLATE utf8_bin NOT NULL,
  `id_configuracion_empresa` int(11) NOT NULL,
  `estado` tinyint(1) NOT NULL DEFAULT '1',
  `fecha_registro` datetime NOT NULL DEFAULT CURRENT_TIMESTAMP,
  `tipo` char(1) COLLATE utf8_bin NOT NULL DEFAULT 'C' COMMENT 'C => Caja E => Envoltura P => Presentacion'
) ENGINE=InnoDB DEFAULT CHARSET=utf8 COLLATE=utf8_bin;

--
-- Volcado de datos para la tabla `empaque`
--

INSERT INTO `empaque` (`id_empaque`, `nombre`, `id_configuracion_empresa`, `estado`, `fecha_registro`, `tipo`) VALUES
(1, 'Octavo', 1, 1, '2018-12-17 15:10:46', 'C'),
(2, 'Cuarto', 1, 1, '2018-12-17 15:10:47', 'C'),
(3, 'Half', 1, 1, '2018-12-17 15:10:47', 'C'),
(4, 'Full', 1, 1, '2018-12-17 15:10:47', 'C'),
(5, 'Capuchón', 1, 1, '2018-12-17 15:10:47', 'E'),
(6, 'Bounche', 1, 1, '2018-12-17 15:10:47', 'E'),
(7, 'Papel Blanco', 1, 1, '2018-12-17 15:10:47', 'P'),
(8, 'Plástico', 1, 1, '2018-12-17 15:10:47', 'P');

-- --------------------------------------------------------

--
-- Estructura de tabla para la tabla `envio`
--

CREATE TABLE `envio` (
  `id_envio` int(11) NOT NULL,
  `fecha_registro` datetime NOT NULL DEFAULT CURRENT_TIMESTAMP,
  `fecha_envio` datetime NOT NULL,
  `estado` tinyint(1) NOT NULL,
  `id_agencia_transporte` int(11) NOT NULL,
  `id_pedido` int(11) NOT NULL
) ENGINE=InnoDB DEFAULT CHARSET=utf8 COLLATE=utf8_bin;

-- --------------------------------------------------------

--
-- Estructura de tabla para la tabla `especificacion`
--

CREATE TABLE `especificacion` (
  `id_especificacion` int(11) NOT NULL,
  `nombre` varchar(250) COLLATE utf8_bin NOT NULL,
  `descripcion` varchar(4000) COLLATE utf8_bin NOT NULL,
  `fecha_registro` datetime NOT NULL DEFAULT CURRENT_TIMESTAMP,
  `estado` tinyint(1) NOT NULL DEFAULT '1'
) ENGINE=InnoDB DEFAULT CHARSET=utf8 COLLATE=utf8_bin;

--
-- Volcado de datos para la tabla `especificacion`
--

INSERT INTO `especificacion` (`id_especificacion`, `nombre`, `descripcion`, `fecha_registro`, `estado`) VALUES
(6, 'Combo 1', '1 Full de 20 Ramos de GLX de 1000gr', '2018-12-17 15:29:19', 1),
(7, 'Combo Especifico 1', '2 Half de 15 Ramos de GLX de 750gr de 25 tallos c/u', '2018-12-17 15:30:46', 1),
(8, 'Combo 2', '1 Half de 25 Ramos de GLX de 250gr', '2018-12-17 15:46:57', 1),
(9, 'Combo Especifico 2', '2 Full de 35 Ramos de GLX de 1000gr de 20 tallos c/u', '2018-12-17 15:50:08', 1),
(10, 'Combo Especifico 3', '2 Half de 15 Ramos de GLX de 1250gr de 25 tallos c/u', '2018-12-17 16:39:35', 1),
(11, 'Combo 3', '3 Cuartos de 10 Ramos de GLX de 1000gr', '2018-12-17 16:51:41', 1);

-- --------------------------------------------------------

--
-- Estructura de tabla para la tabla `especificacion_empaque`
--

CREATE TABLE `especificacion_empaque` (
  `id_especificacion_empaque` int(11) NOT NULL,
  `id_especificacion` int(11) NOT NULL,
  `id_empaque` int(11) NOT NULL,
  `cantidad` int(11) NOT NULL,
  `imagen` varchar(250) COLLATE utf8_bin DEFAULT NULL,
  `estado` tinyint(1) NOT NULL DEFAULT '1',
  `fecha_registro` datetime NOT NULL DEFAULT CURRENT_TIMESTAMP
) ENGINE=InnoDB DEFAULT CHARSET=utf8 COLLATE=utf8_bin;

--
-- Volcado de datos para la tabla `especificacion_empaque`
--

INSERT INTO `especificacion_empaque` (`id_especificacion_empaque`, `id_especificacion`, `id_empaque`, `cantidad`, `imagen`, `estado`, `fecha_registro`) VALUES
(6, 6, 4, 1, '', 1, '2018-12-17 15:29:19'),
(7, 7, 3, 2, '', 1, '2018-12-17 15:30:47'),
(8, 8, 3, 1, '', 1, '2018-12-17 15:46:57'),
(9, 9, 4, 2, '', 1, '2018-12-17 15:50:08'),
(10, 10, 3, 2, '', 1, '2018-12-17 16:39:35'),
(11, 11, 2, 3, '', 1, '2018-12-17 16:51:41');

-- --------------------------------------------------------

--
-- Estructura de tabla para la tabla `factura`
--

CREATE TABLE `factura` (
  `id_factura` int(11) NOT NULL,
  `id_pedido` int(11) NOT NULL,
  `estado` tinyint(1) NOT NULL DEFAULT '1',
  `fecha_registro` datetime NOT NULL DEFAULT CURRENT_TIMESTAMP,
  `fecha_ingreso` date NOT NULL
) ENGINE=InnoDB DEFAULT CHARSET=utf8 COLLATE=utf8_bin;

-- --------------------------------------------------------

--
-- Estructura de tabla para la tabla `grupo_menu`
--

CREATE TABLE `grupo_menu` (
  `id_grupo_menu` int(11) NOT NULL,
  `nombre` varchar(25) COLLATE utf8_bin NOT NULL,
  `fecha_registro` datetime NOT NULL DEFAULT CURRENT_TIMESTAMP,
  `estado` char(1) COLLATE utf8_bin NOT NULL DEFAULT 'A'
) ENGINE=InnoDB DEFAULT CHARSET=utf8 COLLATE=utf8_bin;

--
-- Volcado de datos para la tabla `grupo_menu`
--

INSERT INTO `grupo_menu` (`id_grupo_menu`, `nombre`, `fecha_registro`, `estado`) VALUES
(1, 'ADMINISTRACIÓN', '2018-10-02 09:11:52', 'A'),
(2, '3 - POSTCOCECHA', '2018-10-24 09:33:03', 'A');

-- --------------------------------------------------------

--
-- Estructura de tabla para la tabla `icono`
--

CREATE TABLE `icono` (
  `id_icono` int(11) NOT NULL,
  `nombre` varchar(250) COLLATE utf8_bin NOT NULL,
  `estado` char(1) COLLATE utf8_bin NOT NULL DEFAULT 'A'
) ENGINE=InnoDB DEFAULT CHARSET=utf8 COLLATE=utf8_bin;

--
-- Volcado de datos para la tabla `icono`
--

INSERT INTO `icono` (`id_icono`, `nombre`, `estado`) VALUES
(1, 'adjust', 'A'),
(2, 'anchor', 'A'),
(3, 'archive', 'A'),
(4, 'area-chart', 'A'),
(5, 'arrows', 'A'),
(6, 'arrows-h', 'A'),
(7, 'arrows-v', 'A'),
(8, 'asterisk', 'A'),
(9, 'at', 'A'),
(10, 'balance-scale', 'A'),
(11, 'ban', 'A'),
(12, 'bar-chart', 'A'),
(13, 'barcode', 'A'),
(14, 'bars', 'A'),
(15, 'battery-empty', 'A'),
(16, 'battery-full', 'A'),
(17, 'battery-half', 'A'),
(18, 'battery-quarter', 'A'),
(19, 'battery-three-quarters', 'A'),
(20, 'bed', 'A'),
(21, 'beer', 'A'),
(22, 'bell', 'A'),
(23, 'bell-o', 'A'),
(24, 'bell-slash', 'A'),
(25, 'bell-slash-o', 'A'),
(26, 'bicycle', 'A'),
(27, 'binoculars', 'A'),
(28, 'birthday-cake', 'A'),
(29, 'bolt', 'A'),
(30, 'bomb', 'A'),
(31, 'book', 'A'),
(32, 'bookmark', 'A'),
(33, 'bookmark-o', 'A'),
(34, 'briefcase', 'A'),
(35, 'bug', 'A'),
(36, 'building', 'A'),
(37, 'building-o', 'A'),
(38, 'bullhorn', 'A'),
(39, 'bullseye', 'A'),
(40, 'bus', 'A'),
(41, 'calculator', 'A'),
(42, 'calendar', 'A'),
(43, 'calendar-check-o', 'A'),
(44, 'calendar-minus-o', 'A'),
(45, 'calendar-o', 'A'),
(46, 'calendar-plus-o', 'A'),
(47, 'calendar-times-o', 'A'),
(48, 'camera', 'A'),
(49, 'camera-retro', 'A'),
(50, 'car', 'A'),
(51, 'caret-square-o-down', 'A'),
(52, 'caret-square-o-left', 'A'),
(53, 'caret-square-o-right', 'A'),
(54, 'caret-square-o-up', 'A'),
(55, 'cart-arrow-down', 'A'),
(56, 'cart-plus', 'A'),
(57, 'cc', 'A'),
(58, 'certificate', 'A'),
(59, 'check', 'A'),
(60, 'check-circle', 'A'),
(61, 'check-circle-o', 'A'),
(62, 'check-square', 'A'),
(63, 'check-square-o', 'A'),
(64, 'child', 'A'),
(65, 'circle', 'A'),
(66, 'circle-o', 'A'),
(67, 'circle-o-notch', 'A'),
(68, 'circle-thin', 'A'),
(69, 'clock-o', 'A'),
(70, 'clone', 'A'),
(71, 'cloud', 'A'),
(72, 'cloud-download', 'A'),
(73, 'cloud-upload', 'A'),
(74, 'code', 'A'),
(75, 'code-fork', 'A'),
(76, 'coffee', 'A'),
(77, 'cog', 'A'),
(78, 'cogs', 'A'),
(79, 'comment', 'A'),
(80, 'comment-o', 'A'),
(81, 'commenting', 'A'),
(82, 'commenting-o', 'A'),
(83, 'comments', 'A'),
(84, 'comments-o', 'A'),
(85, 'compass', 'A'),
(86, 'copyright', 'A'),
(87, 'creative-commons', 'A'),
(88, 'credit-card', 'A'),
(89, 'crop', 'A'),
(90, 'crosshairs', 'A'),
(91, 'cube', 'A'),
(92, 'cubes', 'A'),
(93, 'cutlery', 'A'),
(94, 'database', 'A'),
(95, 'desktop', 'A'),
(96, 'diamond', 'A'),
(97, 'dot-circle-o', 'A'),
(98, 'download', 'A'),
(99, 'ellipsis-h', 'A'),
(100, 'ellipsis-v', 'A'),
(101, 'envelope', 'A'),
(102, 'envelope-o', 'A'),
(103, 'envelope-square', 'A'),
(104, 'eraser', 'A'),
(105, 'exchange', 'A'),
(106, 'exclamation', 'A'),
(107, 'exclamation-circle', 'A'),
(108, 'exclamation-triangle', 'A'),
(109, 'external-link', 'A'),
(110, 'external-link-square', 'A'),
(111, 'eye', 'A'),
(112, 'eye-slash', 'A'),
(113, 'eyedropper', 'A'),
(114, 'fax', 'A'),
(115, 'female', 'A'),
(116, 'fighter-jet', 'A'),
(117, 'file-archive-o', 'A'),
(118, 'file-audio-o', 'A'),
(119, 'file-code-o', 'A'),
(120, 'file-excel-o', 'A'),
(121, 'file-image-o', 'A'),
(122, 'file-pdf-o', 'A'),
(123, 'file-powerpoint-o', 'A'),
(124, 'file-video-o', 'A'),
(125, 'file-word-o', 'A'),
(126, 'film', 'A'),
(127, 'filter', 'A'),
(128, 'fire', 'A'),
(129, 'fire-extinguisher', 'A'),
(130, 'flag', 'A'),
(131, 'flag-checkered', 'A'),
(132, 'flag-o', 'A'),
(133, 'flask', 'A'),
(134, 'folder', 'A'),
(135, 'folder-o', 'A'),
(136, 'folder-open', 'A'),
(137, 'folder-open-o', 'A'),
(138, 'frown-o', 'A'),
(139, 'futbol-o', 'A'),
(140, 'gamepad', 'A'),
(141, 'gavel', 'A'),
(142, 'gift', 'A'),
(143, 'glass', 'A'),
(144, 'globe', 'A'),
(145, 'graduation-cap', 'A'),
(146, 'hand-lizard-o', 'A'),
(147, 'hand-paper-o', 'A'),
(148, 'hand-peace-o', 'A'),
(149, 'hand-pointer-o', 'A'),
(150, 'hand-rock-o', 'A'),
(151, 'hand-scissors-o', 'A'),
(152, 'hand-spock-o', 'A'),
(153, 'hdd-o', 'A'),
(154, 'headphones', 'A'),
(155, 'heart', 'A'),
(156, 'heart-o', 'A'),
(157, 'heartbeat', 'A'),
(158, 'history', 'A'),
(159, 'home', 'A'),
(160, 'hourglass', 'A'),
(161, 'hourglass-end', 'A'),
(162, 'hourglass-half', 'A'),
(163, 'hourglass-o', 'A'),
(164, 'hourglass-start', 'A'),
(165, 'i-cursor', 'A'),
(166, 'inbox', 'A'),
(167, 'industry', 'A'),
(168, 'keyboard-o', 'A'),
(169, 'language', 'A'),
(170, 'laptop', 'A'),
(171, 'leaf', 'A'),
(172, 'lemon-o', 'A'),
(173, 'level-down', 'A'),
(174, 'level-up', 'A'),
(175, 'life-ring', 'A'),
(176, 'lightbulb-o', 'A'),
(177, 'line-chart', 'A'),
(178, 'location-arrow', 'A'),
(179, 'lock', 'A'),
(180, 'magic', 'A'),
(181, 'magnet', 'A'),
(182, 'male', 'A'),
(183, 'map', 'A'),
(184, 'map-marker', 'A'),
(185, 'map-o', 'A'),
(186, 'map-pin', 'A'),
(187, 'map-signs', 'A'),
(188, 'meh-o', 'A'),
(189, 'microphone', 'A'),
(190, 'microphone-slash', 'A'),
(191, 'minus', 'A'),
(192, 'minus-circle', 'A'),
(193, 'minus-square', 'A'),
(194, 'minus-square-o', 'A'),
(195, 'mobile', 'A'),
(196, 'money', 'A'),
(197, 'moon-o', 'A'),
(198, 'motorcycle', 'A'),
(199, 'mouse-pointer', 'A'),
(200, 'music', 'A'),
(201, 'newspaper-o', 'A'),
(202, 'object-group', 'A'),
(203, 'object-ungroup', 'A'),
(204, 'paint-brush', 'A'),
(205, 'paper-plane', 'A'),
(206, 'paper-plane-o', 'A'),
(207, 'paw', 'A'),
(208, 'pencil', 'A'),
(209, 'pencil-square', 'A'),
(210, 'pencil-square-o', 'A'),
(211, 'phone', 'A'),
(212, 'phone-square', 'A'),
(213, 'picture-o', 'A'),
(214, 'pie-chart', 'A'),
(215, 'plane', 'A'),
(216, 'plug', 'A'),
(217, 'plus', 'A'),
(218, 'plus-circle', 'A'),
(219, 'plus-square', 'A'),
(220, 'plus-square-o', 'A'),
(221, 'power-off', 'A'),
(222, 'print', 'A'),
(223, 'puzzle-piece', 'A'),
(224, 'qrcode', 'A'),
(225, 'question', 'A'),
(226, 'question-circle', 'A'),
(227, 'quote-left', 'A'),
(228, 'quote-right', 'A'),
(229, 'random', 'A'),
(230, 'recycle', 'A'),
(231, 'refresh', 'A'),
(232, 'registered', 'A'),
(233, 'reply', 'A'),
(234, 'reply-all', 'A'),
(235, 'retweet', 'A'),
(236, 'road', 'A'),
(237, 'rocket', 'A'),
(238, 'rss', 'A'),
(239, 'rss-square', 'A'),
(240, 'search', 'A'),
(241, 'search-minus', 'A'),
(242, 'search-plus', 'A'),
(243, 'server', 'A'),
(244, 'share', 'A'),
(245, 'share-alt', 'A'),
(246, 'share-alt-square', 'A'),
(247, 'share-square', 'A'),
(248, 'share-square-o', 'A'),
(249, 'shield', 'A'),
(250, 'ship', 'A'),
(251, 'shopping-cart', 'A'),
(252, 'sign-in', 'A'),
(253, 'sign-out', 'A'),
(254, 'signal', 'A'),
(255, 'sitemap', 'A'),
(256, 'sliders', 'A'),
(257, 'smile-o', 'A'),
(258, 'sort', 'A'),
(259, 'sort-alpha-asc', 'A'),
(260, 'sort-alpha-desc', 'A'),
(261, 'sort-amount-asc', 'A'),
(262, 'sort-amount-desc', 'A'),
(263, 'sort-asc', 'A'),
(264, 'sort-desc', 'A'),
(265, 'sort-numeric-asc', 'A'),
(266, 'sort-numeric-desc', 'A'),
(267, 'space-shuttle', 'A'),
(268, 'spinner', 'A'),
(269, 'spoon', 'A'),
(270, 'square', 'A'),
(271, 'square-o', 'A'),
(272, 'star', 'A'),
(273, 'star-half', 'A'),
(274, 'star-half-o', 'A'),
(275, 'star-o', 'A'),
(276, 'sun-o', 'A'),
(277, 'tablet', 'A'),
(278, 'tachometer', 'A'),
(279, 'tag', 'A'),
(280, 'tags', 'A'),
(281, 'tasks', 'A'),
(282, 'taxi', 'A'),
(283, 'television', 'A'),
(284, 'terminal', 'A'),
(285, 'thumb-tack', 'A'),
(286, 'thumbs-down', 'A'),
(287, 'thumbs-o-down', 'A'),
(288, 'thumbs-o-up', 'A'),
(289, 'thumbs-up', 'A'),
(290, 'ticket', 'A'),
(291, 'times', 'A'),
(292, 'times-circle', 'A'),
(293, 'times-circle-o', 'A'),
(294, 'tint', 'A'),
(295, 'toggle-off', 'A'),
(296, 'toggle-on', 'A'),
(297, 'trademark', 'A'),
(298, 'trash', 'A'),
(299, 'trash-o', 'A'),
(300, 'tree', 'A'),
(301, 'trophy', 'A'),
(302, 'truck', 'A'),
(303, 'tty', 'A'),
(304, 'umbrella', 'A'),
(305, 'university', 'A'),
(306, 'unlock', 'A'),
(307, 'unlock-alt', 'A'),
(308, 'upload', 'A'),
(309, 'user', 'A'),
(310, 'user-plus', 'A'),
(311, 'user-secret', 'A'),
(312, 'user-times', 'A'),
(313, 'users', 'A'),
(314, 'video-camera', 'A'),
(315, 'volume-down', 'A'),
(316, 'volume-off', 'A'),
(317, 'volume-up', 'A'),
(318, 'wheelchair', 'A'),
(319, 'wifi', 'A'),
(320, 'wrench', 'A'),
(321, 'hand-o-right', 'A'),
(322, 'hand-o-down', 'A'),
(323, 'hand-o-left', 'A'),
(324, 'hand-o-up', 'A'),
(325, 'ambulance', 'A'),
(326, 'subway', 'A'),
(327, 'train', 'A'),
(328, 'genderless', 'A'),
(329, 'mars', 'A'),
(330, 'mars-double', 'A'),
(331, 'mars-stroke', 'A'),
(332, 'mars-stroke-h', 'A'),
(333, 'mars-stroke-v', 'A'),
(334, 'mercury', 'A'),
(335, 'neuter', 'A'),
(336, 'transgender', 'A'),
(337, 'transgender-alt', 'A'),
(338, 'venus', 'A'),
(339, 'venus-double', 'A'),
(340, 'venus-mars', 'A'),
(343, 'file', 'A'),
(347, 'file-text', 'A'),
(364, 'file-text-o', 'A'),
(365, 'cc-amex', 'A'),
(366, 'cc-diners-club', 'A'),
(367, 'cc-discover', 'A'),
(403, 'cc-jcb', 'A'),
(404, 'cc-mastercard', 'A'),
(405, 'cc-paypal', 'A'),
(406, 'cc-stripe', 'A'),
(407, 'cc-visa', 'A'),
(408, 'google-wallet', 'A'),
(409, 'paypal', 'A'),
(416, 'btc', 'A'),
(417, 'eur', 'A'),
(418, 'gbp', 'A'),
(419, 'gg', 'A'),
(426, 'gg-circle', 'A'),
(427, 'ils', 'A'),
(428, 'inr', 'A'),
(429, 'jpy', 'A'),
(430, 'krw', 'A'),
(431, 'rub', 'A'),
(432, 'try', 'A'),
(433, 'usd', 'A'),
(434, 'align-center', 'A'),
(470, 'align-justify', 'A'),
(471, 'align-left', 'A'),
(472, 'align-right', 'A'),
(473, 'bold', 'A'),
(474, 'chain-broken', 'A'),
(475, 'clipboard', 'A'),
(476, 'columns', 'A'),
(477, 'files-o', 'A'),
(478, 'floppy-o', 'A'),
(479, 'font', 'A'),
(480, 'header', 'A'),
(481, 'indent', 'A'),
(482, 'italic', 'A'),
(483, 'link', 'A'),
(484, 'list', 'A'),
(485, 'list-alt', 'A'),
(486, 'list-ol', 'A'),
(487, 'list-ul', 'A'),
(488, 'outdent', 'A'),
(489, 'paperclip', 'A'),
(490, 'paragraph', 'A'),
(491, 'repeat', 'A'),
(492, 'scissors', 'A'),
(493, 'strikethrough', 'A'),
(494, 'subscript', 'A'),
(495, 'superscript', 'A'),
(496, 'table', 'A'),
(497, 'text-height', 'A'),
(498, 'text-width', 'A'),
(499, 'th', 'A'),
(500, 'th-large', 'A'),
(501, 'th-list', 'A'),
(502, 'underline', 'A'),
(503, 'undo', 'A'),
(504, 'angle-double-down', 'A'),
(505, 'angle-double-left', 'A'),
(506, 'angle-double-right', 'A'),
(507, 'angle-double-up', 'A'),
(508, 'angle-down', 'A'),
(509, 'angle-left', 'A'),
(510, 'angle-right', 'A'),
(511, 'angle-up', 'A'),
(512, 'arrow-circle-down', 'A'),
(513, 'arrow-circle-o-right', 'A'),
(522, 'arrow-circle-left', 'A'),
(523, 'arrow-circle-o-up', 'A'),
(524, 'arrow-circle-o-down', 'A'),
(525, 'arrow-circle-right', 'A'),
(526, 'arrow-circle-o-left', 'A'),
(527, 'arrow-circle-up', 'A'),
(528, 'arrow-down', 'A'),
(529, 'arrow-left', 'A'),
(530, 'arrow-right', 'A'),
(531, 'arrow-up', 'A'),
(532, 'arrows-alt', 'A'),
(544, 'chevron-left', 'A'),
(545, 'chevron-right', 'A'),
(546, 'chevron-up', 'A'),
(547, 'chevron-down', 'A'),
(549, 'long-arrow-down', 'A'),
(550, 'long-arrow-left', 'A'),
(551, 'long-arrow-right', 'A'),
(552, 'long-arrow-up', 'A'),
(553, 'backward', 'A'),
(569, 'compress', 'A'),
(570, 'eject', 'A'),
(571, 'expand', 'A'),
(572, 'fast-backward', 'A'),
(573, 'fast-forward', 'A'),
(574, 'forward', 'A'),
(575, 'pause', 'A'),
(576, 'play', 'A'),
(577, 'play-circle', 'A'),
(578, 'play-circle-o', 'A'),
(579, 'step-backward', 'A'),
(580, 'step-forward', 'A'),
(581, 'stop', 'A'),
(582, 'youtube-play', 'A'),
(591, 'h-square', 'A'),
(592, 'hospital-o', 'A'),
(593, 'medkit', 'A'),
(594, 'stethoscope', 'A'),
(595, 'user-md', 'A'),
(596, '500px', 'A'),
(597, 'adn', 'A'),
(598, 'amazon', 'A'),
(599, 'android', 'A'),
(600, 'angellist', 'A'),
(601, 'apple', 'A'),
(602, 'behance', 'A'),
(603, 'behance-square', 'A'),
(604, 'bitbucket', 'A'),
(605, 'bitbucket-square', 'A'),
(606, 'black-tie', 'A'),
(607, 'buysellads', 'A'),
(608, 'chrome', 'A'),
(609, 'codepen', 'A'),
(610, 'connectdevelop', 'A'),
(611, 'contao', 'A'),
(612, 'css3', 'A'),
(613, 'dashcube', 'A'),
(614, 'delicious', 'A'),
(615, 'deviantart', 'A'),
(616, 'digg', 'A'),
(617, 'dribbble', 'A'),
(618, 'dropbox', 'A'),
(619, 'drupal', 'A'),
(620, 'empire', 'A'),
(621, 'expeditedssl', 'A'),
(622, 'facebook', 'A'),
(623, 'facebook-official', 'A'),
(624, 'facebook-square', 'A'),
(625, 'firefox', 'A'),
(626, 'flickr', 'A'),
(627, 'fonticons', 'A'),
(628, 'forumbee', 'A'),
(629, 'foursquare', 'A'),
(630, 'get-pocket', 'A'),
(631, 'git', 'A'),
(632, 'git-square', 'A'),
(633, 'github', 'A'),
(634, 'github-alt', 'A'),
(635, 'github-square', 'A'),
(636, 'google', 'A'),
(637, 'google-plus', 'A'),
(638, 'google-plus-square', 'A'),
(639, 'gratipay', 'A'),
(640, 'hacker-news', 'A'),
(641, 'houzz', 'A'),
(642, 'html5', 'A'),
(643, 'instagram', 'A'),
(644, 'internet-explorer', 'A'),
(645, 'ioxhost', 'A'),
(646, 'joomla', 'A'),
(647, 'jsfiddle', 'A'),
(648, 'lastfm', 'A'),
(649, 'lastfm-square', 'A'),
(650, 'leanpub', 'A'),
(651, 'linkedin', 'A'),
(652, 'linkedin-square', 'A'),
(653, 'linux', 'A'),
(654, 'maxcdn', 'A'),
(655, 'meanpath', 'A'),
(656, 'medium', 'A'),
(657, 'odnoklassniki', 'A'),
(658, 'odnoklassniki-square', 'A'),
(659, 'opencart', 'A'),
(660, 'openid', 'A'),
(661, 'opera', 'A'),
(662, 'optin-monster', 'A'),
(663, 'pagelines', 'A'),
(664, 'pied-piper', 'A'),
(665, 'pied-piper-alt', 'A'),
(666, 'pinterest', 'A'),
(667, 'pinterest-p', 'A'),
(668, 'pinterest-square', 'A'),
(816, 'qq', 'A'),
(817, 'rebel', 'A'),
(818, 'reddit', 'A'),
(819, 'reddit-square', 'A'),
(820, 'renren', 'A'),
(821, 'safari', 'A'),
(822, 'sellsy', 'A'),
(823, 'shirtsinbulk', 'A'),
(824, 'simplybuilt', 'A'),
(825, 'skyatlas', 'A'),
(826, 'skype', 'A'),
(827, 'slack', 'A'),
(828, 'slideshare', 'A'),
(829, 'soundcloud', 'A'),
(830, 'spotify', 'A'),
(831, 'stack-exchange', 'A'),
(832, 'stack-overflow', 'A'),
(833, 'steam', 'A'),
(834, 'steam-square', 'A'),
(835, 'stumbleupon', 'A'),
(836, 'stumbleupon-circle', 'A'),
(837, 'tencent-weibo', 'A'),
(838, 'trello', 'A'),
(839, 'tripadvisor', 'A'),
(840, 'tumblr', 'A'),
(841, 'tumblr-square', 'A'),
(842, 'twitch', 'A'),
(843, 'twitter', 'A'),
(844, 'twitter-square', 'A'),
(845, 'viacoin', 'A'),
(846, 'vimeo', 'A'),
(847, 'vimeo-square', 'A'),
(848, 'vine', 'A'),
(849, 'vk', 'A'),
(850, 'weibo', 'A'),
(851, 'weixin', 'A'),
(852, 'whatsapp', 'A'),
(853, 'wikipedia-w', 'A'),
(854, 'windows', 'A'),
(855, 'wordpress', 'A'),
(856, 'xing', 'A'),
(857, 'xing-square', 'A'),
(858, 'y-combinator', 'A'),
(859, 'yahoo', 'A'),
(860, 'yelp', 'A'),
(861, 'youtube', 'A'),
(862, 'youtube-square', 'A');

-- --------------------------------------------------------

--
-- Estructura de tabla para la tabla `lote`
--

CREATE TABLE `lote` (
  `id_lote` int(11) NOT NULL,
  `nombre` varchar(25) COLLATE utf8_bin NOT NULL,
  `estado` tinyint(1) NOT NULL DEFAULT '1',
  `fecha_registro` datetime NOT NULL DEFAULT CURRENT_TIMESTAMP,
  `area` int(11) DEFAULT NULL,
  `descripcion` varchar(1000) COLLATE utf8_bin DEFAULT NULL,
  `id_modulo` int(11) NOT NULL
) ENGINE=InnoDB DEFAULT CHARSET=utf8 COLLATE=utf8_bin;

-- --------------------------------------------------------

--
-- Estructura de tabla para la tabla `lote_re`
--

CREATE TABLE `lote_re` (
  `id_lote_re` int(111) NOT NULL,
  `cantidad_tallos` int(11) NOT NULL,
  `id_variedad` int(11) NOT NULL,
  `id_clasificacion_unitaria` int(11) NOT NULL,
  `id_clasificacion_verde` int(11) NOT NULL,
  `estado` tinyint(1) NOT NULL DEFAULT '1',
  `fecha_registro` datetime NOT NULL DEFAULT CURRENT_TIMESTAMP,
  `etapa` char(1) COLLATE utf8_bin NOT NULL DEFAULT 'A' COMMENT 'A => Apertura, C => Guarde Clasificacion, G => Guarde Apertura, F => StockFrio, E => Empaquetado',
  `guarde_clasificacion` date DEFAULT NULL,
  `apertura` date DEFAULT NULL,
  `guarde_apertura` date DEFAULT NULL,
  `empaquetado` date DEFAULT NULL,
  `dias_guarde_clasificacion` int(11) DEFAULT NULL,
  `dias_guarde_apertura` int(11) DEFAULT NULL,
  `stock_frio` date DEFAULT NULL
) ENGINE=InnoDB DEFAULT CHARSET=utf8 COLLATE=utf8_bin;

--
-- Volcado de datos para la tabla `lote_re`
--

INSERT INTO `lote_re` (`id_lote_re`, `cantidad_tallos`, `id_variedad`, `id_clasificacion_unitaria`, `id_clasificacion_verde`, `estado`, `fecha_registro`, `etapa`, `guarde_clasificacion`, `apertura`, `guarde_apertura`, `empaquetado`, `dias_guarde_clasificacion`, `dias_guarde_apertura`, `stock_frio`) VALUES
(1, 735, 2, 1, 1, 1, '2018-12-10 12:43:08', 'A', NULL, '2018-12-03', NULL, NULL, NULL, NULL, NULL),
(2, 770, 2, 2, 1, 1, '2018-12-10 12:43:08', 'A', NULL, '2018-12-03', NULL, NULL, NULL, NULL, NULL),
(3, 735, 2, 3, 1, 1, '2018-12-10 12:43:08', 'A', NULL, '2018-12-03', NULL, NULL, NULL, NULL, NULL),
(4, 550, 2, 4, 1, 1, '2018-12-10 12:43:09', 'A', NULL, '2018-12-03', NULL, NULL, NULL, NULL, NULL),
(5, 470, 2, 6, 1, 1, '2018-12-10 12:43:09', 'A', NULL, '2018-12-03', NULL, NULL, NULL, NULL, NULL),
(6, 450, 2, 7, 1, 1, '2018-12-10 12:43:09', 'A', NULL, '2018-12-03', NULL, NULL, NULL, NULL, NULL),
(7, 705, 1, 1, 1, 1, '2018-12-10 12:43:28', 'A', NULL, '2018-12-03', NULL, NULL, NULL, NULL, NULL),
(8, 1080, 1, 2, 1, 1, '2018-12-10 12:43:28', 'A', NULL, '2018-12-03', NULL, NULL, NULL, NULL, NULL),
(9, 880, 1, 3, 1, 1, '2018-12-10 12:43:28', 'A', NULL, '2018-12-03', NULL, NULL, NULL, NULL, NULL),
(10, 715, 1, 4, 1, 1, '2018-12-10 12:43:28', 'A', NULL, '2018-12-03', NULL, NULL, NULL, NULL, NULL),
(11, 355, 1, 6, 1, 1, '2018-12-10 12:43:28', 'A', NULL, '2018-12-03', NULL, NULL, NULL, NULL, NULL),
(12, 840, 1, 7, 1, 1, '2018-12-10 12:43:29', 'A', NULL, '2018-12-03', NULL, NULL, NULL, NULL, NULL),
(13, 705, 2, 1, 2, 1, '2018-12-10 12:43:45', 'A', NULL, '2018-12-04', NULL, NULL, NULL, NULL, NULL),
(14, 565, 2, 2, 2, 1, '2018-12-10 12:43:45', 'A', NULL, '2018-12-04', NULL, NULL, NULL, NULL, NULL),
(15, 510, 2, 3, 2, 1, '2018-12-10 12:43:45', 'A', NULL, '2018-12-04', NULL, NULL, NULL, NULL, NULL),
(16, 465, 2, 4, 2, 1, '2018-12-10 12:43:46', 'A', NULL, '2018-12-04', NULL, NULL, NULL, NULL, NULL),
(17, 495, 2, 6, 2, 1, '2018-12-10 12:43:46', 'A', NULL, '2018-12-04', NULL, NULL, NULL, NULL, NULL),
(18, 450, 2, 7, 2, 1, '2018-12-10 12:43:46', 'A', NULL, '2018-12-04', NULL, NULL, NULL, NULL, NULL),
(19, 700, 1, 1, 2, 1, '2018-12-10 12:44:06', 'A', NULL, '2018-12-04', NULL, NULL, NULL, NULL, NULL),
(20, 605, 1, 2, 2, 1, '2018-12-10 12:44:06', 'A', NULL, '2018-12-04', NULL, NULL, NULL, NULL, NULL),
(21, 620, 1, 3, 2, 1, '2018-12-10 12:44:06', 'A', NULL, '2018-12-04', NULL, NULL, NULL, NULL, NULL),
(22, 565, 1, 4, 2, 1, '2018-12-10 12:44:06', 'A', NULL, '2018-12-04', NULL, NULL, NULL, NULL, NULL),
(23, 560, 1, 6, 2, 1, '2018-12-10 12:44:07', 'A', NULL, '2018-12-04', NULL, NULL, NULL, NULL, NULL),
(24, 640, 1, 7, 2, 1, '2018-12-10 12:44:07', 'A', NULL, '2018-12-04', NULL, NULL, NULL, NULL, NULL),
(25, 390, 2, 1, 3, 1, '2018-12-10 12:44:19', 'A', NULL, '2018-12-05', NULL, NULL, NULL, NULL, NULL),
(26, 200, 2, 2, 3, 1, '2018-12-10 12:44:19', 'A', NULL, '2018-12-05', NULL, NULL, NULL, NULL, NULL),
(27, 700, 2, 3, 3, 1, '2018-12-10 12:44:19', 'A', NULL, '2018-12-05', NULL, NULL, NULL, NULL, NULL),
(28, 550, 2, 4, 3, 1, '2018-12-10 12:44:20', 'A', NULL, '2018-12-05', NULL, NULL, NULL, NULL, NULL),
(29, 535, 2, 6, 3, 1, '2018-12-10 12:44:20', 'A', NULL, '2018-12-05', NULL, NULL, NULL, NULL, NULL),
(30, 545, 2, 7, 3, 1, '2018-12-10 12:44:20', 'A', NULL, '2018-12-05', NULL, NULL, NULL, NULL, NULL),
(31, 555, 1, 1, 3, 1, '2018-12-10 12:46:12', 'A', NULL, '2018-12-05', NULL, NULL, NULL, NULL, NULL),
(32, 700, 1, 2, 3, 1, '2018-12-10 12:46:12', 'A', NULL, '2018-12-05', NULL, NULL, NULL, NULL, NULL),
(33, 490, 1, 3, 3, 1, '2018-12-10 12:46:12', 'A', NULL, '2018-12-05', NULL, NULL, NULL, NULL, NULL),
(34, 550, 1, 4, 3, 1, '2018-12-10 12:46:13', 'A', NULL, '2018-12-05', NULL, NULL, NULL, NULL, NULL),
(35, 525, 1, 6, 3, 1, '2018-12-10 12:46:13', 'A', NULL, '2018-12-05', NULL, NULL, NULL, NULL, NULL),
(36, 480, 1, 7, 3, 1, '2018-12-10 12:46:13', 'A', NULL, '2018-12-05', NULL, NULL, NULL, NULL, NULL),
(37, 650, 2, 1, 4, 1, '2018-12-10 12:47:06', 'A', NULL, '2018-12-06', NULL, NULL, NULL, NULL, NULL),
(38, 510, 2, 2, 4, 1, '2018-12-10 12:47:07', 'A', NULL, '2018-12-06', NULL, NULL, NULL, NULL, NULL),
(39, 535, 2, 3, 4, 1, '2018-12-10 12:47:07', 'A', NULL, '2018-12-06', NULL, NULL, NULL, NULL, NULL),
(40, 655, 2, 4, 4, 1, '2018-12-10 12:47:07', 'A', NULL, '2018-12-06', NULL, NULL, NULL, NULL, NULL),
(41, 755, 2, 6, 4, 1, '2018-12-10 12:47:07', 'A', NULL, '2018-12-06', NULL, NULL, NULL, NULL, NULL),
(42, 925, 2, 7, 4, 1, '2018-12-10 12:47:08', 'A', NULL, '2018-12-06', NULL, NULL, NULL, NULL, NULL),
(43, 435, 1, 1, 4, 1, '2018-12-10 12:47:58', 'A', NULL, '2018-12-06', NULL, NULL, NULL, NULL, NULL),
(44, 170, 1, 2, 4, 1, '2018-12-10 12:47:59', 'A', NULL, '2018-12-06', NULL, NULL, NULL, NULL, NULL),
(45, 550, 1, 3, 4, 1, '2018-12-10 12:47:59', 'A', NULL, '2018-12-06', NULL, NULL, NULL, NULL, NULL),
(46, 335, 1, 4, 4, 1, '2018-12-10 12:47:59', 'A', NULL, '2018-12-06', NULL, NULL, NULL, NULL, NULL),
(47, 170, 1, 6, 4, 1, '2018-12-10 12:47:59', 'A', NULL, '2018-12-06', NULL, NULL, NULL, NULL, NULL),
(48, 50, 1, 7, 4, 1, '2018-12-10 12:47:59', 'A', NULL, '2018-12-06', NULL, NULL, NULL, NULL, NULL),
(49, 660, 2, 1, 5, 1, '2018-12-10 12:48:15', 'A', NULL, '2018-12-07', NULL, NULL, NULL, NULL, NULL),
(50, 550, 2, 2, 5, 1, '2018-12-10 12:48:15', 'A', NULL, '2018-12-07', NULL, NULL, NULL, NULL, NULL),
(51, 520, 2, 3, 5, 1, '2018-12-10 12:48:15', 'A', NULL, '2018-12-07', NULL, NULL, NULL, NULL, NULL),
(52, 500, 2, 4, 5, 1, '2018-12-10 12:48:16', 'A', NULL, '2018-12-07', NULL, NULL, NULL, NULL, NULL),
(53, 495, 2, 6, 5, 1, '2018-12-10 12:48:16', 'A', NULL, '2018-12-07', NULL, NULL, NULL, NULL, NULL),
(54, 290, 2, 7, 5, 1, '2018-12-10 12:48:16', 'A', NULL, '2018-12-07', NULL, NULL, NULL, NULL, NULL),
(55, 270, 1, 1, 5, 1, '2018-12-10 12:48:26', 'A', NULL, '2018-12-07', NULL, NULL, NULL, NULL, NULL),
(56, 575, 1, 2, 5, 1, '2018-12-10 12:48:26', 'A', NULL, '2018-12-07', NULL, NULL, NULL, NULL, NULL),
(57, 650, 1, 3, 5, 1, '2018-12-10 12:48:27', 'A', NULL, '2018-12-07', NULL, NULL, NULL, NULL, NULL),
(58, 400, 1, 4, 5, 1, '2018-12-10 12:48:27', 'A', NULL, '2018-12-07', NULL, NULL, NULL, NULL, NULL),
(59, 495, 1, 6, 5, 1, '2018-12-10 12:48:27', 'A', NULL, '2018-12-07', NULL, NULL, NULL, NULL, NULL),
(60, 660, 1, 7, 5, 1, '2018-12-10 12:48:27', 'A', NULL, '2018-12-07', NULL, NULL, NULL, NULL, NULL),
(61, 435, 2, 1, 6, 1, '2018-12-10 12:48:46', 'A', NULL, '2018-12-10', NULL, NULL, NULL, NULL, NULL),
(62, 390, 2, 2, 6, 1, '2018-12-10 12:48:46', 'A', NULL, '2018-12-10', NULL, NULL, NULL, NULL, NULL),
(63, 440, 2, 3, 6, 1, '2018-12-10 12:48:46', 'A', NULL, '2018-12-10', NULL, NULL, NULL, NULL, NULL),
(64, 400, 2, 4, 6, 1, '2018-12-10 12:48:46', 'A', NULL, '2018-12-10', NULL, NULL, NULL, NULL, NULL),
(65, 315, 2, 6, 6, 1, '2018-12-10 12:48:46', 'A', NULL, '2018-12-10', NULL, NULL, NULL, NULL, NULL),
(66, 660, 1, 1, 6, 1, '2018-12-10 12:48:57', 'A', NULL, '2018-12-10', NULL, NULL, NULL, NULL, NULL),
(67, 550, 1, 2, 6, 1, '2018-12-10 12:48:57', 'A', NULL, '2018-12-10', NULL, NULL, NULL, NULL, NULL),
(68, 540, 1, 3, 6, 1, '2018-12-10 12:48:57', 'A', NULL, '2018-12-10', NULL, NULL, NULL, NULL, NULL),
(69, 490, 1, 4, 6, 1, '2018-12-10 12:48:57', 'A', NULL, '2018-12-10', NULL, NULL, NULL, NULL, NULL),
(70, 715, 1, 6, 6, 1, '2018-12-10 12:48:58', 'A', NULL, '2018-12-10', NULL, NULL, NULL, NULL, NULL),
(71, 145, 1, 7, 6, 1, '2018-12-10 12:48:58', 'A', NULL, '2018-12-10', NULL, NULL, NULL, NULL, NULL),
(72, 505, 3, 1, 7, 1, '2018-12-11 11:18:02', 'A', NULL, '2018-12-11', NULL, NULL, NULL, NULL, NULL),
(73, 625, 3, 2, 7, 1, '2018-12-11 11:18:03', 'A', NULL, '2018-12-11', NULL, NULL, NULL, NULL, NULL),
(74, 570, 3, 3, 7, 1, '2018-12-11 11:18:03', 'A', NULL, '2018-12-11', NULL, NULL, NULL, NULL, NULL),
(75, 400, 3, 4, 7, 1, '2018-12-11 11:18:03', 'A', NULL, '2018-12-11', NULL, NULL, NULL, NULL, NULL),
(76, 445, 3, 6, 7, 1, '2018-12-11 11:18:03', 'A', NULL, '2018-12-11', NULL, NULL, NULL, NULL, NULL),
(77, 475, 3, 7, 7, 1, '2018-12-11 11:18:04', 'A', NULL, '2018-12-11', NULL, NULL, NULL, NULL, NULL),
(78, 340, 2, 1, 7, 1, '2018-12-11 11:18:13', 'A', NULL, '2018-12-11', NULL, NULL, NULL, NULL, NULL),
(79, 290, 2, 2, 7, 1, '2018-12-11 11:18:13', 'A', NULL, '2018-12-11', NULL, NULL, NULL, NULL, NULL),
(80, 435, 2, 3, 7, 1, '2018-12-11 11:18:14', 'A', NULL, '2018-12-11', NULL, NULL, NULL, NULL, NULL),
(81, 445, 2, 4, 7, 1, '2018-12-11 11:18:14', 'A', NULL, '2018-12-11', NULL, NULL, NULL, NULL, NULL),
(82, 420, 2, 6, 7, 1, '2018-12-11 11:18:14', 'A', NULL, '2018-12-11', NULL, NULL, NULL, NULL, NULL),
(83, 175, 2, 7, 7, 1, '2018-12-11 11:18:15', 'A', NULL, '2018-12-11', NULL, NULL, NULL, NULL, NULL),
(84, 650, 1, 1, 7, 1, '2018-12-11 11:18:23', 'A', NULL, '2018-12-11', NULL, NULL, NULL, NULL, NULL),
(85, 655, 1, 2, 7, 1, '2018-12-11 11:18:24', 'A', NULL, '2018-12-11', NULL, NULL, NULL, NULL, NULL),
(86, 620, 1, 3, 7, 1, '2018-12-11 11:18:24', 'A', NULL, '2018-12-11', NULL, NULL, NULL, NULL, NULL),
(87, 485, 1, 4, 7, 1, '2018-12-11 11:18:24', 'A', NULL, '2018-12-11', NULL, NULL, NULL, NULL, NULL),
(88, 405, 1, 6, 7, 1, '2018-12-11 11:18:24', 'A', NULL, '2018-12-11', NULL, NULL, NULL, NULL, NULL),
(89, 435, 1, 7, 7, 1, '2018-12-11 11:18:25', 'A', NULL, '2018-12-11', NULL, NULL, NULL, NULL, NULL);

-- --------------------------------------------------------

--
-- Estructura de tabla para la tabla `marcas`
--

CREATE TABLE `marcas` (
  `id_marca` int(11) NOT NULL,
  `nombre` varchar(100) COLLATE utf8_bin NOT NULL,
  `descripcion` varchar(500) COLLATE utf8_bin NOT NULL,
  `estado` tinyint(1) DEFAULT '1'
) ENGINE=InnoDB DEFAULT CHARSET=utf8 COLLATE=utf8_bin;

--
-- Volcado de datos para la tabla `marcas`
--

INSERT INTO `marcas` (`id_marca`, `nombre`, `descripcion`, `estado`) VALUES
(1, 'Marca 2', 'MRC2', 1),
(2, 'Marca 1', 'MRC1', 1),
(3, 'Marca 4', 'MRC4', 1),
(4, 'Marca 3', 'MRC3', 1);

-- --------------------------------------------------------

--
-- Estructura de tabla para la tabla `menu`
--

CREATE TABLE `menu` (
  `id_menu` int(11) NOT NULL,
  `nombre` varchar(25) COLLATE utf8_bin NOT NULL,
  `fecha_registro` datetime NOT NULL DEFAULT CURRENT_TIMESTAMP,
  `estado` char(1) COLLATE utf8_bin NOT NULL DEFAULT 'A',
  `id_grupo_menu` int(11) DEFAULT NULL,
  `id_icono` int(11) DEFAULT NULL
) ENGINE=InnoDB DEFAULT CHARSET=utf8 COLLATE=utf8_bin;

--
-- Volcado de datos para la tabla `menu`
--

INSERT INTO `menu` (`id_menu`, `nombre`, `fecha_registro`, `estado`, `id_grupo_menu`, `id_icono`) VALUES
(1, 'Seguridad', '2018-10-02 09:48:59', 'A', 1, 307),
(3, 'Parámetros cultivos', '2018-10-24 09:29:25', 'A', 1, 171),
(4, 'Contable', '2018-10-24 09:32:29', 'I', 1, 433),
(5, 'Procesos', '2018-10-24 09:36:00', 'A', 2, 92),
(6, 'Configuración empresa', '2018-11-05 11:54:52', 'I', 1, 256),
(7, 'Ventas', '2018-11-06 08:30:09', 'A', 2, 433);

-- --------------------------------------------------------

--
-- Estructura de tabla para la tabla `modulo`
--

CREATE TABLE `modulo` (
  `id_modulo` int(11) NOT NULL,
  `nombre` varchar(250) COLLATE utf8_bin NOT NULL,
  `estado` tinyint(1) NOT NULL DEFAULT '1',
  `fecha_registro` datetime NOT NULL DEFAULT CURRENT_TIMESTAMP,
  `area` int(11) DEFAULT NULL,
  `descripcion` varchar(1000) COLLATE utf8_bin DEFAULT NULL,
  `id_sector` int(11) NOT NULL
) ENGINE=InnoDB DEFAULT CHARSET=utf8 COLLATE=utf8_bin;

-- --------------------------------------------------------

--
-- Estructura de tabla para la tabla `pais`
--

CREATE TABLE `pais` (
  `codigo` varchar(2) CHARACTER SET utf8 COLLATE utf8_bin NOT NULL,
  `nombre` varchar(44) DEFAULT NULL
) ENGINE=InnoDB DEFAULT CHARSET=utf8;

--
-- Volcado de datos para la tabla `pais`
--

INSERT INTO `pais` (`codigo`, `nombre`) VALUES
('AD', 'ANDORRA'),
('AE', 'EMIRATOS ARABES UNIDOS'),
('AF', 'AFGHANISTAN'),
('AG', 'ANTIGUA Y BARBUDA'),
('AI', 'ANGUILLA'),
('AL', 'ALBANIA'),
('AM', 'ARMENIA'),
('AO', 'ANGOLA'),
('AP', 'ASIA / REGION PACIFICO'),
('AQ', 'ANTARCTICA'),
('AR', 'ARGENTINA'),
('AS', 'AMERICAN SAMOA'),
('AT', 'AUSTRIA'),
('AU', 'AUSTRALIA'),
('AW', 'ARUBA'),
('AX', 'ALAND ISLANDS'),
('AZ', 'AZERBAIJAN'),
('BA', 'BOSNIA AND HERZEGOVINA'),
('BB', 'BARBADOS'),
('BD', 'BANGLADESH'),
('BE', 'BELGICA'),
('BF', 'BURKINA FASO'),
('BG', 'BULGARIA'),
('BH', 'BAHRAIN'),
('BI', 'BURUNDI'),
('BJ', 'BENIN'),
('BL', 'SAINT BARTHELEMY'),
('BM', 'BERMUDA'),
('BN', 'BRUNEI DARUSSALAM'),
('BO', 'BOLIVIA'),
('BQ', 'BONAIR'),
('BR', 'BRASIL'),
('BS', 'BAHAMAS'),
('BT', 'BHUTAN'),
('BW', 'BOTSWANA'),
('BY', 'BELARUS'),
('BZ', 'BELICE'),
('CA', 'CANADA'),
('CC', 'COCOS (KEELING) ISLANDS'),
('CD', 'CONG'),
('CF', 'REPUBLICA CENTRAL DE AFRICA'),
('CG', 'CONGO'),
('CH', 'SUIZA'),
('CI', 'COTE D\'IVOIRE'),
('CK', 'COOK ISLANDS'),
('CL', 'CHILE'),
('CM', 'CAMERUN'),
('CN', 'CHINA'),
('CO', 'COLOMBIA'),
('CR', 'COSTA RICA'),
('CU', 'CUBA'),
('CV', 'CABO VERDE'),
('CW', 'CURACAO'),
('CX', 'ISLAS DE PASCUA'),
('CY', 'CHIPRE'),
('CZ', 'REPUBLICA CHECA'),
('DE', 'ALEMANIA'),
('DJ', 'DJIBOUTI'),
('DK', 'DINAMARCA'),
('DM', 'DOMINICA'),
('DO', 'REPUBLICA DOMINICANA'),
('DZ', 'ALGERIA'),
('EC', 'ECUADOR'),
('EE', 'ESTONIA'),
('EG', 'EGIPTO'),
('EH', 'WESTERN SAHARA'),
('ER', 'ERITREA'),
('ES', 'ESPAÑA'),
('ET', 'ETIOPIA'),
('FI', 'FINLANDIA'),
('FJ', 'FIJI'),
('FK', 'ISLAS (MALVINAS)'),
('FM', 'MICRONESI'),
('FO', 'FAROE ISLANDS'),
('FR', 'FRANCIA'),
('GA', 'GABON'),
('GB', 'REINO UNIDO'),
('GD', 'GRANADA'),
('GE', 'GEORGIA'),
('GF', 'GUYANA FRANCESA'),
('GG', 'GUERNSEY'),
('GH', 'GANA'),
('GI', 'GIBRALTAR'),
('GL', 'GROENLANDIA'),
('GM', 'GAMBIA'),
('GN', 'GUINEA'),
('GP', 'GUADELOUPE'),
('GQ', 'GUINEA ECUATORIAL'),
('GR', 'GRECIA'),
('GS', 'SOUTH GEORGIA AND THE SOUTH SANDWICH ISLANDS'),
('GT', 'GUATEMALA'),
('GU', 'GUAM'),
('GW', 'GUINEA-BISSAU'),
('GY', 'GUYANA'),
('HN', 'HONDURAS'),
('HR', 'CROACIA'),
('HT', 'HAITI'),
('HU', 'HUNGRIA'),
('ID', 'INDONESIA'),
('IE', 'IRLANDA'),
('IL', 'ISRAEL'),
('IM', 'ISLE OF MAN'),
('IN', 'INDIA'),
('IO', 'BRITISH INDIAN OCEAN TERRITORY'),
('IQ', 'IRAQ'),
('IR', 'IRA'),
('IS', 'ISLANDIA'),
('IT', 'ITALIA'),
('JE', 'JERSEY'),
('JM', 'JAMAICA'),
('JO', 'JORDAN'),
('JP', 'JAPAN'),
('KE', 'KENYA'),
('KG', 'KYRGYZSTAN'),
('KH', 'CAMBOYA'),
('KI', 'KIRIBATI'),
('KM', 'COMOROS'),
('KN', 'SAINT KITTS AND NEVIS'),
('KR', 'KORE'),
('KW', 'KUWAIT'),
('KY', 'ISLAS CAIMAN'),
('KZ', 'KAZAKHSTAN'),
('LA', 'LAO PEOPLE\'S DEMOCRATIC REPUBLIC'),
('LB', 'LEBANON'),
('LC', 'SANTA LUCIA'),
('LI', 'LIECHTENSTEIN'),
('LK', 'SRI LANKA'),
('LR', 'LIBERIA'),
('LS', 'LESOTHO'),
('LT', 'LITHUANIA'),
('LU', 'LUXEMBOURG'),
('LV', 'LATVIA'),
('LY', 'LIBYA'),
('MA', 'MARRUECOS'),
('MC', 'MONACO'),
('MD', 'MOLDOV'),
('ME', 'MONTENEGRO'),
('MF', 'SAN MARTIN'),
('MG', 'MADAGASCAR'),
('MH', 'MARSHALL ISLANDS'),
('MK', 'MACEDONIA'),
('ML', 'MALI'),
('MM', 'MYANMAR'),
('MN', 'MONGOLIA'),
('MO', 'MACAU'),
('MP', 'NORTHERN MARIANA ISLANDS'),
('MQ', 'MARTINIQUE'),
('MR', 'MAURITANIA'),
('MS', 'MONTSERRAT'),
('MT', 'MALTA'),
('MU', 'MAURITIUS'),
('MV', 'MALDIVES'),
('MW', 'MALAWI'),
('MX', 'MEXICO'),
('MY', 'MALASIA'),
('MZ', 'MOZAMBIQUE'),
('NA', 'NAMIBIA'),
('NC', 'NUEVA CALEDONIA'),
('NE', 'NIGER'),
('NF', 'NORFOLK ISLAND'),
('NG', 'NIGERIA'),
('NI', 'NICARAGUA'),
('NL', 'HOLANDA, PAISES BAJOS'),
('NO', 'NORUEGA'),
('NP', 'NEPAL'),
('NR', 'NAURU'),
('NU', 'NIUE'),
('NZ', 'NUEVA ZELANDIA'),
('OM', 'OMAN'),
('PA', 'PANAMA'),
('PE', 'PERU'),
('PF', 'FRENCH POLYNESIA'),
('PG', 'PAPUA NEW GUINEA'),
('PH', 'FILIPINAS'),
('PK', 'PAKISTAN'),
('PL', 'POLONIA'),
('PM', 'SAINT PIERRE AND MIQUELON'),
('PN', 'PITCAIRN ISLANDS'),
('PR', 'PUERTO RICO'),
('PS', 'PALESTINA'),
('PT', 'PORTUGAL'),
('PW', 'PALAU'),
('PY', 'PARAGUAY'),
('QA', 'QATAR'),
('RE', 'REUNION'),
('RO', 'ROMANIA'),
('RS', 'SERBIA'),
('RU', 'RUSIA'),
('RW', 'RUANDA'),
('SA', 'ARABIA SAUDITA'),
('SB', 'ISLAS SALOMON'),
('SC', 'SEYCHELLES'),
('SD', 'SUDAN'),
('SE', 'SUECIA'),
('SG', 'SINGAPUR'),
('SH', 'SAINT HELENA'),
('SI', 'ESLOVENIA'),
('SJ', 'SVALBARD AND JAN MAYEN'),
('SK', 'ESLOVAQUIA'),
('SL', 'SIERRA LEONE'),
('SM', 'SAN MARINO'),
('SN', 'SENEGAL'),
('SO', 'SOMALIA'),
('SR', 'SURINAM'),
('SS', 'SUDAN DEL SUR'),
('ST', 'SAO TOME AND PRINCIPE'),
('SV', 'EL SALVADOR'),
('SX', 'SINT MAARTEN (DUTCH PART)'),
('SY', 'SIRIA REPUBLICA ARABE'),
('SZ', 'SWAZILAND'),
('TC', 'TURKS AND CAICOS ISLANDS'),
('TD', 'CHAD'),
('TG', 'TOGO'),
('TH', 'TAILANDIA'),
('TJ', 'TAJIKISTAN'),
('TK', 'TOKELAU'),
('TL', 'TIMOR-LESTE'),
('TM', 'TURKMENISTAN'),
('TN', 'TUNISIA'),
('TO', 'TONGA'),
('TR', 'TURQUIA'),
('TT', 'TRINIDAD Y TOBAGO'),
('TV', 'TUVALU'),
('TW', 'TAIWAN'),
('TZ', 'TANZANIA'),
('UA', 'UCRANIA'),
('UG', 'UGANDA'),
('UM', 'UNITED STATES MINOR OUTLYING ISLANDS'),
('US', 'ESTADOS UNIDOS'),
('UY', 'URUGUAY'),
('UZ', 'UZBEKISTAN'),
('VA', 'HOLY SEE (VATICAN CITY STATE)'),
('VC', 'SAINT VINCENT AND THE GRENADINES'),
('VE', 'VENEZUELA'),
('VG', 'VIRGIN ISLAND'),
('VN', 'VIETNAM'),
('VU', 'VANUATU'),
('WF', 'WALLIS AND FUTUNA'),
('WS', 'SAMOA'),
('YE', 'YEMEN'),
('YT', 'MAYOTTE'),
('ZA', 'SUDAFRICA'),
('ZM', 'ZAMBIA'),
('ZW', 'ZIMBABWE');

-- --------------------------------------------------------

--
-- Estructura de tabla para la tabla `pedido`
--

CREATE TABLE `pedido` (
  `id_pedido` int(11) NOT NULL,
  `id_cliente` int(11) NOT NULL,
  `estado` tinyint(1) NOT NULL DEFAULT '1',
  `descripcion` varchar(1000) COLLATE utf8_bin DEFAULT NULL,
  `fecha_pedido` date NOT NULL,
  `fecha_registro` datetime NOT NULL DEFAULT CURRENT_TIMESTAMP,
  `empaquetado` tinyint(1) NOT NULL DEFAULT '0'
) ENGINE=InnoDB DEFAULT CHARSET=utf8 COLLATE=utf8_bin;

--
-- Volcado de datos para la tabla `pedido`
--

INSERT INTO `pedido` (`id_pedido`, `id_cliente`, `estado`, `descripcion`, `fecha_pedido`, `fecha_registro`, `empaquetado`) VALUES
(1, 1, 1, 'Pedidos de los lunes de 1 Combo 1', '2018-12-17', '2018-12-17 16:13:55', 0),
(2, 1, 1, 'Pedidos de los lunes de 1 Combo 1', '2018-12-24', '2018-12-17 16:13:55', 0),
(3, 1, 1, 'Pedidos de los lunes de 1 Combo 1', '2018-12-31', '2018-12-17 16:13:55', 0),
(4, 1, 1, 'Pedidos de los lunes de 1 Combo 1', '2019-01-07', '2018-12-17 16:13:55', 0),
(5, 1, 1, 'Pedidos de los lunes de 1 Combo 1', '2019-01-14', '2018-12-17 16:13:56', 0),
(6, 1, 1, 'Pedidos de los lunes de 1 Combo 1', '2019-01-21', '2018-12-17 16:13:56', 0),
(7, 1, 1, 'Pedidos de los lunes de 1 Combo 1', '2019-01-28', '2018-12-17 16:13:56', 0),
(8, 1, 1, 'Pedidos de los lunes de 1 Combo 1', '2019-02-04', '2018-12-17 16:13:56', 0),
(9, 1, 1, 'Pedidos de los lunes de 1 Combo 1', '2019-02-11', '2018-12-17 16:13:56', 0),
(10, 1, 1, 'Pedidos de los lunes de 1 Combo 1', '2019-02-18', '2018-12-17 16:13:56', 0),
(11, 1, 1, 'Pedidos de los lunes de 1 Combo 1', '2019-02-25', '2018-12-17 16:13:56', 0),
(12, 1, 1, 'Pedidos de los lunes de 1 Combo 1', '2019-03-04', '2018-12-17 16:13:56', 0),
(13, 1, 1, 'Pedidos de los lunes de 1 Combo 1', '2019-03-11', '2018-12-17 16:13:56', 0),
(14, 1, 1, 'Pedidos de los lunes de 1 Combo 1', '2019-03-18', '2018-12-17 16:13:56', 0),
(15, 1, 1, 'Pedidos de los lunes de 1 Combo 1', '2019-03-25', '2018-12-17 16:13:57', 0),
(16, 1, 1, 'Pedidos de los lunes de 1 Combo 1', '2019-04-01', '2018-12-17 16:13:57', 0),
(17, 1, 1, 'Pedidos de los lunes de 1 Combo 1', '2019-04-08', '2018-12-17 16:13:57', 0),
(18, 1, 1, 'Pedidos de los lunes de 1 Combo 1', '2019-04-15', '2018-12-17 16:13:57', 0),
(19, 1, 1, 'Pedidos de los lunes de 1 Combo 1', '2019-04-22', '2018-12-17 16:13:57', 0),
(20, 1, 1, 'Pedidos de los lunes de 1 Combo 1', '2019-04-29', '2018-12-17 16:13:57', 0),
(21, 1, 1, 'Pedidos de los lunes de 1 Combo 1', '2019-05-06', '2018-12-17 16:13:57', 0),
(22, 1, 1, 'Pedidos de los lunes de 1 Combo 1', '2019-05-13', '2018-12-17 16:13:57', 0),
(23, 1, 1, 'Pedidos de los lunes de 1 Combo 1', '2019-05-20', '2018-12-17 16:13:57', 0),
(24, 1, 1, 'Pedidos de los lunes de 1 Combo 1', '2019-05-27', '2018-12-17 16:13:58', 0),
(25, 1, 1, 'Pedidos de los lunes de 1 Combo 1', '2019-06-03', '2018-12-17 16:13:58', 0),
(26, 1, 1, 'Pedidos de los lunes de 1 Combo 1', '2019-06-10', '2018-12-17 16:13:58', 0),
(27, 1, 1, 'Pedidos de los lunes de 1 Combo 1', '2019-06-17', '2018-12-17 16:13:58', 0),
(28, 1, 1, 'Pedidos de los lunes de 1 Combo 1', '2019-06-24', '2018-12-17 16:13:58', 0),
(29, 1, 1, 'Pedidos de los lunes de 1 Combo 1', '2019-07-01', '2018-12-17 16:13:58', 0),
(30, 1, 1, 'Pedidos de los lunes de 1 Combo 1', '2019-07-08', '2018-12-17 16:13:58', 0),
(31, 1, 1, 'Pedidos de los lunes de 1 Combo 1', '2019-07-15', '2018-12-17 16:13:58', 0),
(32, 1, 1, 'Pedidos de los lunes de 1 Combo 1', '2019-07-22', '2018-12-17 16:13:58', 0),
(33, 1, 1, 'Pedidos de los lunes de 1 Combo 1', '2019-07-29', '2018-12-17 16:13:58', 0),
(34, 1, 1, 'Pedidos de los lunes de 1 Combo 1', '2019-08-05', '2018-12-17 16:13:58', 0),
(35, 1, 1, 'Pedidos de los lunes de 1 Combo 1', '2019-08-12', '2018-12-17 16:13:58', 0),
(36, 1, 1, 'Pedidos de los lunes de 1 Combo 1', '2019-08-19', '2018-12-17 16:13:59', 0),
(37, 1, 1, 'Pedidos de los lunes de 1 Combo 1', '2019-08-26', '2018-12-17 16:13:59', 0),
(38, 1, 1, 'Pedidos de los lunes de 1 Combo 1', '2019-09-02', '2018-12-17 16:13:59', 0),
(39, 1, 1, 'Pedidos de los lunes de 1 Combo 1', '2019-09-09', '2018-12-17 16:13:59', 0),
(40, 1, 1, 'Pedidos de los lunes de 1 Combo 1', '2019-09-16', '2018-12-17 16:13:59', 0),
(41, 1, 1, 'Pedidos de los lunes de 1 Combo 1', '2019-09-23', '2018-12-17 16:13:59', 0),
(42, 1, 1, 'Pedidos de los lunes de 1 Combo 1', '2019-09-30', '2018-12-17 16:13:59', 0),
(43, 1, 1, 'Pedidos de los lunes de 1 Combo 1', '2019-10-07', '2018-12-17 16:13:59', 0),
(44, 1, 1, 'Pedidos de los lunes de 1 Combo 1', '2019-10-14', '2018-12-17 16:13:59', 0),
(45, 1, 1, 'Pedidos de los lunes de 1 Combo 1', '2019-10-21', '2018-12-17 16:13:59', 0),
(46, 1, 1, 'Pedidos de los lunes de 1 Combo 1', '2019-10-28', '2018-12-17 16:13:59', 0),
(47, 1, 1, 'Pedidos de los lunes de 1 Combo 1', '2019-11-04', '2018-12-17 16:13:59', 0),
(48, 1, 1, 'Pedidos de los lunes de 1 Combo 1', '2019-11-11', '2018-12-17 16:13:59', 0),
(49, 1, 1, 'Pedidos de los lunes de 1 Combo 1', '2019-11-18', '2018-12-17 16:14:00', 0),
(50, 1, 1, 'Pedidos de los lunes de 1 Combo 1', '2019-11-25', '2018-12-17 16:14:00', 0),
(51, 1, 1, 'Pedidos de los lunes de 1 Combo 1', '2019-12-02', '2018-12-17 16:14:00', 0),
(52, 1, 1, 'Pedidos de los lunes de 1 Combo 1', '2019-12-09', '2018-12-17 16:14:00', 0),
(53, 1, 1, 'Pedidos de los lunes de 1 Combo 1', '2019-12-16', '2018-12-17 16:14:00', 0),
(54, 1, 1, 'Pedidos de los lunes cada 2 semanas de 2 Combo 2', '2018-12-24', '2018-12-17 16:15:30', 0),
(55, 1, 1, 'Pedidos de los lunes cada 2 semanas de 2 Combo 2', '2019-01-07', '2018-12-17 16:15:30', 0),
(56, 1, 1, 'Pedidos de los lunes cada 2 semanas de 2 Combo 2', '2019-01-21', '2018-12-17 16:15:30', 0),
(57, 1, 1, 'Pedidos de los lunes cada 2 semanas de 2 Combo 2', '2019-02-04', '2018-12-17 16:15:30', 0),
(58, 1, 1, 'Pedidos de los lunes cada 2 semanas de 2 Combo 2', '2019-02-18', '2018-12-17 16:15:30', 0),
(59, 1, 1, 'Pedidos de los lunes cada 2 semanas de 2 Combo 2', '2019-03-04', '2018-12-17 16:15:31', 0),
(60, 1, 1, 'Pedidos de los lunes cada 2 semanas de 2 Combo 2', '2019-03-18', '2018-12-17 16:15:31', 0),
(61, 1, 1, 'Pedidos de los lunes cada 2 semanas de 2 Combo 2', '2019-04-01', '2018-12-17 16:15:31', 0),
(62, 1, 1, 'Pedidos de los lunes cada 2 semanas de 2 Combo 2', '2019-04-15', '2018-12-17 16:15:31', 0),
(63, 1, 1, 'Pedidos de los lunes cada 2 semanas de 2 Combo 2', '2019-04-29', '2018-12-17 16:15:31', 0),
(64, 1, 1, 'Pedidos de los lunes cada 2 semanas de 2 Combo 2', '2019-05-13', '2018-12-17 16:15:31', 0),
(65, 1, 1, 'Pedidos de los lunes cada 2 semanas de 2 Combo 2', '2019-05-27', '2018-12-17 16:15:31', 0),
(66, 1, 1, 'Pedidos de los lunes cada 2 semanas de 2 Combo 2', '2019-06-10', '2018-12-17 16:15:31', 0),
(67, 1, 1, 'Pedidos de los lunes cada 2 semanas de 2 Combo 2', '2019-06-24', '2018-12-17 16:15:31', 0),
(68, 1, 1, 'Pedidos de los lunes cada 2 semanas de 2 Combo 2', '2019-07-08', '2018-12-17 16:15:31', 0),
(69, 1, 1, 'Pedidos de los lunes cada 2 semanas de 2 Combo 2', '2019-07-22', '2018-12-17 16:15:32', 0),
(70, 1, 1, 'Pedidos de los lunes cada 2 semanas de 2 Combo 2', '2019-08-05', '2018-12-17 16:15:32', 0),
(71, 1, 1, 'Pedidos de los lunes cada 2 semanas de 2 Combo 2', '2019-08-19', '2018-12-17 16:15:32', 0),
(72, 1, 1, 'Pedidos de los lunes cada 2 semanas de 2 Combo 2', '2019-09-02', '2018-12-17 16:15:32', 0),
(73, 1, 1, 'Pedidos de los lunes cada 2 semanas de 2 Combo 2', '2019-09-16', '2018-12-17 16:15:32', 0),
(74, 1, 1, 'Pedidos de los lunes cada 2 semanas de 2 Combo 2', '2019-09-30', '2018-12-17 16:15:32', 0),
(75, 1, 1, 'Pedidos de los lunes cada 2 semanas de 2 Combo 2', '2019-10-14', '2018-12-17 16:15:32', 0),
(76, 1, 1, 'Pedidos de los lunes cada 2 semanas de 2 Combo 2', '2019-10-28', '2018-12-17 16:15:32', 0),
(77, 1, 1, 'Pedidos de los lunes cada 2 semanas de 2 Combo 2', '2019-11-11', '2018-12-17 16:15:32', 0),
(78, 1, 1, 'Pedidos de los lunes cada 2 semanas de 2 Combo 2', '2019-11-25', '2018-12-17 16:15:32', 0),
(79, 1, 1, 'Pedidos de los lunes cada 2 semanas de 2 Combo 2', '2019-12-09', '2018-12-17 16:15:32', 0),
(80, 1, 1, 'Pedidos de los martes de 1 Combo Especifico 1', '2018-12-18', '2018-12-17 16:17:07', 0),
(81, 1, 1, 'Pedidos de los martes de 1 Combo Especifico 1', '2018-12-25', '2018-12-17 16:17:07', 0),
(82, 1, 1, 'Pedidos de los martes de 1 Combo Especifico 1', '2019-01-01', '2018-12-17 16:17:07', 0),
(83, 1, 1, 'Pedidos de los martes de 1 Combo Especifico 1', '2019-01-08', '2018-12-17 16:17:07', 0),
(84, 1, 1, 'Pedidos de los martes de 1 Combo Especifico 1', '2019-01-15', '2018-12-17 16:17:08', 0),
(85, 1, 1, 'Pedidos de los martes de 1 Combo Especifico 1', '2019-01-22', '2018-12-17 16:17:08', 0),
(86, 1, 1, 'Pedidos de los martes de 1 Combo Especifico 1', '2019-01-29', '2018-12-17 16:17:08', 0),
(87, 1, 1, 'Pedidos de los martes de 1 Combo Especifico 1', '2019-02-05', '2018-12-17 16:17:08', 0),
(88, 1, 1, 'Pedidos de los martes de 1 Combo Especifico 1', '2019-02-12', '2018-12-17 16:17:08', 0),
(89, 1, 1, 'Pedidos de los martes de 1 Combo Especifico 1', '2019-02-19', '2018-12-17 16:17:08', 0),
(90, 1, 1, 'Pedidos de los martes de 1 Combo Especifico 1', '2019-02-26', '2018-12-17 16:17:08', 0),
(91, 1, 1, 'Pedidos de los martes de 1 Combo Especifico 1', '2019-03-05', '2018-12-17 16:17:08', 0),
(92, 1, 1, 'Pedidos de los martes de 1 Combo Especifico 1', '2019-03-12', '2018-12-17 16:17:09', 0),
(93, 1, 1, 'Pedidos de los martes de 1 Combo Especifico 1', '2019-03-19', '2018-12-17 16:17:09', 0),
(94, 1, 1, 'Pedidos de los martes de 1 Combo Especifico 1', '2019-03-26', '2018-12-17 16:17:09', 0),
(95, 1, 1, 'Pedidos de los martes de 1 Combo Especifico 1', '2019-04-02', '2018-12-17 16:17:09', 0),
(96, 1, 1, 'Pedidos de los martes de 1 Combo Especifico 1', '2019-04-09', '2018-12-17 16:17:09', 0),
(97, 1, 1, 'Pedidos de los martes de 1 Combo Especifico 1', '2019-04-16', '2018-12-17 16:17:09', 0),
(98, 1, 1, 'Pedidos de los martes de 1 Combo Especifico 1', '2019-04-23', '2018-12-17 16:17:09', 0),
(99, 1, 1, 'Pedidos de los martes de 1 Combo Especifico 1', '2019-04-30', '2018-12-17 16:17:09', 0),
(100, 1, 1, 'Pedidos de los martes de 1 Combo Especifico 1', '2019-05-07', '2018-12-17 16:17:09', 0),
(101, 1, 1, 'Pedidos de los martes de 1 Combo Especifico 1', '2019-05-14', '2018-12-17 16:17:09', 0),
(102, 1, 1, 'Pedidos de los martes de 1 Combo Especifico 1', '2019-05-21', '2018-12-17 16:17:10', 0),
(103, 1, 1, 'Pedidos de los martes de 1 Combo Especifico 1', '2019-05-28', '2018-12-17 16:17:10', 0),
(104, 1, 1, 'Pedidos de los martes de 1 Combo Especifico 1', '2019-06-04', '2018-12-17 16:17:10', 0),
(105, 1, 1, 'Pedidos de los martes de 1 Combo Especifico 1', '2019-06-11', '2018-12-17 16:17:10', 0),
(106, 1, 1, 'Pedidos de los martes de 1 Combo Especifico 1', '2019-06-18', '2018-12-17 16:17:10', 0),
(107, 1, 1, 'Pedidos de los martes de 1 Combo Especifico 1', '2019-06-25', '2018-12-17 16:17:10', 0),
(108, 1, 1, 'Pedidos de los martes de 1 Combo Especifico 1', '2019-07-02', '2018-12-17 16:17:10', 0),
(109, 1, 1, 'Pedidos de los martes de 1 Combo Especifico 1', '2019-07-09', '2018-12-17 16:17:10', 0),
(110, 1, 1, 'Pedidos de los martes de 1 Combo Especifico 1', '2019-07-16', '2018-12-17 16:17:10', 0),
(111, 1, 1, 'Pedidos de los martes de 1 Combo Especifico 1', '2019-07-23', '2018-12-17 16:17:10', 0),
(112, 1, 1, 'Pedidos de los martes de 1 Combo Especifico 1', '2019-07-30', '2018-12-17 16:17:11', 0),
(113, 1, 1, 'Pedidos de los martes de 1 Combo Especifico 1', '2019-08-06', '2018-12-17 16:17:11', 0),
(114, 1, 1, 'Pedidos de los martes de 1 Combo Especifico 1', '2019-08-13', '2018-12-17 16:17:11', 0),
(115, 1, 1, 'Pedidos de los martes de 1 Combo Especifico 1', '2019-08-20', '2018-12-17 16:17:11', 0),
(116, 1, 1, 'Pedidos de los martes de 1 Combo Especifico 1', '2019-08-27', '2018-12-17 16:17:11', 0),
(117, 1, 1, 'Pedidos de los martes de 1 Combo Especifico 1', '2019-09-03', '2018-12-17 16:17:11', 0),
(118, 1, 1, 'Pedidos de los martes de 1 Combo Especifico 1', '2019-09-10', '2018-12-17 16:17:11', 0),
(119, 1, 1, 'Pedidos de los martes de 1 Combo Especifico 1', '2019-09-17', '2018-12-17 16:17:11', 0),
(120, 1, 1, 'Pedidos de los martes de 1 Combo Especifico 1', '2019-09-24', '2018-12-17 16:17:11', 0),
(121, 1, 1, 'Pedidos de los martes de 1 Combo Especifico 1', '2019-10-01', '2018-12-17 16:17:12', 0),
(122, 1, 1, 'Pedidos de los martes de 1 Combo Especifico 1', '2019-10-08', '2018-12-17 16:17:12', 0),
(123, 1, 1, 'Pedidos de los martes de 1 Combo Especifico 1', '2019-10-15', '2018-12-17 16:17:12', 0),
(124, 1, 1, 'Pedidos de los martes de 1 Combo Especifico 1', '2019-10-22', '2018-12-17 16:17:12', 0),
(125, 1, 1, 'Pedidos de los martes de 1 Combo Especifico 1', '2019-10-29', '2018-12-17 16:17:12', 0),
(126, 1, 1, 'Pedidos de los martes de 1 Combo Especifico 1', '2019-11-05', '2018-12-17 16:17:12', 0),
(127, 1, 1, 'Pedidos de los martes de 1 Combo Especifico 1', '2019-11-12', '2018-12-17 16:17:12', 0),
(128, 1, 1, 'Pedidos de los martes de 1 Combo Especifico 1', '2019-11-19', '2018-12-17 16:17:12', 0),
(129, 1, 1, 'Pedidos de los martes de 1 Combo Especifico 1', '2019-11-26', '2018-12-17 16:17:12', 0),
(130, 1, 1, 'Pedidos de los martes de 1 Combo Especifico 1', '2019-12-03', '2018-12-17 16:17:13', 0),
(131, 1, 1, 'Pedidos de los martes de 1 Combo Especifico 1', '2019-12-10', '2018-12-17 16:17:13', 0),
(132, 1, 1, 'Pedidos de los martes de 1 Combo Especifico 1', '2019-12-17', '2018-12-17 16:17:13', 0),
(133, 1, 1, 'Pedidos de los miercoles de 1 Combo 2', '2018-12-19', '2018-12-17 16:18:52', 0),
(134, 1, 1, 'Pedidos de los miercoles de 1 Combo 2', '2018-12-26', '2018-12-17 16:18:52', 0),
(135, 1, 1, 'Pedidos de los miercoles de 1 Combo 2', '2019-01-02', '2018-12-17 16:18:52', 0),
(136, 1, 1, 'Pedidos de los miercoles de 1 Combo 2', '2019-01-09', '2018-12-17 16:18:52', 0),
(137, 1, 1, 'Pedidos de los miercoles de 1 Combo 2', '2019-01-16', '2018-12-17 16:18:52', 0),
(138, 1, 1, 'Pedidos de los miercoles de 1 Combo 2', '2019-01-23', '2018-12-17 16:18:52', 0),
(139, 1, 1, 'Pedidos de los miercoles de 1 Combo 2', '2019-01-30', '2018-12-17 16:18:52', 0),
(140, 1, 1, 'Pedidos de los miercoles de 1 Combo 2', '2019-02-06', '2018-12-17 16:18:53', 0),
(141, 1, 1, 'Pedidos de los miercoles de 1 Combo 2', '2019-02-13', '2018-12-17 16:18:53', 0),
(142, 1, 1, 'Pedidos de los miercoles de 1 Combo 2', '2019-02-20', '2018-12-17 16:18:53', 0),
(143, 1, 1, 'Pedidos de los miercoles de 1 Combo 2', '2019-02-27', '2018-12-17 16:18:53', 0),
(144, 1, 1, 'Pedidos de los miercoles de 1 Combo 2', '2019-03-06', '2018-12-17 16:18:53', 0),
(145, 1, 1, 'Pedidos de los miercoles de 1 Combo 2', '2019-03-13', '2018-12-17 16:18:53', 0),
(146, 1, 1, 'Pedidos de los miercoles de 1 Combo 2', '2019-03-20', '2018-12-17 16:18:53', 0),
(147, 1, 1, 'Pedidos de los miercoles de 1 Combo 2', '2019-03-27', '2018-12-17 16:18:53', 0),
(148, 1, 1, 'Pedidos de los miercoles de 1 Combo 2', '2019-04-03', '2018-12-17 16:18:53', 0),
(149, 1, 1, 'Pedidos de los miercoles de 1 Combo 2', '2019-04-10', '2018-12-17 16:18:54', 0),
(150, 1, 1, 'Pedidos de los miercoles de 1 Combo 2', '2019-04-17', '2018-12-17 16:18:54', 0),
(151, 1, 1, 'Pedidos de los miercoles de 1 Combo 2', '2019-04-24', '2018-12-17 16:18:54', 0),
(152, 1, 1, 'Pedidos de los miercoles de 1 Combo 2', '2019-05-01', '2018-12-17 16:18:54', 0),
(153, 1, 1, 'Pedidos de los miercoles de 1 Combo 2', '2019-05-08', '2018-12-17 16:18:54', 0),
(154, 1, 1, 'Pedidos de los miercoles de 1 Combo 2', '2019-05-15', '2018-12-17 16:18:54', 0),
(155, 1, 1, 'Pedidos de los miercoles de 1 Combo 2', '2019-05-22', '2018-12-17 16:18:54', 0),
(156, 1, 1, 'Pedidos de los miercoles de 1 Combo 2', '2019-05-29', '2018-12-17 16:18:54', 0),
(157, 1, 1, 'Pedidos de los miercoles de 1 Combo 2', '2019-06-05', '2018-12-17 16:18:55', 0),
(158, 1, 1, 'Pedidos de los miercoles de 1 Combo 2', '2019-06-12', '2018-12-17 16:18:55', 0),
(159, 1, 1, 'Pedidos de los miercoles de 1 Combo 2', '2019-06-19', '2018-12-17 16:18:55', 0),
(160, 1, 1, 'Pedidos de los miercoles de 1 Combo 2', '2019-06-26', '2018-12-17 16:18:55', 0),
(161, 1, 1, 'Pedidos de los miercoles de 1 Combo 2', '2019-07-03', '2018-12-17 16:18:55', 0),
(162, 1, 1, 'Pedidos de los miercoles de 1 Combo 2', '2019-07-10', '2018-12-17 16:18:55', 0),
(163, 1, 1, 'Pedidos de los miercoles de 1 Combo 2', '2019-07-17', '2018-12-17 16:18:55', 0),
(164, 1, 1, 'Pedidos de los miercoles de 1 Combo 2', '2019-07-24', '2018-12-17 16:18:55', 0),
(165, 1, 1, 'Pedidos de los miercoles de 1 Combo 2', '2019-07-31', '2018-12-17 16:18:55', 0),
(166, 1, 1, 'Pedidos de los miercoles de 1 Combo 2', '2019-08-07', '2018-12-17 16:18:56', 0),
(167, 1, 1, 'Pedidos de los miercoles de 1 Combo 2', '2019-08-14', '2018-12-17 16:18:56', 0),
(168, 1, 1, 'Pedidos de los miercoles de 1 Combo 2', '2019-08-21', '2018-12-17 16:18:56', 0),
(169, 1, 1, 'Pedidos de los miercoles de 1 Combo 2', '2019-08-28', '2018-12-17 16:18:56', 0),
(170, 1, 1, 'Pedidos de los miercoles de 1 Combo 2', '2019-09-04', '2018-12-17 16:18:56', 0),
(171, 1, 1, 'Pedidos de los miercoles de 1 Combo 2', '2019-09-11', '2018-12-17 16:18:56', 0),
(172, 1, 1, 'Pedidos de los miercoles de 1 Combo 2', '2019-09-18', '2018-12-17 16:18:56', 0),
(173, 1, 1, 'Pedidos de los miercoles de 1 Combo 2', '2019-09-25', '2018-12-17 16:18:56', 0),
(174, 1, 1, 'Pedidos de los miercoles de 1 Combo 2', '2019-10-02', '2018-12-17 16:18:56', 0),
(175, 1, 1, 'Pedidos de los miercoles de 1 Combo 2', '2019-10-09', '2018-12-17 16:18:56', 0),
(176, 1, 1, 'Pedidos de los miercoles de 1 Combo 2', '2019-10-16', '2018-12-17 16:18:56', 0),
(177, 1, 1, 'Pedidos de los miercoles de 1 Combo 2', '2019-10-23', '2018-12-17 16:18:56', 0),
(178, 1, 1, 'Pedidos de los miercoles de 1 Combo 2', '2019-10-30', '2018-12-17 16:18:56', 0),
(179, 1, 1, 'Pedidos de los miercoles de 1 Combo 2', '2019-11-06', '2018-12-17 16:18:57', 0),
(180, 1, 1, 'Pedidos de los miercoles de 1 Combo 2', '2019-11-13', '2018-12-17 16:18:57', 0),
(181, 1, 1, 'Pedidos de los miercoles de 1 Combo 2', '2019-11-20', '2018-12-17 16:18:57', 0),
(182, 1, 1, 'Pedidos de los miercoles de 1 Combo 2', '2019-11-27', '2018-12-17 16:18:57', 0),
(183, 1, 1, 'Pedidos de los miercoles de 1 Combo 2', '2019-12-04', '2018-12-17 16:18:57', 0),
(184, 1, 1, 'Pedidos de los miercoles de 1 Combo 2', '2019-12-11', '2018-12-17 16:18:57', 0),
(185, 1, 1, 'Pedidos de los jueves de 2 Combo 1 cada 2 semanas', '2018-12-27', '2018-12-17 16:20:40', 0),
(186, 1, 1, 'Pedidos de los jueves de 2 Combo 1 cada 2 semanas', '2019-01-10', '2018-12-17 16:20:40', 0),
(187, 1, 1, 'Pedidos de los jueves de 2 Combo 1 cada 2 semanas', '2019-01-24', '2018-12-17 16:20:40', 0),
(188, 1, 1, 'Pedidos de los jueves de 2 Combo 1 cada 2 semanas', '2019-02-07', '2018-12-17 16:20:40', 0),
(189, 1, 1, 'Pedidos de los jueves de 2 Combo 1 cada 2 semanas', '2019-02-21', '2018-12-17 16:20:41', 0),
(190, 1, 1, 'Pedidos de los jueves de 2 Combo 1 cada 2 semanas', '2019-03-07', '2018-12-17 16:20:41', 0),
(191, 1, 1, 'Pedidos de los jueves de 2 Combo 1 cada 2 semanas', '2019-03-21', '2018-12-17 16:20:41', 0),
(192, 1, 1, 'Pedidos de los jueves de 2 Combo 1 cada 2 semanas', '2019-04-04', '2018-12-17 16:20:41', 0),
(193, 1, 1, 'Pedidos de los jueves de 2 Combo 1 cada 2 semanas', '2019-04-18', '2018-12-17 16:20:41', 0),
(194, 1, 1, 'Pedidos de los jueves de 2 Combo 1 cada 2 semanas', '2019-05-02', '2018-12-17 16:20:41', 0),
(195, 1, 1, 'Pedidos de los jueves de 2 Combo 1 cada 2 semanas', '2019-05-16', '2018-12-17 16:20:41', 0),
(196, 1, 1, 'Pedidos de los jueves de 2 Combo 1 cada 2 semanas', '2019-05-30', '2018-12-17 16:20:41', 0),
(197, 1, 1, 'Pedidos de los jueves de 2 Combo 1 cada 2 semanas', '2019-06-13', '2018-12-17 16:20:41', 0),
(198, 1, 1, 'Pedidos de los jueves de 2 Combo 1 cada 2 semanas', '2019-06-27', '2018-12-17 16:20:41', 0),
(199, 1, 1, 'Pedidos de los jueves de 2 Combo 1 cada 2 semanas', '2019-07-11', '2018-12-17 16:20:41', 0),
(200, 1, 1, 'Pedidos de los jueves de 2 Combo 1 cada 2 semanas', '2019-07-25', '2018-12-17 16:20:41', 0),
(201, 1, 1, 'Pedidos de los jueves de 2 Combo 1 cada 2 semanas', '2019-08-08', '2018-12-17 16:20:42', 0),
(202, 1, 1, 'Pedidos de los jueves de 2 Combo 1 cada 2 semanas', '2019-08-22', '2018-12-17 16:20:42', 0),
(203, 1, 1, 'Pedidos de los jueves de 2 Combo 1 cada 2 semanas', '2019-09-05', '2018-12-17 16:20:42', 0),
(204, 1, 1, 'Pedidos de los jueves de 2 Combo 1 cada 2 semanas', '2019-09-19', '2018-12-17 16:20:42', 0),
(205, 1, 1, 'Pedidos de los jueves de 2 Combo 1 cada 2 semanas', '2019-10-03', '2018-12-17 16:20:42', 0),
(206, 1, 1, 'Pedidos de los jueves de 2 Combo 1 cada 2 semanas', '2019-10-17', '2018-12-17 16:20:42', 0),
(207, 1, 1, 'Pedidos de los jueves de 2 Combo 1 cada 2 semanas', '2019-10-31', '2018-12-17 16:20:42', 0),
(208, 1, 1, 'Pedidos de los jueves de 2 Combo 1 cada 2 semanas', '2019-11-14', '2018-12-17 16:20:42', 0),
(209, 1, 1, 'Pedidos de los jueves de 2 Combo 1 cada 2 semanas', '2019-11-28', '2018-12-17 16:20:43', 0),
(210, 1, 1, 'Pedidos de los jueves de 2 Combo 1 cada 2 semanas', '2019-12-12', '2018-12-17 16:20:43', 0),
(211, 2, 1, 'Pedidos de los lunes de 1 Combo Especifico 2 cada 2 semanas', '2018-12-24', '2018-12-17 16:22:00', 0),
(212, 2, 1, 'Pedidos de los lunes de 1 Combo Especifico 2 cada 2 semanas', '2019-01-07', '2018-12-17 16:22:00', 0),
(213, 2, 1, 'Pedidos de los lunes de 1 Combo Especifico 2 cada 2 semanas', '2019-01-21', '2018-12-17 16:22:00', 0),
(214, 2, 1, 'Pedidos de los lunes de 1 Combo Especifico 2 cada 2 semanas', '2019-02-04', '2018-12-17 16:22:00', 0),
(215, 2, 1, 'Pedidos de los lunes de 1 Combo Especifico 2 cada 2 semanas', '2019-02-18', '2018-12-17 16:22:00', 0),
(216, 2, 1, 'Pedidos de los lunes de 1 Combo Especifico 2 cada 2 semanas', '2019-03-04', '2018-12-17 16:22:01', 0),
(217, 2, 1, 'Pedidos de los lunes de 1 Combo Especifico 2 cada 2 semanas', '2019-03-18', '2018-12-17 16:22:01', 0),
(218, 2, 1, 'Pedidos de los lunes de 1 Combo Especifico 2 cada 2 semanas', '2019-04-01', '2018-12-17 16:22:01', 0),
(219, 2, 1, 'Pedidos de los lunes de 1 Combo Especifico 2 cada 2 semanas', '2019-04-15', '2018-12-17 16:22:01', 0),
(220, 2, 1, 'Pedidos de los lunes de 1 Combo Especifico 2 cada 2 semanas', '2019-04-29', '2018-12-17 16:22:01', 0),
(221, 2, 1, 'Pedidos de los lunes de 1 Combo Especifico 2 cada 2 semanas', '2019-05-13', '2018-12-17 16:22:01', 0),
(222, 2, 1, 'Pedidos de los lunes de 1 Combo Especifico 2 cada 2 semanas', '2019-05-27', '2018-12-17 16:22:01', 0),
(223, 2, 1, 'Pedidos de los lunes de 1 Combo Especifico 2 cada 2 semanas', '2019-06-10', '2018-12-17 16:22:01', 0),
(224, 2, 1, 'Pedidos de los lunes de 1 Combo Especifico 2 cada 2 semanas', '2019-06-24', '2018-12-17 16:22:02', 0),
(225, 2, 1, 'Pedidos de los lunes de 1 Combo Especifico 2 cada 2 semanas', '2019-07-08', '2018-12-17 16:22:02', 0),
(226, 2, 1, 'Pedidos de los lunes de 1 Combo Especifico 2 cada 2 semanas', '2019-07-22', '2018-12-17 16:22:02', 0),
(227, 2, 1, 'Pedidos de los lunes de 1 Combo Especifico 2 cada 2 semanas', '2019-08-05', '2018-12-17 16:22:02', 0),
(228, 2, 1, 'Pedidos de los lunes de 1 Combo Especifico 2 cada 2 semanas', '2019-08-19', '2018-12-17 16:22:02', 0),
(229, 2, 1, 'Pedidos de los lunes de 1 Combo Especifico 2 cada 2 semanas', '2019-09-02', '2018-12-17 16:22:02', 0),
(230, 2, 1, 'Pedidos de los lunes de 1 Combo Especifico 2 cada 2 semanas', '2019-09-16', '2018-12-17 16:22:02', 0),
(231, 2, 1, 'Pedidos de los lunes de 1 Combo Especifico 2 cada 2 semanas', '2019-09-30', '2018-12-17 16:22:02', 0),
(232, 2, 1, 'Pedidos de los lunes de 1 Combo Especifico 2 cada 2 semanas', '2019-10-14', '2018-12-17 16:22:02', 0),
(233, 2, 1, 'Pedidos de los lunes de 1 Combo Especifico 2 cada 2 semanas', '2019-10-28', '2018-12-17 16:22:03', 0),
(234, 2, 1, 'Pedidos de los lunes de 1 Combo Especifico 2 cada 2 semanas', '2019-11-11', '2018-12-17 16:22:03', 0),
(235, 2, 1, 'Pedidos de los lunes de 1 Combo Especifico 2 cada 2 semanas', '2019-11-25', '2018-12-17 16:22:03', 0),
(236, 2, 1, 'Pedidos de los lunes de 1 Combo Especifico 2 cada 2 semanas', '2019-12-09', '2018-12-17 16:22:03', 0),
(237, 2, 1, 'Pedidos de los martes de 2 Combo 2', '2018-12-18', '2018-12-17 16:27:30', 0),
(238, 2, 1, 'Pedidos de los martes de 2 Combo 2', '2018-12-25', '2018-12-17 16:27:30', 0),
(239, 2, 1, 'Pedidos de los martes de 2 Combo 2', '2019-01-01', '2018-12-17 16:27:30', 0),
(240, 2, 1, 'Pedidos de los martes de 2 Combo 2', '2019-01-08', '2018-12-17 16:27:30', 0),
(241, 2, 1, 'Pedidos de los martes de 2 Combo 2', '2019-01-15', '2018-12-17 16:27:30', 0),
(242, 2, 1, 'Pedidos de los martes de 2 Combo 2', '2019-01-22', '2018-12-17 16:27:30', 0),
(243, 2, 1, 'Pedidos de los martes de 2 Combo 2', '2019-01-29', '2018-12-17 16:27:31', 0),
(244, 2, 1, 'Pedidos de los martes de 2 Combo 2', '2019-02-05', '2018-12-17 16:27:31', 0),
(245, 2, 1, 'Pedidos de los martes de 2 Combo 2', '2019-02-12', '2018-12-17 16:27:31', 0),
(246, 2, 1, 'Pedidos de los martes de 2 Combo 2', '2019-02-19', '2018-12-17 16:27:31', 0),
(247, 2, 1, 'Pedidos de los martes de 2 Combo 2', '2019-02-26', '2018-12-17 16:27:31', 0),
(248, 2, 1, 'Pedidos de los martes de 2 Combo 2', '2019-03-05', '2018-12-17 16:27:31', 0),
(249, 2, 1, 'Pedidos de los martes de 2 Combo 2', '2019-03-12', '2018-12-17 16:27:31', 0),
(250, 2, 1, 'Pedidos de los martes de 2 Combo 2', '2019-03-19', '2018-12-17 16:27:31', 0),
(251, 2, 1, 'Pedidos de los martes de 2 Combo 2', '2019-03-26', '2018-12-17 16:27:31', 0),
(252, 2, 1, 'Pedidos de los martes de 2 Combo 2', '2019-04-02', '2018-12-17 16:27:31', 0),
(253, 2, 1, 'Pedidos de los martes de 2 Combo 2', '2019-04-09', '2018-12-17 16:27:32', 0),
(254, 2, 1, 'Pedidos de los martes de 2 Combo 2', '2019-04-16', '2018-12-17 16:27:32', 0),
(255, 2, 1, 'Pedidos de los martes de 2 Combo 2', '2019-04-23', '2018-12-17 16:27:32', 0),
(256, 2, 1, 'Pedidos de los martes de 2 Combo 2', '2019-04-30', '2018-12-17 16:27:32', 0),
(257, 2, 1, 'Pedidos de los martes de 2 Combo 2', '2019-05-07', '2018-12-17 16:27:32', 0),
(258, 2, 1, 'Pedidos de los martes de 2 Combo 2', '2019-05-14', '2018-12-17 16:27:32', 0),
(259, 2, 1, 'Pedidos de los martes de 2 Combo 2', '2019-05-21', '2018-12-17 16:27:32', 0),
(260, 2, 1, 'Pedidos de los martes de 2 Combo 2', '2019-05-28', '2018-12-17 16:27:33', 0),
(261, 2, 1, 'Pedidos de los martes de 2 Combo 2', '2019-06-04', '2018-12-17 16:27:33', 0),
(262, 2, 1, 'Pedidos de los martes de 2 Combo 2', '2019-06-11', '2018-12-17 16:27:33', 0),
(263, 2, 1, 'Pedidos de los martes de 2 Combo 2', '2019-06-18', '2018-12-17 16:27:33', 0),
(264, 2, 1, 'Pedidos de los martes de 2 Combo 2', '2019-06-25', '2018-12-17 16:27:33', 0),
(265, 2, 1, 'Pedidos de los martes de 2 Combo 2', '2019-07-02', '2018-12-17 16:27:33', 0),
(266, 2, 1, 'Pedidos de los martes de 2 Combo 2', '2019-07-09', '2018-12-17 16:27:33', 0),
(267, 2, 1, 'Pedidos de los martes de 2 Combo 2', '2019-07-16', '2018-12-17 16:27:33', 0),
(268, 2, 1, 'Pedidos de los martes de 2 Combo 2', '2019-07-23', '2018-12-17 16:27:33', 0),
(269, 2, 1, 'Pedidos de los martes de 2 Combo 2', '2019-07-30', '2018-12-17 16:27:33', 0),
(270, 2, 1, 'Pedidos de los martes de 2 Combo 2', '2019-08-06', '2018-12-17 16:27:33', 0),
(271, 2, 1, 'Pedidos de los martes de 2 Combo 2', '2019-08-13', '2018-12-17 16:27:34', 0),
(272, 2, 1, 'Pedidos de los martes de 2 Combo 2', '2019-08-20', '2018-12-17 16:27:34', 0),
(273, 2, 1, 'Pedidos de los martes de 2 Combo 2', '2019-08-27', '2018-12-17 16:27:34', 0),
(274, 2, 1, 'Pedidos de los martes de 2 Combo 2', '2019-09-03', '2018-12-17 16:27:34', 0),
(275, 2, 1, 'Pedidos de los martes de 2 Combo 2', '2019-09-10', '2018-12-17 16:27:34', 0),
(276, 2, 1, 'Pedidos de los martes de 2 Combo 2', '2019-09-17', '2018-12-17 16:27:34', 0),
(277, 2, 1, 'Pedidos de los martes de 2 Combo 2', '2019-09-24', '2018-12-17 16:27:34', 0),
(278, 2, 1, 'Pedidos de los martes de 2 Combo 2', '2019-10-01', '2018-12-17 16:27:34', 0),
(279, 2, 1, 'Pedidos de los martes de 2 Combo 2', '2019-10-08', '2018-12-17 16:27:34', 0),
(280, 2, 1, 'Pedidos de los martes de 2 Combo 2', '2019-10-15', '2018-12-17 16:27:34', 0),
(281, 2, 1, 'Pedidos de los martes de 2 Combo 2', '2019-10-22', '2018-12-17 16:27:35', 0),
(282, 2, 1, 'Pedidos de los martes de 2 Combo 2', '2019-10-29', '2018-12-17 16:27:35', 0),
(283, 2, 1, 'Pedidos de los martes de 2 Combo 2', '2019-11-05', '2018-12-17 16:27:35', 0),
(284, 2, 1, 'Pedidos de los martes de 2 Combo 2', '2019-11-12', '2018-12-17 16:27:35', 0),
(285, 2, 1, 'Pedidos de los martes de 2 Combo 2', '2019-11-19', '2018-12-17 16:27:35', 0),
(286, 2, 1, 'Pedidos de los martes de 2 Combo 2', '2019-11-26', '2018-12-17 16:27:35', 0),
(287, 2, 1, 'Pedidos de los martes de 2 Combo 2', '2019-12-03', '2018-12-17 16:27:35', 0),
(288, 2, 1, 'Pedidos de los martes de 2 Combo 2', '2019-12-10', '2018-12-17 16:27:35', 0),
(289, 2, 1, 'Pedidos de los martes de 2 Combo 2', '2019-12-17', '2018-12-17 16:27:35', 0),
(290, 2, 1, 'Pedidos de los lunes de 1 Combo 2', '2018-12-17', '2018-12-17 16:31:19', 0),
(291, 2, 1, 'Pedidos de los lunes de 1 Combo 2', '2018-12-24', '2018-12-17 16:31:19', 0),
(292, 2, 1, 'Pedidos de los lunes de 1 Combo 2', '2018-12-31', '2018-12-17 16:31:19', 0),
(293, 2, 1, 'Pedidos de los lunes de 1 Combo 2', '2019-01-07', '2018-12-17 16:31:19', 0),
(294, 2, 1, 'Pedidos de los lunes de 1 Combo 2', '2019-01-14', '2018-12-17 16:31:19', 0),
(295, 2, 1, 'Pedidos de los lunes de 1 Combo 2', '2019-01-21', '2018-12-17 16:31:20', 0),
(296, 2, 1, 'Pedidos de los lunes de 1 Combo 2', '2019-01-28', '2018-12-17 16:31:20', 0),
(297, 2, 1, 'Pedidos de los lunes de 1 Combo 2', '2019-02-04', '2018-12-17 16:31:20', 0),
(298, 2, 1, 'Pedidos de los lunes de 1 Combo 2', '2019-02-11', '2018-12-17 16:31:20', 0),
(299, 2, 1, 'Pedidos de los lunes de 1 Combo 2', '2019-02-18', '2018-12-17 16:31:20', 0),
(300, 2, 1, 'Pedidos de los lunes de 1 Combo 2', '2019-02-25', '2018-12-17 16:31:20', 0),
(301, 2, 1, 'Pedidos de los lunes de 1 Combo 2', '2019-03-04', '2018-12-17 16:31:20', 0),
(302, 2, 1, 'Pedidos de los lunes de 1 Combo 2', '2019-03-11', '2018-12-17 16:31:20', 0),
(303, 2, 1, 'Pedidos de los lunes de 1 Combo 2', '2019-03-18', '2018-12-17 16:31:20', 0),
(304, 2, 1, 'Pedidos de los lunes de 1 Combo 2', '2019-03-25', '2018-12-17 16:31:21', 0),
(305, 2, 1, 'Pedidos de los lunes de 1 Combo 2', '2019-04-01', '2018-12-17 16:31:21', 0),
(306, 2, 1, 'Pedidos de los lunes de 1 Combo 2', '2019-04-08', '2018-12-17 16:31:21', 0),
(307, 2, 1, 'Pedidos de los lunes de 1 Combo 2', '2019-04-15', '2018-12-17 16:31:21', 0),
(308, 2, 1, 'Pedidos de los lunes de 1 Combo 2', '2019-04-22', '2018-12-17 16:31:21', 0),
(309, 2, 1, 'Pedidos de los lunes de 1 Combo 2', '2019-04-29', '2018-12-17 16:31:21', 0),
(310, 2, 1, 'Pedidos de los lunes de 1 Combo 2', '2019-05-06', '2018-12-17 16:31:21', 0),
(311, 2, 1, 'Pedidos de los lunes de 1 Combo 2', '2019-05-13', '2018-12-17 16:31:21', 0),
(312, 2, 1, 'Pedidos de los lunes de 1 Combo 2', '2019-05-20', '2018-12-17 16:31:21', 0),
(313, 2, 1, 'Pedidos de los lunes de 1 Combo 2', '2019-05-27', '2018-12-17 16:31:21', 0),
(314, 2, 1, 'Pedidos de los lunes de 1 Combo 2', '2019-06-03', '2018-12-17 16:31:21', 0),
(315, 2, 1, 'Pedidos de los lunes de 1 Combo 2', '2019-06-10', '2018-12-17 16:31:22', 0),
(316, 2, 1, 'Pedidos de los lunes de 1 Combo 2', '2019-06-17', '2018-12-17 16:31:22', 0),
(317, 2, 1, 'Pedidos de los lunes de 1 Combo 2', '2019-06-24', '2018-12-17 16:31:22', 0),
(318, 2, 1, 'Pedidos de los lunes de 1 Combo 2', '2019-07-01', '2018-12-17 16:31:22', 0),
(319, 2, 1, 'Pedidos de los lunes de 1 Combo 2', '2019-07-08', '2018-12-17 16:31:22', 0),
(320, 2, 1, 'Pedidos de los lunes de 1 Combo 2', '2019-07-15', '2018-12-17 16:31:22', 0),
(321, 2, 1, 'Pedidos de los lunes de 1 Combo 2', '2019-07-22', '2018-12-17 16:31:22', 0),
(322, 2, 1, 'Pedidos de los lunes de 1 Combo 2', '2019-07-29', '2018-12-17 16:31:22', 0),
(323, 2, 1, 'Pedidos de los lunes de 1 Combo 2', '2019-08-05', '2018-12-17 16:31:22', 0),
(324, 2, 1, 'Pedidos de los lunes de 1 Combo 2', '2019-08-12', '2018-12-17 16:31:23', 0),
(325, 2, 1, 'Pedidos de los lunes de 1 Combo 2', '2019-08-19', '2018-12-17 16:31:23', 0),
(326, 2, 1, 'Pedidos de los lunes de 1 Combo 2', '2019-08-26', '2018-12-17 16:31:23', 0),
(327, 2, 1, 'Pedidos de los lunes de 1 Combo 2', '2019-09-02', '2018-12-17 16:31:23', 0),
(328, 2, 1, 'Pedidos de los lunes de 1 Combo 2', '2019-09-09', '2018-12-17 16:31:24', 0),
(329, 2, 1, 'Pedidos de los lunes de 1 Combo 2', '2019-09-16', '2018-12-17 16:31:24', 0),
(330, 2, 1, 'Pedidos de los lunes de 1 Combo 2', '2019-09-23', '2018-12-17 16:31:24', 0),
(331, 2, 1, 'Pedidos de los lunes de 1 Combo 2', '2019-09-30', '2018-12-17 16:31:24', 0),
(332, 2, 1, 'Pedidos de los lunes de 1 Combo 2', '2019-10-07', '2018-12-17 16:31:24', 0),
(333, 2, 1, 'Pedidos de los lunes de 1 Combo 2', '2019-10-14', '2018-12-17 16:31:24', 0),
(334, 2, 1, 'Pedidos de los lunes de 1 Combo 2', '2019-10-21', '2018-12-17 16:31:24', 0),
(335, 2, 1, 'Pedidos de los lunes de 1 Combo 2', '2019-10-28', '2018-12-17 16:31:25', 0),
(336, 2, 1, 'Pedidos de los lunes de 1 Combo 2', '2019-11-04', '2018-12-17 16:31:25', 0),
(337, 2, 1, 'Pedidos de los lunes de 1 Combo 2', '2019-11-11', '2018-12-17 16:31:25', 0),
(338, 2, 1, 'Pedidos de los lunes de 1 Combo 2', '2019-11-18', '2018-12-17 16:31:25', 0),
(339, 2, 1, 'Pedidos de los lunes de 1 Combo 2', '2019-11-25', '2018-12-17 16:31:25', 0),
(340, 2, 1, 'Pedidos de los lunes de 1 Combo 2', '2019-12-02', '2018-12-17 16:31:25', 0),
(341, 2, 1, 'Pedidos de los lunes de 1 Combo 2', '2019-12-09', '2018-12-17 16:31:25', 0),
(342, 2, 1, 'Pedidos de los lunes de 1 Combo 2', '2019-12-16', '2018-12-17 16:31:26', 0),
(343, 1, 1, 'Pedidos de los miercoles de 2 Combo 3', '2018-12-19', '2018-12-17 16:54:29', 0),
(344, 1, 1, 'Pedidos de los miercoles de 2 Combo 3', '2018-12-26', '2018-12-17 16:54:29', 0),
(345, 1, 1, 'Pedidos de los miercoles de 2 Combo 3', '2019-01-02', '2018-12-17 16:54:30', 0),
(346, 1, 1, 'Pedidos de los miercoles de 2 Combo 3', '2019-01-09', '2018-12-17 16:54:30', 0),
(347, 1, 1, 'Pedidos de los miercoles de 2 Combo 3', '2019-01-16', '2018-12-17 16:54:30', 0),
(348, 1, 1, 'Pedidos de los miercoles de 2 Combo 3', '2019-01-23', '2018-12-17 16:54:30', 0),
(349, 1, 1, 'Pedidos de los miercoles de 2 Combo 3', '2019-01-30', '2018-12-17 16:54:30', 0),
(350, 1, 1, 'Pedidos de los miercoles de 2 Combo 3', '2019-02-06', '2018-12-17 16:54:30', 0),
(351, 1, 1, 'Pedidos de los miercoles de 2 Combo 3', '2019-02-13', '2018-12-17 16:54:30', 0),
(352, 1, 1, 'Pedidos de los miercoles de 2 Combo 3', '2019-02-20', '2018-12-17 16:54:30', 0),
(353, 1, 1, 'Pedidos de los miercoles de 2 Combo 3', '2019-02-27', '2018-12-17 16:54:30', 0),
(354, 1, 1, 'Pedidos de los miercoles de 2 Combo 3', '2019-03-06', '2018-12-17 16:54:30', 0),
(355, 1, 1, 'Pedidos de los miercoles de 2 Combo 3', '2019-03-13', '2018-12-17 16:54:31', 0),
(356, 1, 1, 'Pedidos de los miercoles de 2 Combo 3', '2019-03-20', '2018-12-17 16:54:31', 0),
(357, 1, 1, 'Pedidos de los miercoles de 2 Combo 3', '2019-03-27', '2018-12-17 16:54:31', 0),
(358, 1, 1, 'Pedidos de los miercoles de 2 Combo 3', '2019-04-03', '2018-12-17 16:54:31', 0),
(359, 1, 1, 'Pedidos de los miercoles de 2 Combo 3', '2019-04-10', '2018-12-17 16:54:31', 0),
(360, 1, 1, 'Pedidos de los miercoles de 2 Combo 3', '2019-04-17', '2018-12-17 16:54:31', 0),
(361, 1, 1, 'Pedidos de los miercoles de 2 Combo 3', '2019-04-24', '2018-12-17 16:54:31', 0),
(362, 1, 1, 'Pedidos de los miercoles de 2 Combo 3', '2019-05-01', '2018-12-17 16:54:32', 0),
(363, 1, 1, 'Pedidos de los miercoles de 2 Combo 3', '2019-05-08', '2018-12-17 16:54:32', 0),
(364, 1, 1, 'Pedidos de los miercoles de 2 Combo 3', '2019-05-15', '2018-12-17 16:54:32', 0),
(365, 1, 1, 'Pedidos de los miercoles de 2 Combo 3', '2019-05-22', '2018-12-17 16:54:32', 0),
(366, 1, 1, 'Pedidos de los miercoles de 2 Combo 3', '2019-05-29', '2018-12-17 16:54:32', 0),
(367, 1, 1, 'Pedidos de los miercoles de 2 Combo 3', '2019-06-05', '2018-12-17 16:54:32', 0),
(368, 1, 1, 'Pedidos de los miercoles de 2 Combo 3', '2019-06-12', '2018-12-17 16:54:33', 0),
(369, 1, 1, 'Pedidos de los miercoles de 2 Combo 3', '2019-06-19', '2018-12-17 16:54:33', 0),
(370, 1, 1, 'Pedidos de los miercoles de 2 Combo 3', '2019-06-26', '2018-12-17 16:54:33', 0),
(371, 1, 1, 'Pedidos de los miercoles de 2 Combo 3', '2019-07-03', '2018-12-17 16:54:33', 0),
(372, 1, 1, 'Pedidos de los miercoles de 2 Combo 3', '2019-07-10', '2018-12-17 16:54:33', 0),
(373, 1, 1, 'Pedidos de los miercoles de 2 Combo 3', '2019-07-17', '2018-12-17 16:54:33', 0),
(374, 1, 1, 'Pedidos de los miercoles de 2 Combo 3', '2019-07-24', '2018-12-17 16:54:33', 0),
(375, 1, 1, 'Pedidos de los miercoles de 2 Combo 3', '2019-07-31', '2018-12-17 16:54:33', 0),
(376, 1, 1, 'Pedidos de los miercoles de 2 Combo 3', '2019-08-07', '2018-12-17 16:54:34', 0),
(377, 1, 1, 'Pedidos de los miercoles de 2 Combo 3', '2019-08-14', '2018-12-17 16:54:34', 0),
(378, 1, 1, 'Pedidos de los miercoles de 2 Combo 3', '2019-08-21', '2018-12-17 16:54:34', 0),
(379, 1, 1, 'Pedidos de los miercoles de 2 Combo 3', '2019-08-28', '2018-12-17 16:54:34', 0),
(380, 1, 1, 'Pedidos de los miercoles de 2 Combo 3', '2019-09-04', '2018-12-17 16:54:34', 0),
(381, 1, 1, 'Pedidos de los miercoles de 2 Combo 3', '2019-09-11', '2018-12-17 16:54:35', 0),
(382, 1, 1, 'Pedidos de los miercoles de 2 Combo 3', '2019-09-18', '2018-12-17 16:54:35', 0),
(383, 1, 1, 'Pedidos de los miercoles de 2 Combo 3', '2019-09-25', '2018-12-17 16:54:35', 0),
(384, 1, 1, 'Pedidos de los miercoles de 2 Combo 3', '2019-10-02', '2018-12-17 16:54:35', 0),
(385, 1, 1, 'Pedidos de los miercoles de 2 Combo 3', '2019-10-09', '2018-12-17 16:54:35', 0),
(386, 1, 1, 'Pedidos de los miercoles de 2 Combo 3', '2019-10-16', '2018-12-17 16:54:35', 0),
(387, 1, 1, 'Pedidos de los miercoles de 2 Combo 3', '2019-10-23', '2018-12-17 16:54:35', 0),
(388, 1, 1, 'Pedidos de los miercoles de 2 Combo 3', '2019-10-30', '2018-12-17 16:54:35', 0),
(389, 1, 1, 'Pedidos de los miercoles de 2 Combo 3', '2019-11-06', '2018-12-17 16:54:36', 0),
(390, 1, 1, 'Pedidos de los miercoles de 2 Combo 3', '2019-11-13', '2018-12-17 16:54:36', 0),
(391, 1, 1, 'Pedidos de los miercoles de 2 Combo 3', '2019-11-20', '2018-12-17 16:54:36', 0),
(392, 1, 1, 'Pedidos de los miercoles de 2 Combo 3', '2019-11-27', '2018-12-17 16:54:36', 0),
(393, 1, 1, 'Pedidos de los miercoles de 2 Combo 3', '2019-12-04', '2018-12-17 16:54:36', 0),
(394, 1, 1, 'Pedidos de los miercoles de 2 Combo 3', '2019-12-11', '2018-12-17 16:54:36', 0),
(395, 2, 1, 'Pedidos de los martes de 2 Combo Especifico 1', '2018-12-18', '2018-12-17 18:01:26', 0),
(396, 2, 1, 'Pedidos de los martes de 2 Combo Especifico 1', '2018-12-25', '2018-12-17 18:01:26', 0),
(397, 2, 1, 'Pedidos de los martes de 2 Combo Especifico 1', '2019-01-01', '2018-12-17 18:01:26', 0),
(398, 2, 1, 'Pedidos de los martes de 2 Combo Especifico 1', '2019-01-08', '2018-12-17 18:01:26', 0),
(399, 2, 1, 'Pedidos de los martes de 2 Combo Especifico 1', '2019-01-15', '2018-12-17 18:01:26', 0),
(400, 2, 1, 'Pedidos de los martes de 2 Combo Especifico 1', '2019-01-22', '2018-12-17 18:01:26', 0),
(401, 2, 1, 'Pedidos de los martes de 2 Combo Especifico 1', '2019-01-29', '2018-12-17 18:01:26', 0),
(402, 2, 1, 'Pedidos de los martes de 2 Combo Especifico 1', '2019-02-05', '2018-12-17 18:01:27', 0),
(403, 2, 1, 'Pedidos de los martes de 2 Combo Especifico 1', '2019-02-12', '2018-12-17 18:01:27', 0),
(404, 2, 1, 'Pedidos de los martes de 2 Combo Especifico 1', '2019-02-19', '2018-12-17 18:01:27', 0),
(405, 2, 1, 'Pedidos de los martes de 2 Combo Especifico 1', '2019-02-26', '2018-12-17 18:01:27', 0),
(406, 2, 1, 'Pedidos de los martes de 2 Combo Especifico 1', '2019-03-05', '2018-12-17 18:01:28', 0),
(407, 2, 1, 'Pedidos de los martes de 2 Combo Especifico 1', '2019-03-12', '2018-12-17 18:01:28', 0),
(408, 2, 1, 'Pedidos de los martes de 2 Combo Especifico 1', '2019-03-19', '2018-12-17 18:01:28', 0),
(409, 2, 1, 'Pedidos de los martes de 2 Combo Especifico 1', '2019-03-26', '2018-12-17 18:01:28', 0),
(410, 2, 1, 'Pedidos de los martes de 2 Combo Especifico 1', '2019-04-02', '2018-12-17 18:01:28', 0),
(411, 2, 1, 'Pedidos de los martes de 2 Combo Especifico 1', '2019-04-09', '2018-12-17 18:01:28', 0),
(412, 2, 1, 'Pedidos de los martes de 2 Combo Especifico 1', '2019-04-16', '2018-12-17 18:01:28', 0),
(413, 2, 1, 'Pedidos de los martes de 2 Combo Especifico 1', '2019-04-23', '2018-12-17 18:01:29', 0),
(414, 2, 1, 'Pedidos de los martes de 2 Combo Especifico 1', '2019-04-30', '2018-12-17 18:01:29', 0),
(415, 2, 1, 'Pedidos de los martes de 2 Combo Especifico 1', '2019-05-07', '2018-12-17 18:01:29', 0),
(416, 2, 1, 'Pedidos de los martes de 2 Combo Especifico 1', '2019-05-14', '2018-12-17 18:01:29', 0),
(417, 2, 1, 'Pedidos de los martes de 2 Combo Especifico 1', '2019-05-21', '2018-12-17 18:01:29', 0),
(418, 2, 1, 'Pedidos de los martes de 2 Combo Especifico 1', '2019-05-28', '2018-12-17 18:01:29', 0),
(419, 2, 1, 'Pedidos de los martes de 2 Combo Especifico 1', '2019-06-04', '2018-12-17 18:01:29', 0),
(420, 2, 1, 'Pedidos de los martes de 2 Combo Especifico 1', '2019-06-11', '2018-12-17 18:01:29', 0),
(421, 2, 1, 'Pedidos de los martes de 2 Combo Especifico 1', '2019-06-18', '2018-12-17 18:01:30', 0),
(422, 2, 1, 'Pedidos de los martes de 2 Combo Especifico 1', '2019-06-25', '2018-12-17 18:01:30', 0),
(423, 2, 1, 'Pedidos de los martes de 2 Combo Especifico 1', '2019-07-02', '2018-12-17 18:01:30', 0),
(424, 2, 1, 'Pedidos de los martes de 2 Combo Especifico 1', '2019-07-09', '2018-12-17 18:01:30', 0),
(425, 2, 1, 'Pedidos de los martes de 2 Combo Especifico 1', '2019-07-16', '2018-12-17 18:01:30', 0),
(426, 2, 1, 'Pedidos de los martes de 2 Combo Especifico 1', '2019-07-23', '2018-12-17 18:01:30', 0),
(427, 2, 1, 'Pedidos de los martes de 2 Combo Especifico 1', '2019-07-30', '2018-12-17 18:01:30', 0),
(428, 2, 1, 'Pedidos de los martes de 2 Combo Especifico 1', '2019-08-06', '2018-12-17 18:01:31', 0),
(429, 2, 1, 'Pedidos de los martes de 2 Combo Especifico 1', '2019-08-13', '2018-12-17 18:01:31', 0),
(430, 2, 1, 'Pedidos de los martes de 2 Combo Especifico 1', '2019-08-20', '2018-12-17 18:01:31', 0),
(431, 2, 1, 'Pedidos de los martes de 2 Combo Especifico 1', '2019-08-27', '2018-12-17 18:01:31', 0),
(432, 2, 1, 'Pedidos de los martes de 2 Combo Especifico 1', '2019-09-03', '2018-12-17 18:01:31', 0),
(433, 2, 1, 'Pedidos de los martes de 2 Combo Especifico 1', '2019-09-10', '2018-12-17 18:01:31', 0),
(434, 2, 1, 'Pedidos de los martes de 2 Combo Especifico 1', '2019-09-17', '2018-12-17 18:01:31', 0),
(435, 2, 1, 'Pedidos de los martes de 2 Combo Especifico 1', '2019-09-24', '2018-12-17 18:01:32', 0),
(436, 2, 1, 'Pedidos de los martes de 2 Combo Especifico 1', '2019-10-01', '2018-12-17 18:01:32', 0),
(437, 2, 1, 'Pedidos de los martes de 2 Combo Especifico 1', '2019-10-08', '2018-12-17 18:01:32', 0),
(438, 2, 1, 'Pedidos de los martes de 2 Combo Especifico 1', '2019-10-15', '2018-12-17 18:01:32', 0),
(439, 2, 1, 'Pedidos de los martes de 2 Combo Especifico 1', '2019-10-22', '2018-12-17 18:01:32', 0),
(440, 2, 1, 'Pedidos de los martes de 2 Combo Especifico 1', '2019-10-29', '2018-12-17 18:01:32', 0),
(441, 2, 1, 'Pedidos de los martes de 2 Combo Especifico 1', '2019-11-05', '2018-12-17 18:01:32', 0),
(442, 2, 1, 'Pedidos de los martes de 2 Combo Especifico 1', '2019-11-12', '2018-12-17 18:01:32', 0),
(443, 2, 1, 'Pedidos de los martes de 2 Combo Especifico 1', '2019-11-19', '2018-12-17 18:01:33', 0),
(444, 2, 1, 'Pedidos de los martes de 2 Combo Especifico 1', '2019-11-26', '2018-12-17 18:01:33', 0),
(445, 2, 1, 'Pedidos de los martes de 2 Combo Especifico 1', '2019-12-03', '2018-12-17 18:01:33', 0),
(446, 2, 1, 'Pedidos de los martes de 2 Combo Especifico 1', '2019-12-10', '2018-12-17 18:01:33', 0),
(447, 2, 1, 'Pedidos de los martes de 2 Combo Especifico 1', '2019-12-17', '2018-12-17 18:01:33', 0),
(448, 2, 1, 'Pedidos de todos los dias 25 de 1 Combo Especifico 1', '2018-12-25', '2018-12-17 18:10:19', 0),
(449, 2, 1, 'Pedidos de todos los dias 25 de 1 Combo Especifico 1', '2019-01-25', '2018-12-17 18:10:19', 0),
(450, 2, 1, 'Pedidos de todos los dias 25 de 1 Combo Especifico 1', '2019-02-25', '2018-12-17 18:10:19', 0),
(451, 2, 1, 'Pedidos de todos los dias 25 de 1 Combo Especifico 1', '2019-03-25', '2018-12-17 18:10:20', 0),
(452, 2, 1, 'Pedidos de todos los dias 25 de 1 Combo Especifico 1', '2019-04-25', '2018-12-17 18:10:20', 0),
(453, 2, 1, 'Pedidos de todos los dias 25 de 1 Combo Especifico 1', '2019-05-25', '2018-12-17 18:10:20', 0),
(454, 2, 1, 'Pedidos de todos los dias 25 de 1 Combo Especifico 1', '2019-06-25', '2018-12-17 18:10:20', 0),
(455, 2, 1, 'Pedidos de todos los dias 25 de 1 Combo Especifico 1', '2019-07-25', '2018-12-17 18:10:20', 0),
(456, 2, 1, 'Pedidos de todos los dias 25 de 1 Combo Especifico 1', '2019-08-25', '2018-12-17 18:10:20', 0),
(457, 2, 1, 'Pedidos de todos los dias 25 de 1 Combo Especifico 1', '2019-09-25', '2018-12-17 18:10:20', 0),
(458, 2, 1, 'Pedidos de todos los dias 25 de 1 Combo Especifico 1', '2019-10-25', '2018-12-17 18:10:20', 0),
(459, 2, 1, 'Pedidos de todos los dias 25 de 1 Combo Especifico 1', '2019-11-25', '2018-12-17 18:10:20', 0),
(460, 1, 1, 'Pedidos de todos los dias 18 de 2 Combo Especifico 3', '2018-12-18', '2018-12-17 18:13:01', 0),
(461, 1, 1, 'Pedidos de todos los dias 18 de 2 Combo Especifico 3', '2019-01-18', '2018-12-17 18:13:01', 0),
(462, 1, 1, 'Pedidos de todos los dias 18 de 2 Combo Especifico 3', '2019-02-18', '2018-12-17 18:13:01', 0),
(463, 1, 1, 'Pedidos de todos los dias 18 de 2 Combo Especifico 3', '2019-03-18', '2018-12-17 18:13:01', 0),
(464, 1, 1, 'Pedidos de todos los dias 18 de 2 Combo Especifico 3', '2019-04-18', '2018-12-17 18:13:01', 0),
(465, 1, 1, 'Pedidos de todos los dias 18 de 2 Combo Especifico 3', '2019-05-18', '2018-12-17 18:13:02', 0),
(466, 1, 1, 'Pedidos de todos los dias 18 de 2 Combo Especifico 3', '2019-06-18', '2018-12-17 18:13:02', 0),
(467, 1, 1, 'Pedidos de todos los dias 18 de 2 Combo Especifico 3', '2019-07-18', '2018-12-17 18:13:02', 0),
(468, 1, 1, 'Pedidos de todos los dias 18 de 2 Combo Especifico 3', '2019-08-18', '2018-12-17 18:13:02', 0),
(469, 1, 1, 'Pedidos de todos los dias 18 de 2 Combo Especifico 3', '2019-09-18', '2018-12-17 18:13:02', 0),
(470, 1, 1, 'Pedidos de todos los dias 18 de 2 Combo Especifico 3', '2019-10-18', '2018-12-17 18:13:02', 0),
(471, 1, 1, 'Pedidos de todos los dias 18 de 2 Combo Especifico 3', '2019-11-18', '2018-12-17 18:13:02', 0);

-- --------------------------------------------------------

--
-- Estructura de tabla para la tabla `planta`
--

CREATE TABLE `planta` (
  `id_planta` int(11) NOT NULL,
  `nombre` varchar(250) COLLATE utf8_bin NOT NULL,
  `fecha_registro` datetime NOT NULL DEFAULT CURRENT_TIMESTAMP,
  `estado` tinyint(1) NOT NULL DEFAULT '1'
) ENGINE=InnoDB DEFAULT CHARSET=utf8 COLLATE=utf8_bin;

--
-- Volcado de datos para la tabla `planta`
--

INSERT INTO `planta` (`id_planta`, `nombre`, `fecha_registro`, `estado`) VALUES
(1, 'GYPSOPHILA', '2018-10-25 09:01:26', 1);

-- --------------------------------------------------------

--
-- Estructura de tabla para la tabla `precio`
--

CREATE TABLE `precio` (
  `id_precio` int(11) NOT NULL,
  `id_variedad` int(11) NOT NULL,
  `id_clasificacion_ramo` int(11) NOT NULL,
  `cantidad` int(11) NOT NULL,
  `estado` tinyint(1) NOT NULL DEFAULT '1',
  `fecha_registro` datetime NOT NULL DEFAULT CURRENT_TIMESTAMP
) ENGINE=InnoDB DEFAULT CHARSET=utf8 COLLATE=utf8_bin;

--
-- Volcado de datos para la tabla `precio`
--

INSERT INTO `precio` (`id_precio`, `id_variedad`, `id_clasificacion_ramo`, `cantidad`, `estado`, `fecha_registro`) VALUES
(3, 1, 1, 36, 1, '2018-11-16 09:47:09'),
(24, 1, 2, 24, 1, '2018-11-16 12:39:14'),
(25, 1, 3, 15, 1, '2018-11-16 15:04:23');

-- --------------------------------------------------------

--
-- Estructura de tabla para la tabla `recepcion`
--

CREATE TABLE `recepcion` (
  `id_recepcion` int(11) NOT NULL,
  `id_semana` int(11) NOT NULL,
  `fecha_ingreso` datetime NOT NULL,
  `fecha_registro` datetime NOT NULL DEFAULT CURRENT_TIMESTAMP,
  `estado` tinyint(1) NOT NULL DEFAULT '1'
) ENGINE=InnoDB DEFAULT CHARSET=utf8 COLLATE=utf8_bin;

--
-- Volcado de datos para la tabla `recepcion`
--

INSERT INTO `recepcion` (`id_recepcion`, `id_semana`, `fecha_ingreso`, `fecha_registro`, `estado`) VALUES
(1, 153, '2018-12-03 08:15:00', '2018-12-10 11:58:27', 1),
(2, 153, '2018-12-04 08:15:00', '2018-12-10 11:58:53', 1),
(3, 153, '2018-12-03 08:35:00', '2018-12-10 11:59:17', 1),
(4, 153, '2018-12-04 08:45:00', '2018-12-10 11:59:42', 1),
(5, 153, '2018-12-05 09:00:00', '2018-12-10 12:17:10', 1),
(6, 153, '2018-12-05 09:35:00', '2018-12-10 12:17:31', 1),
(7, 153, '2018-12-06 08:00:00', '2018-12-10 12:18:48', 1),
(8, 153, '2018-12-06 08:50:00', '2018-12-10 12:19:13', 1),
(9, 153, '2018-12-07 08:15:00', '2018-12-10 12:20:45', 1),
(10, 153, '2018-12-07 08:35:00', '2018-12-10 12:21:12', 1),
(11, 154, '2018-12-10 08:00:00', '2018-12-10 12:22:17', 1),
(12, 154, '2018-12-10 08:15:00', '2018-12-10 12:22:39', 1),
(13, 154, '2018-12-11 08:00:00', '2018-12-11 11:14:09', 1),
(14, 154, '2018-12-11 08:15:00', '2018-12-11 11:15:02', 1);

-- --------------------------------------------------------

--
-- Estructura de tabla para la tabla `recepcion_clasificacion_verde`
--

CREATE TABLE `recepcion_clasificacion_verde` (
  `id_recepcion_clasificacion_verde` int(11) NOT NULL,
  `id_recepcion` int(11) NOT NULL,
  `id_clasificacion_verde` int(11) NOT NULL,
  `estado` tinyint(1) NOT NULL DEFAULT '1',
  `fecha_registro` datetime NOT NULL DEFAULT CURRENT_TIMESTAMP
) ENGINE=InnoDB DEFAULT CHARSET=utf8 COLLATE=utf8_bin;

--
-- Volcado de datos para la tabla `recepcion_clasificacion_verde`
--

INSERT INTO `recepcion_clasificacion_verde` (`id_recepcion_clasificacion_verde`, `id_recepcion`, `id_clasificacion_verde`, `estado`, `fecha_registro`) VALUES
(1, 1, 1, 1, '2018-12-10 12:26:27'),
(2, 3, 1, 1, '2018-12-10 12:26:27'),
(3, 2, 2, 1, '2018-12-10 12:32:59'),
(4, 4, 2, 1, '2018-12-10 12:32:59'),
(5, 5, 3, 1, '2018-12-10 12:34:51'),
(6, 6, 3, 1, '2018-12-10 12:34:51'),
(7, 7, 4, 1, '2018-12-10 12:35:58'),
(8, 8, 4, 1, '2018-12-10 12:35:58'),
(9, 9, 5, 1, '2018-12-10 12:38:18'),
(10, 10, 5, 1, '2018-12-10 12:38:18'),
(11, 11, 6, 1, '2018-12-10 12:39:43'),
(12, 12, 6, 1, '2018-12-10 12:39:43'),
(13, 13, 7, 1, '2018-12-11 11:16:29'),
(14, 14, 7, 1, '2018-12-11 11:16:29');

-- --------------------------------------------------------

--
-- Estructura de tabla para la tabla `rol`
--

CREATE TABLE `rol` (
  `id_rol` int(11) NOT NULL,
  `nombre` varchar(25) COLLATE utf8_bin NOT NULL,
  `fecha_registro` datetime NOT NULL DEFAULT CURRENT_TIMESTAMP,
  `estado` char(1) COLLATE utf8_bin NOT NULL DEFAULT 'A',
  `tipo` char(1) COLLATE utf8_bin NOT NULL DEFAULT 'S' COMMENT 'P => Principal; S => Secundario'
) ENGINE=InnoDB DEFAULT CHARSET=utf8 COLLATE=utf8_bin;

--
-- Volcado de datos para la tabla `rol`
--

INSERT INTO `rol` (`id_rol`, `nombre`, `fecha_registro`, `estado`, `tipo`) VALUES
(1, 'ADMINISTRADOR', '2018-10-02 09:09:40', 'A', 'P'),
(2, 'REPORTES', '2018-10-04 14:11:55', 'A', 'S');

-- --------------------------------------------------------

--
-- Estructura de tabla para la tabla `rol_submenu`
--

CREATE TABLE `rol_submenu` (
  `id_rol_submenu` int(11) NOT NULL,
  `id_rol` int(11) DEFAULT NULL,
  `id_submenu` int(11) DEFAULT NULL,
  `fecha_registro` datetime NOT NULL DEFAULT CURRENT_TIMESTAMP,
  `estado` char(1) COLLATE utf8_bin NOT NULL DEFAULT 'A'
) ENGINE=InnoDB DEFAULT CHARSET=utf8 COLLATE=utf8_bin;

--
-- Volcado de datos para la tabla `rol_submenu`
--

INSERT INTO `rol_submenu` (`id_rol_submenu`, `id_rol`, `id_submenu`, `fecha_registro`, `estado`) VALUES
(1, 1, 1, '2018-10-02 09:50:30', 'A'),
(2, 1, 2, '2018-10-03 08:39:35', 'A'),
(3, 1, 3, '2018-10-04 12:37:08', 'A'),
(4, 1, 4, '2018-10-24 09:30:32', 'A'),
(5, 1, 7, '2018-10-24 09:37:07', 'A'),
(6, 1, 5, '2018-10-24 09:37:30', 'A'),
(7, 1, 6, '2018-10-24 09:37:43', 'A'),
(8, 1, 8, '2018-10-24 09:39:42', 'A'),
(9, 1, 9, '2018-11-05 11:55:50', 'A'),
(10, 1, 10, '2018-11-05 16:50:01', 'A'),
(11, 1, 11, '2018-11-06 08:30:51', 'A'),
(12, 1, 12, '2018-11-08 14:51:56', 'A'),
(13, 1, 13, '2018-11-14 09:38:25', 'A'),
(14, 1, 14, '2018-12-03 09:35:05', 'A'),
(15, 1, 15, '2018-12-03 11:18:06', 'A'),
(16, 1, 16, '2018-12-05 09:55:51', 'A'),
(17, 1, 17, '2018-12-17 15:54:50', 'A');

-- --------------------------------------------------------

--
-- Estructura de tabla para la tabla `sector`
--

CREATE TABLE `sector` (
  `id_sector` int(11) NOT NULL,
  `nombre` varchar(250) COLLATE utf8_bin NOT NULL,
  `fecha_registro` datetime NOT NULL DEFAULT CURRENT_TIMESTAMP,
  `estado` tinyint(1) NOT NULL DEFAULT '1',
  `area` int(11) DEFAULT NULL,
  `descripcion` varchar(1000) COLLATE utf8_bin DEFAULT NULL
) ENGINE=InnoDB DEFAULT CHARSET=utf8 COLLATE=utf8_bin;

-- --------------------------------------------------------

--
-- Estructura de tabla para la tabla `semana`
--

CREATE TABLE `semana` (
  `id_semana` int(11) NOT NULL,
  `codigo` varchar(4) COLLATE utf8_bin NOT NULL,
  `fecha_inicial` date NOT NULL,
  `fecha_final` date NOT NULL,
  `curva` varchar(11) COLLATE utf8_bin DEFAULT NULL,
  `desecho` int(2) DEFAULT NULL,
  `semana_poda` int(2) DEFAULT NULL,
  `semana_siembra` int(11) DEFAULT NULL,
  `fecha_registro` datetime NOT NULL DEFAULT CURRENT_TIMESTAMP,
  `estado` tinyint(1) NOT NULL DEFAULT '1',
  `anno` int(4) NOT NULL,
  `id_variedad` int(11) NOT NULL
) ENGINE=InnoDB DEFAULT CHARSET=utf8 COLLATE=utf8_bin;

--
-- Volcado de datos para la tabla `semana`
--

INSERT INTO `semana` (`id_semana`, `codigo`, `fecha_inicial`, `fecha_final`, `curva`, `desecho`, `semana_poda`, `semana_siembra`, `fecha_registro`, `estado`, `anno`, `id_variedad`) VALUES
(1, '1901', '2018-12-31', '2019-01-06', NULL, NULL, NULL, NULL, '2018-11-05 12:50:12', 1, 2019, 1),
(2, '1902', '2019-01-07', '2019-01-13', NULL, NULL, NULL, NULL, '2018-11-05 12:50:12', 1, 2019, 1),
(3, '1903', '2019-01-14', '2019-01-20', NULL, NULL, NULL, NULL, '2018-11-05 12:50:13', 1, 2019, 1),
(4, '1904', '2019-01-21', '2019-01-27', NULL, NULL, NULL, NULL, '2018-11-05 12:50:13', 1, 2019, 1),
(5, '1905', '2019-01-28', '2019-02-03', NULL, NULL, NULL, NULL, '2018-11-05 12:50:13', 1, 2019, 1),
(6, '1906', '2019-02-04', '2019-02-10', NULL, NULL, NULL, NULL, '2018-11-05 12:50:13', 1, 2019, 1),
(7, '1907', '2019-02-11', '2019-02-17', NULL, NULL, NULL, NULL, '2018-11-05 12:50:14', 1, 2019, 1),
(8, '1908', '2019-02-18', '2019-02-24', NULL, NULL, NULL, NULL, '2018-11-05 12:50:14', 1, 2019, 1),
(9, '1909', '2019-02-25', '2019-03-03', NULL, NULL, NULL, NULL, '2018-11-05 12:50:14', 1, 2019, 1),
(10, '1910', '2019-03-04', '2019-03-10', NULL, NULL, NULL, NULL, '2018-11-05 12:50:14', 1, 2019, 1),
(11, '1911', '2019-03-11', '2019-03-17', NULL, NULL, NULL, NULL, '2018-11-05 12:50:14', 1, 2019, 1),
(12, '1912', '2019-03-18', '2019-03-24', NULL, NULL, NULL, NULL, '2018-11-05 12:50:14', 1, 2019, 1),
(13, '1913', '2019-03-25', '2019-03-31', NULL, NULL, NULL, NULL, '2018-11-05 12:50:14', 1, 2019, 1),
(14, '1914', '2019-04-01', '2019-04-07', NULL, NULL, NULL, NULL, '2018-11-05 12:50:14', 1, 2019, 1),
(15, '1915', '2019-04-08', '2019-04-14', NULL, NULL, NULL, NULL, '2018-11-05 12:50:14', 1, 2019, 1),
(16, '1916', '2019-04-15', '2019-04-21', NULL, NULL, NULL, NULL, '2018-11-05 12:50:14', 1, 2019, 1),
(17, '1917', '2019-04-22', '2019-04-28', NULL, NULL, NULL, NULL, '2018-11-05 12:50:14', 1, 2019, 1),
(18, '1918', '2019-04-29', '2019-05-05', NULL, NULL, NULL, NULL, '2018-11-05 12:50:14', 1, 2019, 1),
(19, '1919', '2019-05-06', '2019-05-12', NULL, NULL, NULL, NULL, '2018-11-05 12:50:15', 1, 2019, 1),
(20, '1920', '2019-05-13', '2019-05-19', NULL, NULL, NULL, NULL, '2018-11-05 12:50:15', 1, 2019, 1),
(21, '1921', '2019-05-20', '2019-05-26', NULL, NULL, NULL, NULL, '2018-11-05 12:50:15', 1, 2019, 1),
(22, '1922', '2019-05-27', '2019-06-02', NULL, NULL, NULL, NULL, '2018-11-05 12:50:15', 1, 2019, 1),
(23, '1923', '2019-06-03', '2019-06-09', NULL, NULL, NULL, NULL, '2018-11-05 12:50:15', 1, 2019, 1),
(24, '1924', '2019-06-10', '2019-06-16', NULL, NULL, NULL, NULL, '2018-11-05 12:50:15', 1, 2019, 1),
(25, '1925', '2019-06-17', '2019-06-23', NULL, NULL, NULL, NULL, '2018-11-05 12:50:15', 1, 2019, 1),
(26, '1926', '2019-06-24', '2019-06-30', NULL, NULL, NULL, NULL, '2018-11-05 12:50:15', 1, 2019, 1),
(27, '1927', '2019-07-01', '2019-07-07', NULL, NULL, NULL, NULL, '2018-11-05 12:50:15', 1, 2019, 1),
(28, '1928', '2019-07-08', '2019-07-14', NULL, NULL, NULL, NULL, '2018-11-05 12:50:15', 1, 2019, 1),
(29, '1929', '2019-07-15', '2019-07-21', NULL, NULL, NULL, NULL, '2018-11-05 12:50:15', 1, 2019, 1),
(30, '1930', '2019-07-22', '2019-07-28', NULL, NULL, NULL, NULL, '2018-11-05 12:50:15', 1, 2019, 1),
(31, '1931', '2019-07-29', '2019-08-04', NULL, NULL, NULL, NULL, '2018-11-05 12:50:15', 1, 2019, 1),
(32, '1932', '2019-08-05', '2019-08-11', NULL, NULL, NULL, NULL, '2018-11-05 12:50:15', 1, 2019, 1),
(33, '1933', '2019-08-12', '2019-08-18', NULL, NULL, NULL, NULL, '2018-11-05 12:50:15', 1, 2019, 1),
(34, '1934', '2019-08-19', '2019-08-25', NULL, NULL, NULL, NULL, '2018-11-05 12:50:15', 1, 2019, 1),
(35, '1935', '2019-08-26', '2019-09-01', NULL, NULL, NULL, NULL, '2018-11-05 12:50:15', 1, 2019, 1),
(36, '1936', '2019-09-02', '2019-09-08', NULL, NULL, NULL, NULL, '2018-11-05 12:50:16', 1, 2019, 1),
(37, '1937', '2019-09-09', '2019-09-15', NULL, NULL, NULL, NULL, '2018-11-05 12:50:16', 1, 2019, 1),
(38, '1938', '2019-09-16', '2019-09-22', NULL, NULL, NULL, NULL, '2018-11-05 12:50:16', 1, 2019, 1),
(39, '1939', '2019-09-23', '2019-09-29', NULL, NULL, NULL, NULL, '2018-11-05 12:50:16', 1, 2019, 1),
(40, '1940', '2019-09-30', '2019-10-06', NULL, NULL, NULL, NULL, '2018-11-05 12:50:16', 1, 2019, 1),
(41, '1941', '2019-10-07', '2019-10-13', NULL, NULL, NULL, NULL, '2018-11-05 12:50:16', 1, 2019, 1),
(42, '1942', '2019-10-14', '2019-10-20', NULL, NULL, NULL, NULL, '2018-11-05 12:50:16', 1, 2019, 1),
(43, '1943', '2019-10-21', '2019-10-27', NULL, NULL, NULL, NULL, '2018-11-05 12:50:16', 1, 2019, 1),
(44, '1944', '2019-10-28', '2019-11-03', NULL, NULL, NULL, NULL, '2018-11-05 12:50:16', 1, 2019, 1),
(45, '1945', '2019-11-04', '2019-11-10', NULL, NULL, NULL, NULL, '2018-11-05 12:50:16', 1, 2019, 1),
(46, '1946', '2019-11-11', '2019-11-17', NULL, NULL, NULL, NULL, '2018-11-05 12:50:16', 1, 2019, 1),
(47, '1947', '2019-11-18', '2019-11-24', NULL, NULL, NULL, NULL, '2018-11-05 12:50:16', 1, 2019, 1),
(48, '1948', '2019-11-25', '2019-12-01', NULL, NULL, NULL, NULL, '2018-11-05 12:50:16', 1, 2019, 1),
(49, '1949', '2019-12-02', '2019-12-08', NULL, NULL, NULL, NULL, '2018-11-05 12:50:16', 1, 2019, 1),
(50, '1950', '2019-12-09', '2019-12-15', NULL, NULL, NULL, NULL, '2018-11-05 12:50:16', 1, 2019, 1),
(51, '1951', '2019-12-16', '2019-12-22', NULL, NULL, NULL, NULL, '2018-11-05 12:50:17', 1, 2019, 1),
(52, '1952', '2019-12-23', '2019-12-29', NULL, NULL, NULL, NULL, '2018-11-05 12:50:17', 1, 2019, 1),
(53, '1901', '2018-12-31', '2019-01-06', NULL, NULL, NULL, NULL, '2018-11-05 12:51:47', 1, 2019, 2),
(54, '1902', '2019-01-07', '2019-01-13', NULL, NULL, NULL, NULL, '2018-11-05 12:51:47', 1, 2019, 2),
(55, '1903', '2019-01-14', '2019-01-20', NULL, NULL, NULL, NULL, '2018-11-05 12:51:48', 1, 2019, 2),
(56, '1904', '2019-01-21', '2019-01-27', NULL, NULL, NULL, NULL, '2018-11-05 12:51:48', 1, 2019, 2),
(57, '1905', '2019-01-28', '2019-02-03', NULL, NULL, NULL, NULL, '2018-11-05 12:51:48', 1, 2019, 2),
(58, '1906', '2019-02-04', '2019-02-10', NULL, NULL, NULL, NULL, '2018-11-05 12:51:48', 1, 2019, 2),
(59, '1907', '2019-02-11', '2019-02-17', NULL, NULL, NULL, NULL, '2018-11-05 12:51:48', 1, 2019, 2),
(60, '1908', '2019-02-18', '2019-02-24', NULL, NULL, NULL, NULL, '2018-11-05 12:51:48', 1, 2019, 2),
(61, '1909', '2019-02-25', '2019-03-03', NULL, NULL, NULL, NULL, '2018-11-05 12:51:48', 1, 2019, 2),
(62, '1910', '2019-03-04', '2019-03-10', NULL, NULL, NULL, NULL, '2018-11-05 12:51:48', 1, 2019, 2),
(63, '1911', '2019-03-11', '2019-03-17', NULL, NULL, NULL, NULL, '2018-11-05 12:51:48', 1, 2019, 2),
(64, '1912', '2019-03-18', '2019-03-24', NULL, NULL, NULL, NULL, '2018-11-05 12:51:48', 1, 2019, 2),
(65, '1913', '2019-03-25', '2019-03-31', NULL, NULL, NULL, NULL, '2018-11-05 12:51:48', 1, 2019, 2),
(66, '1914', '2019-04-01', '2019-04-07', NULL, NULL, NULL, NULL, '2018-11-05 12:51:48', 1, 2019, 2),
(67, '1915', '2019-04-08', '2019-04-14', NULL, NULL, NULL, NULL, '2018-11-05 12:51:49', 1, 2019, 2),
(68, '1916', '2019-04-15', '2019-04-21', NULL, NULL, NULL, NULL, '2018-11-05 12:51:49', 1, 2019, 2),
(69, '1917', '2019-04-22', '2019-04-28', NULL, NULL, NULL, NULL, '2018-11-05 12:51:49', 1, 2019, 2),
(70, '1918', '2019-04-29', '2019-05-05', NULL, NULL, NULL, NULL, '2018-11-05 12:51:49', 1, 2019, 2),
(71, '1919', '2019-05-06', '2019-05-12', NULL, NULL, NULL, NULL, '2018-11-05 12:51:49', 1, 2019, 2),
(72, '1920', '2019-05-13', '2019-05-19', NULL, NULL, NULL, NULL, '2018-11-05 12:51:49', 1, 2019, 2),
(73, '1921', '2019-05-20', '2019-05-26', NULL, NULL, NULL, NULL, '2018-11-05 12:51:49', 1, 2019, 2),
(74, '1922', '2019-05-27', '2019-06-02', NULL, NULL, NULL, NULL, '2018-11-05 12:51:49', 1, 2019, 2),
(75, '1923', '2019-06-03', '2019-06-09', NULL, NULL, NULL, NULL, '2018-11-05 12:51:49', 1, 2019, 2),
(76, '1924', '2019-06-10', '2019-06-16', NULL, NULL, NULL, NULL, '2018-11-05 12:51:49', 1, 2019, 2),
(77, '1925', '2019-06-17', '2019-06-23', NULL, NULL, NULL, NULL, '2018-11-05 12:51:49', 1, 2019, 2),
(78, '1926', '2019-06-24', '2019-06-30', NULL, NULL, NULL, NULL, '2018-11-05 12:51:49', 1, 2019, 2),
(79, '1927', '2019-07-01', '2019-07-07', NULL, NULL, NULL, NULL, '2018-11-05 12:51:49', 1, 2019, 2),
(80, '1928', '2019-07-08', '2019-07-14', NULL, NULL, NULL, NULL, '2018-11-05 12:51:49', 1, 2019, 2),
(81, '1929', '2019-07-15', '2019-07-21', NULL, NULL, NULL, NULL, '2018-11-05 12:51:49', 1, 2019, 2),
(82, '1930', '2019-07-22', '2019-07-28', NULL, NULL, NULL, NULL, '2018-11-05 12:51:50', 1, 2019, 2),
(83, '1931', '2019-07-29', '2019-08-04', NULL, NULL, NULL, NULL, '2018-11-05 12:51:50', 1, 2019, 2),
(84, '1932', '2019-08-05', '2019-08-11', NULL, NULL, NULL, NULL, '2018-11-05 12:51:50', 1, 2019, 2),
(85, '1933', '2019-08-12', '2019-08-18', NULL, NULL, NULL, NULL, '2018-11-05 12:51:50', 1, 2019, 2),
(86, '1934', '2019-08-19', '2019-08-25', NULL, NULL, NULL, NULL, '2018-11-05 12:51:50', 1, 2019, 2),
(87, '1935', '2019-08-26', '2019-09-01', NULL, NULL, NULL, NULL, '2018-11-05 12:51:50', 1, 2019, 2),
(88, '1936', '2019-09-02', '2019-09-08', NULL, NULL, NULL, NULL, '2018-11-05 12:51:50', 1, 2019, 2),
(89, '1937', '2019-09-09', '2019-09-15', NULL, NULL, NULL, NULL, '2018-11-05 12:51:50', 1, 2019, 2),
(90, '1938', '2019-09-16', '2019-09-22', NULL, NULL, NULL, NULL, '2018-11-05 12:51:50', 1, 2019, 2),
(91, '1939', '2019-09-23', '2019-09-29', NULL, NULL, NULL, NULL, '2018-11-05 12:51:50', 1, 2019, 2),
(92, '1940', '2019-09-30', '2019-10-06', NULL, NULL, NULL, NULL, '2018-11-05 12:51:50', 1, 2019, 2),
(93, '1941', '2019-10-07', '2019-10-13', NULL, NULL, NULL, NULL, '2018-11-05 12:51:50', 1, 2019, 2),
(94, '1942', '2019-10-14', '2019-10-20', NULL, NULL, NULL, NULL, '2018-11-05 12:51:50', 1, 2019, 2),
(95, '1943', '2019-10-21', '2019-10-27', NULL, NULL, NULL, NULL, '2018-11-05 12:51:50', 1, 2019, 2),
(96, '1944', '2019-10-28', '2019-11-03', NULL, NULL, NULL, NULL, '2018-11-05 12:51:50', 1, 2019, 2),
(97, '1945', '2019-11-04', '2019-11-10', NULL, NULL, NULL, NULL, '2018-11-05 12:51:50', 1, 2019, 2),
(98, '1946', '2019-11-11', '2019-11-17', NULL, NULL, NULL, NULL, '2018-11-05 12:51:50', 1, 2019, 2),
(99, '1947', '2019-11-18', '2019-11-24', NULL, NULL, NULL, NULL, '2018-11-05 12:51:50', 1, 2019, 2),
(100, '1948', '2019-11-25', '2019-12-01', NULL, NULL, NULL, NULL, '2018-11-05 12:51:51', 1, 2019, 2),
(101, '1949', '2019-12-02', '2019-12-08', NULL, NULL, NULL, NULL, '2018-11-05 12:51:51', 1, 2019, 2),
(102, '1950', '2019-12-09', '2019-12-15', NULL, NULL, NULL, NULL, '2018-11-05 12:51:51', 1, 2019, 2),
(103, '1951', '2019-12-16', '2019-12-22', NULL, NULL, NULL, NULL, '2018-11-05 12:51:51', 1, 2019, 2),
(104, '1952', '2019-12-23', '2019-12-29', NULL, NULL, NULL, NULL, '2018-11-05 12:51:51', 1, 2019, 2),
(105, '1801', '2018-01-01', '2018-01-07', NULL, NULL, NULL, NULL, '2018-11-30 10:48:57', 1, 2018, 1),
(106, '1802', '2018-01-08', '2018-01-14', NULL, NULL, NULL, NULL, '2018-11-30 10:48:58', 1, 2018, 1),
(107, '1803', '2018-01-15', '2018-01-21', NULL, NULL, NULL, NULL, '2018-11-30 10:48:58', 1, 2018, 1),
(108, '1804', '2018-01-22', '2018-01-28', NULL, NULL, NULL, NULL, '2018-11-30 10:48:58', 1, 2018, 1),
(109, '1805', '2018-01-29', '2018-02-04', NULL, NULL, NULL, NULL, '2018-11-30 10:48:58', 1, 2018, 1),
(110, '1806', '2018-02-05', '2018-02-11', NULL, NULL, NULL, NULL, '2018-11-30 10:48:58', 1, 2018, 1),
(111, '1807', '2018-02-12', '2018-02-18', NULL, NULL, NULL, NULL, '2018-11-30 10:48:58', 1, 2018, 1),
(112, '1808', '2018-02-19', '2018-02-25', NULL, NULL, NULL, NULL, '2018-11-30 10:48:58', 1, 2018, 1),
(113, '1809', '2018-02-26', '2018-03-04', NULL, NULL, NULL, NULL, '2018-11-30 10:48:58', 1, 2018, 1),
(114, '1810', '2018-03-05', '2018-03-11', NULL, NULL, NULL, NULL, '2018-11-30 10:48:58', 1, 2018, 1),
(115, '1811', '2018-03-12', '2018-03-18', NULL, NULL, NULL, NULL, '2018-11-30 10:48:58', 1, 2018, 1),
(116, '1812', '2018-03-19', '2018-03-25', NULL, NULL, NULL, NULL, '2018-11-30 10:48:58', 1, 2018, 1),
(117, '1813', '2018-03-26', '2018-04-01', NULL, NULL, NULL, NULL, '2018-11-30 10:48:59', 1, 2018, 1),
(118, '1814', '2018-04-02', '2018-04-08', NULL, NULL, NULL, NULL, '2018-11-30 10:48:59', 1, 2018, 1),
(119, '1815', '2018-04-09', '2018-04-15', NULL, NULL, NULL, NULL, '2018-11-30 10:48:59', 1, 2018, 1),
(120, '1816', '2018-04-16', '2018-04-22', NULL, NULL, NULL, NULL, '2018-11-30 10:48:59', 1, 2018, 1),
(121, '1817', '2018-04-23', '2018-04-29', NULL, NULL, NULL, NULL, '2018-11-30 10:48:59', 1, 2018, 1),
(122, '1818', '2018-04-30', '2018-05-06', NULL, NULL, NULL, NULL, '2018-11-30 10:48:59', 1, 2018, 1),
(123, '1819', '2018-05-07', '2018-05-13', NULL, NULL, NULL, NULL, '2018-11-30 10:48:59', 1, 2018, 1),
(124, '1820', '2018-05-14', '2018-05-20', NULL, NULL, NULL, NULL, '2018-11-30 10:48:59', 1, 2018, 1),
(125, '1821', '2018-05-21', '2018-05-27', NULL, NULL, NULL, NULL, '2018-11-30 10:48:59', 1, 2018, 1),
(126, '1822', '2018-05-28', '2018-06-03', NULL, NULL, NULL, NULL, '2018-11-30 10:48:59', 1, 2018, 1),
(127, '1823', '2018-06-04', '2018-06-10', NULL, NULL, NULL, NULL, '2018-11-30 10:48:59', 1, 2018, 1),
(128, '1824', '2018-06-11', '2018-06-17', NULL, NULL, NULL, NULL, '2018-11-30 10:49:00', 1, 2018, 1),
(129, '1825', '2018-06-18', '2018-06-24', NULL, NULL, NULL, NULL, '2018-11-30 10:49:00', 1, 2018, 1),
(130, '1826', '2018-06-25', '2018-07-01', NULL, NULL, NULL, NULL, '2018-11-30 10:49:00', 1, 2018, 1),
(131, '1827', '2018-07-02', '2018-07-08', NULL, NULL, NULL, NULL, '2018-11-30 10:49:00', 1, 2018, 1),
(132, '1828', '2018-07-09', '2018-07-15', NULL, NULL, NULL, NULL, '2018-11-30 10:49:00', 1, 2018, 1),
(133, '1829', '2018-07-16', '2018-07-22', NULL, NULL, NULL, NULL, '2018-11-30 10:49:00', 1, 2018, 1),
(134, '1830', '2018-07-23', '2018-07-29', NULL, NULL, NULL, NULL, '2018-11-30 10:49:00', 1, 2018, 1),
(135, '1831', '2018-07-30', '2018-08-05', NULL, NULL, NULL, NULL, '2018-11-30 10:49:00', 1, 2018, 1),
(136, '1832', '2018-08-06', '2018-08-12', NULL, NULL, NULL, NULL, '2018-11-30 10:49:00', 1, 2018, 1),
(137, '1833', '2018-08-13', '2018-08-19', NULL, NULL, NULL, NULL, '2018-11-30 10:49:00', 1, 2018, 1),
(138, '1834', '2018-08-20', '2018-08-26', NULL, NULL, NULL, NULL, '2018-11-30 10:49:00', 1, 2018, 1),
(139, '1835', '2018-08-27', '2018-09-02', NULL, NULL, NULL, NULL, '2018-11-30 10:49:00', 1, 2018, 1),
(140, '1836', '2018-09-03', '2018-09-09', NULL, NULL, NULL, NULL, '2018-11-30 10:49:00', 1, 2018, 1),
(141, '1837', '2018-09-10', '2018-09-16', NULL, NULL, NULL, NULL, '2018-11-30 10:49:01', 1, 2018, 1),
(142, '1838', '2018-09-17', '2018-09-23', NULL, NULL, NULL, NULL, '2018-11-30 10:49:01', 1, 2018, 1),
(143, '1839', '2018-09-24', '2018-09-30', NULL, NULL, NULL, NULL, '2018-11-30 10:49:01', 1, 2018, 1),
(144, '1840', '2018-10-01', '2018-10-07', NULL, NULL, NULL, NULL, '2018-11-30 10:49:01', 1, 2018, 1),
(145, '1841', '2018-10-08', '2018-10-14', NULL, NULL, NULL, NULL, '2018-11-30 10:49:01', 1, 2018, 1),
(146, '1842', '2018-10-15', '2018-10-21', NULL, NULL, NULL, NULL, '2018-11-30 10:49:01', 1, 2018, 1),
(147, '1843', '2018-10-22', '2018-10-28', NULL, NULL, NULL, NULL, '2018-11-30 10:49:01', 1, 2018, 1),
(148, '1844', '2018-10-29', '2018-11-04', NULL, NULL, NULL, NULL, '2018-11-30 10:49:01', 1, 2018, 1),
(149, '1845', '2018-11-05', '2018-11-11', NULL, NULL, NULL, NULL, '2018-11-30 10:49:01', 1, 2018, 1),
(150, '1846', '2018-11-12', '2018-11-18', NULL, NULL, NULL, NULL, '2018-11-30 10:49:01', 1, 2018, 1),
(151, '1847', '2018-11-19', '2018-11-25', NULL, NULL, NULL, NULL, '2018-11-30 10:49:01', 1, 2018, 1),
(152, '1848', '2018-11-26', '2018-12-02', NULL, NULL, NULL, NULL, '2018-11-30 10:49:01', 1, 2018, 1),
(153, '1849', '2018-12-03', '2018-12-09', NULL, NULL, NULL, NULL, '2018-11-30 10:49:02', 1, 2018, 1),
(154, '1850', '2018-12-10', '2018-12-16', NULL, NULL, NULL, NULL, '2018-11-30 10:49:02', 1, 2018, 1),
(155, '1851', '2018-12-17', '2018-12-23', NULL, NULL, NULL, NULL, '2018-11-30 10:49:02', 1, 2018, 1),
(156, '1852', '2018-12-24', '2018-12-30', NULL, NULL, NULL, NULL, '2018-11-30 10:49:02', 1, 2018, 1),
(157, '1801', '2018-01-01', '2018-01-07', NULL, NULL, NULL, NULL, '2018-11-30 10:49:40', 1, 2018, 2),
(158, '1802', '2018-01-08', '2018-01-14', NULL, NULL, NULL, NULL, '2018-11-30 10:49:40', 1, 2018, 2),
(159, '1803', '2018-01-15', '2018-01-21', NULL, NULL, NULL, NULL, '2018-11-30 10:49:40', 1, 2018, 2),
(160, '1804', '2018-01-22', '2018-01-28', NULL, NULL, NULL, NULL, '2018-11-30 10:49:40', 1, 2018, 2),
(161, '1805', '2018-01-29', '2018-02-04', NULL, NULL, NULL, NULL, '2018-11-30 10:49:40', 1, 2018, 2),
(162, '1806', '2018-02-05', '2018-02-11', NULL, NULL, NULL, NULL, '2018-11-30 10:49:40', 1, 2018, 2),
(163, '1807', '2018-02-12', '2018-02-18', NULL, NULL, NULL, NULL, '2018-11-30 10:49:40', 1, 2018, 2),
(164, '1808', '2018-02-19', '2018-02-25', NULL, NULL, NULL, NULL, '2018-11-30 10:49:40', 1, 2018, 2),
(165, '1809', '2018-02-26', '2018-03-04', NULL, NULL, NULL, NULL, '2018-11-30 10:49:40', 1, 2018, 2),
(166, '1810', '2018-03-05', '2018-03-11', NULL, NULL, NULL, NULL, '2018-11-30 10:49:40', 1, 2018, 2),
(167, '1811', '2018-03-12', '2018-03-18', NULL, NULL, NULL, NULL, '2018-11-30 10:49:41', 1, 2018, 2),
(168, '1812', '2018-03-19', '2018-03-25', NULL, NULL, NULL, NULL, '2018-11-30 10:49:41', 1, 2018, 2),
(169, '1813', '2018-03-26', '2018-04-01', NULL, NULL, NULL, NULL, '2018-11-30 10:49:41', 1, 2018, 2),
(170, '1814', '2018-04-02', '2018-04-08', NULL, NULL, NULL, NULL, '2018-11-30 10:49:41', 1, 2018, 2),
(171, '1815', '2018-04-09', '2018-04-15', NULL, NULL, NULL, NULL, '2018-11-30 10:49:41', 1, 2018, 2),
(172, '1816', '2018-04-16', '2018-04-22', NULL, NULL, NULL, NULL, '2018-11-30 10:49:41', 1, 2018, 2),
(173, '1817', '2018-04-23', '2018-04-29', NULL, NULL, NULL, NULL, '2018-11-30 10:49:41', 1, 2018, 2),
(174, '1818', '2018-04-30', '2018-05-06', NULL, NULL, NULL, NULL, '2018-11-30 10:49:41', 1, 2018, 2),
(175, '1819', '2018-05-07', '2018-05-13', NULL, NULL, NULL, NULL, '2018-11-30 10:49:41', 1, 2018, 2),
(176, '1820', '2018-05-14', '2018-05-20', NULL, NULL, NULL, NULL, '2018-11-30 10:49:41', 1, 2018, 2),
(177, '1821', '2018-05-21', '2018-05-27', NULL, NULL, NULL, NULL, '2018-11-30 10:49:41', 1, 2018, 2),
(178, '1822', '2018-05-28', '2018-06-03', NULL, NULL, NULL, NULL, '2018-11-30 10:49:42', 1, 2018, 2),
(179, '1823', '2018-06-04', '2018-06-10', NULL, NULL, NULL, NULL, '2018-11-30 10:49:42', 1, 2018, 2),
(180, '1824', '2018-06-11', '2018-06-17', NULL, NULL, NULL, NULL, '2018-11-30 10:49:42', 1, 2018, 2),
(181, '1825', '2018-06-18', '2018-06-24', NULL, NULL, NULL, NULL, '2018-11-30 10:49:42', 1, 2018, 2),
(182, '1826', '2018-06-25', '2018-07-01', NULL, NULL, NULL, NULL, '2018-11-30 10:49:42', 1, 2018, 2),
(183, '1827', '2018-07-02', '2018-07-08', NULL, NULL, NULL, NULL, '2018-11-30 10:49:42', 1, 2018, 2),
(184, '1828', '2018-07-09', '2018-07-15', NULL, NULL, NULL, NULL, '2018-11-30 10:49:42', 1, 2018, 2),
(185, '1829', '2018-07-16', '2018-07-22', NULL, NULL, NULL, NULL, '2018-11-30 10:49:42', 1, 2018, 2),
(186, '1830', '2018-07-23', '2018-07-29', NULL, NULL, NULL, NULL, '2018-11-30 10:49:42', 1, 2018, 2),
(187, '1831', '2018-07-30', '2018-08-05', NULL, NULL, NULL, NULL, '2018-11-30 10:49:42', 1, 2018, 2),
(188, '1832', '2018-08-06', '2018-08-12', NULL, NULL, NULL, NULL, '2018-11-30 10:49:42', 1, 2018, 2),
(189, '1833', '2018-08-13', '2018-08-19', NULL, NULL, NULL, NULL, '2018-11-30 10:49:43', 1, 2018, 2),
(190, '1834', '2018-08-20', '2018-08-26', NULL, NULL, NULL, NULL, '2018-11-30 10:49:43', 1, 2018, 2),
(191, '1835', '2018-08-27', '2018-09-02', NULL, NULL, NULL, NULL, '2018-11-30 10:49:43', 1, 2018, 2),
(192, '1836', '2018-09-03', '2018-09-09', NULL, NULL, NULL, NULL, '2018-11-30 10:49:43', 1, 2018, 2),
(193, '1837', '2018-09-10', '2018-09-16', NULL, NULL, NULL, NULL, '2018-11-30 10:49:43', 1, 2018, 2),
(194, '1838', '2018-09-17', '2018-09-23', NULL, NULL, NULL, NULL, '2018-11-30 10:49:43', 1, 2018, 2),
(195, '1839', '2018-09-24', '2018-09-30', NULL, NULL, NULL, NULL, '2018-11-30 10:49:43', 1, 2018, 2),
(196, '1840', '2018-10-01', '2018-10-07', NULL, NULL, NULL, NULL, '2018-11-30 10:49:43', 1, 2018, 2),
(197, '1841', '2018-10-08', '2018-10-14', NULL, NULL, NULL, NULL, '2018-11-30 10:49:43', 1, 2018, 2),
(198, '1842', '2018-10-15', '2018-10-21', NULL, NULL, NULL, NULL, '2018-11-30 10:49:43', 1, 2018, 2),
(199, '1843', '2018-10-22', '2018-10-28', NULL, NULL, NULL, NULL, '2018-11-30 10:49:43', 1, 2018, 2),
(200, '1844', '2018-10-29', '2018-11-04', NULL, NULL, NULL, NULL, '2018-11-30 10:49:43', 1, 2018, 2),
(201, '1845', '2018-11-05', '2018-11-11', NULL, NULL, NULL, NULL, '2018-11-30 10:49:44', 1, 2018, 2),
(202, '1846', '2018-11-12', '2018-11-18', NULL, NULL, NULL, NULL, '2018-11-30 10:49:44', 1, 2018, 2),
(203, '1847', '2018-11-19', '2018-11-25', NULL, NULL, NULL, NULL, '2018-11-30 10:49:44', 1, 2018, 2),
(204, '1848', '2018-11-26', '2018-12-02', NULL, NULL, NULL, NULL, '2018-11-30 10:49:44', 1, 2018, 2),
(205, '1849', '2018-12-03', '2018-12-09', NULL, NULL, NULL, NULL, '2018-11-30 10:49:44', 1, 2018, 2),
(206, '1850', '2018-12-10', '2018-12-16', NULL, NULL, NULL, NULL, '2018-11-30 10:49:44', 1, 2018, 2),
(207, '1851', '2018-12-17', '2018-12-23', NULL, NULL, NULL, NULL, '2018-11-30 10:49:44', 1, 2018, 2),
(208, '1852', '2018-12-24', '2018-12-30', NULL, NULL, NULL, NULL, '2018-11-30 10:49:44', 1, 2018, 2),
(209, '1801', '2018-01-01', '2018-01-07', NULL, NULL, NULL, NULL, '2018-11-30 10:49:55', 1, 2018, 3),
(210, '1802', '2018-01-08', '2018-01-14', NULL, NULL, NULL, NULL, '2018-11-30 10:49:56', 1, 2018, 3),
(211, '1803', '2018-01-15', '2018-01-21', NULL, NULL, NULL, NULL, '2018-11-30 10:49:56', 1, 2018, 3),
(212, '1804', '2018-01-22', '2018-01-28', NULL, NULL, NULL, NULL, '2018-11-30 10:49:56', 1, 2018, 3),
(213, '1805', '2018-01-29', '2018-02-04', NULL, NULL, NULL, NULL, '2018-11-30 10:49:56', 1, 2018, 3),
(214, '1806', '2018-02-05', '2018-02-11', NULL, NULL, NULL, NULL, '2018-11-30 10:49:56', 1, 2018, 3),
(215, '1807', '2018-02-12', '2018-02-18', NULL, NULL, NULL, NULL, '2018-11-30 10:49:56', 1, 2018, 3),
(216, '1808', '2018-02-19', '2018-02-25', NULL, NULL, NULL, NULL, '2018-11-30 10:49:56', 1, 2018, 3),
(217, '1809', '2018-02-26', '2018-03-04', NULL, NULL, NULL, NULL, '2018-11-30 10:49:56', 1, 2018, 3),
(218, '1810', '2018-03-05', '2018-03-11', NULL, NULL, NULL, NULL, '2018-11-30 10:49:56', 1, 2018, 3),
(219, '1811', '2018-03-12', '2018-03-18', NULL, NULL, NULL, NULL, '2018-11-30 10:49:56', 1, 2018, 3),
(220, '1812', '2018-03-19', '2018-03-25', NULL, NULL, NULL, NULL, '2018-11-30 10:49:56', 1, 2018, 3),
(221, '1813', '2018-03-26', '2018-04-01', NULL, NULL, NULL, NULL, '2018-11-30 10:49:57', 1, 2018, 3),
(222, '1814', '2018-04-02', '2018-04-08', NULL, NULL, NULL, NULL, '2018-11-30 10:49:57', 1, 2018, 3),
(223, '1815', '2018-04-09', '2018-04-15', NULL, NULL, NULL, NULL, '2018-11-30 10:49:57', 1, 2018, 3),
(224, '1816', '2018-04-16', '2018-04-22', NULL, NULL, NULL, NULL, '2018-11-30 10:49:57', 1, 2018, 3),
(225, '1817', '2018-04-23', '2018-04-29', NULL, NULL, NULL, NULL, '2018-11-30 10:49:57', 1, 2018, 3),
(226, '1818', '2018-04-30', '2018-05-06', NULL, NULL, NULL, NULL, '2018-11-30 10:49:57', 1, 2018, 3),
(227, '1819', '2018-05-07', '2018-05-13', NULL, NULL, NULL, NULL, '2018-11-30 10:49:57', 1, 2018, 3),
(228, '1820', '2018-05-14', '2018-05-20', NULL, NULL, NULL, NULL, '2018-11-30 10:49:57', 1, 2018, 3),
(229, '1821', '2018-05-21', '2018-05-27', NULL, NULL, NULL, NULL, '2018-11-30 10:49:57', 1, 2018, 3),
(230, '1822', '2018-05-28', '2018-06-03', NULL, NULL, NULL, NULL, '2018-11-30 10:49:57', 1, 2018, 3),
(231, '1823', '2018-06-04', '2018-06-10', NULL, NULL, NULL, NULL, '2018-11-30 10:49:57', 1, 2018, 3),
(232, '1824', '2018-06-11', '2018-06-17', NULL, NULL, NULL, NULL, '2018-11-30 10:49:57', 1, 2018, 3),
(233, '1825', '2018-06-18', '2018-06-24', NULL, NULL, NULL, NULL, '2018-11-30 10:49:58', 1, 2018, 3),
(234, '1826', '2018-06-25', '2018-07-01', NULL, NULL, NULL, NULL, '2018-11-30 10:49:58', 1, 2018, 3),
(235, '1827', '2018-07-02', '2018-07-08', NULL, NULL, NULL, NULL, '2018-11-30 10:49:58', 1, 2018, 3),
(236, '1828', '2018-07-09', '2018-07-15', NULL, NULL, NULL, NULL, '2018-11-30 10:49:58', 1, 2018, 3),
(237, '1829', '2018-07-16', '2018-07-22', NULL, NULL, NULL, NULL, '2018-11-30 10:49:58', 1, 2018, 3),
(238, '1830', '2018-07-23', '2018-07-29', NULL, NULL, NULL, NULL, '2018-11-30 10:49:58', 1, 2018, 3),
(239, '1831', '2018-07-30', '2018-08-05', NULL, NULL, NULL, NULL, '2018-11-30 10:49:58', 1, 2018, 3),
(240, '1832', '2018-08-06', '2018-08-12', NULL, NULL, NULL, NULL, '2018-11-30 10:49:58', 1, 2018, 3),
(241, '1833', '2018-08-13', '2018-08-19', NULL, NULL, NULL, NULL, '2018-11-30 10:49:58', 1, 2018, 3),
(242, '1834', '2018-08-20', '2018-08-26', NULL, NULL, NULL, NULL, '2018-11-30 10:49:58', 1, 2018, 3),
(243, '1835', '2018-08-27', '2018-09-02', NULL, NULL, NULL, NULL, '2018-11-30 10:49:58', 1, 2018, 3),
(244, '1836', '2018-09-03', '2018-09-09', NULL, NULL, NULL, NULL, '2018-11-30 10:49:58', 1, 2018, 3),
(245, '1837', '2018-09-10', '2018-09-16', NULL, NULL, NULL, NULL, '2018-11-30 10:49:59', 1, 2018, 3),
(246, '1838', '2018-09-17', '2018-09-23', NULL, NULL, NULL, NULL, '2018-11-30 10:49:59', 1, 2018, 3),
(247, '1839', '2018-09-24', '2018-09-30', NULL, NULL, NULL, NULL, '2018-11-30 10:49:59', 1, 2018, 3),
(248, '1840', '2018-10-01', '2018-10-07', NULL, NULL, NULL, NULL, '2018-11-30 10:49:59', 1, 2018, 3),
(249, '1841', '2018-10-08', '2018-10-14', NULL, NULL, NULL, NULL, '2018-11-30 10:49:59', 1, 2018, 3),
(250, '1842', '2018-10-15', '2018-10-21', NULL, NULL, NULL, NULL, '2018-11-30 10:49:59', 1, 2018, 3),
(251, '1843', '2018-10-22', '2018-10-28', NULL, NULL, NULL, NULL, '2018-11-30 10:49:59', 1, 2018, 3),
(252, '1844', '2018-10-29', '2018-11-04', NULL, NULL, NULL, NULL, '2018-11-30 10:49:59', 1, 2018, 3),
(253, '1845', '2018-11-05', '2018-11-11', NULL, NULL, NULL, NULL, '2018-11-30 10:49:59', 1, 2018, 3),
(254, '1846', '2018-11-12', '2018-11-18', NULL, NULL, NULL, NULL, '2018-11-30 10:49:59', 1, 2018, 3),
(255, '1847', '2018-11-19', '2018-11-25', NULL, NULL, NULL, NULL, '2018-11-30 10:49:59', 1, 2018, 3),
(256, '1848', '2018-11-26', '2018-12-02', NULL, NULL, NULL, NULL, '2018-11-30 10:50:00', 1, 2018, 3),
(257, '1849', '2018-12-03', '2018-12-09', NULL, NULL, NULL, NULL, '2018-11-30 10:50:00', 1, 2018, 3),
(258, '1850', '2018-12-10', '2018-12-16', NULL, NULL, NULL, NULL, '2018-11-30 10:50:00', 1, 2018, 3),
(259, '1851', '2018-12-17', '2018-12-23', NULL, NULL, NULL, NULL, '2018-11-30 10:50:00', 1, 2018, 3),
(260, '1852', '2018-12-24', '2018-12-30', NULL, NULL, NULL, NULL, '2018-11-30 10:50:00', 1, 2018, 3);

-- --------------------------------------------------------

--
-- Estructura de tabla para la tabla `stock_apertura`
--

CREATE TABLE `stock_apertura` (
  `id_stock_apertura` int(11) NOT NULL,
  `id_variedad` int(11) NOT NULL,
  `id_clasificacion_unitaria` int(11) NOT NULL,
  `cantidad_tallos` int(11) NOT NULL,
  `fecha_inicio` date NOT NULL,
  `fecha_fin` date DEFAULT NULL,
  `cantidad_disponible` int(11) NOT NULL,
  `disponibilidad` tinyint(1) NOT NULL DEFAULT '1',
  `estado` tinyint(1) NOT NULL DEFAULT '1',
  `fecha_registro` datetime NOT NULL DEFAULT CURRENT_TIMESTAMP,
  `dias` int(11) NOT NULL,
  `id_lote_re` int(11) NOT NULL
) ENGINE=InnoDB DEFAULT CHARSET=utf8 COLLATE=utf8_bin;

--
-- Volcado de datos para la tabla `stock_apertura`
--

INSERT INTO `stock_apertura` (`id_stock_apertura`, `id_variedad`, `id_clasificacion_unitaria`, `cantidad_tallos`, `fecha_inicio`, `fecha_fin`, `cantidad_disponible`, `disponibilidad`, `estado`, `fecha_registro`, `dias`, `id_lote_re`) VALUES
(1, 2, 1, 735, '2018-12-03', NULL, 735, 1, 1, '2018-12-10 12:43:08', 7, 1),
(2, 2, 2, 770, '2018-12-03', NULL, 770, 1, 1, '2018-12-10 12:43:08', 7, 2),
(3, 2, 3, 735, '2018-12-03', NULL, 735, 1, 1, '2018-12-10 12:43:09', 7, 3),
(4, 2, 4, 550, '2018-12-03', NULL, 550, 1, 1, '2018-12-10 12:43:09', 7, 4),
(5, 2, 6, 470, '2018-12-03', NULL, 470, 1, 1, '2018-12-10 12:43:09', 7, 5),
(6, 2, 7, 450, '2018-12-03', NULL, 450, 1, 1, '2018-12-10 12:43:09', 7, 6),
(7, 1, 1, 705, '2018-12-03', NULL, 705, 1, 1, '2018-12-10 12:43:28', 7, 7),
(8, 1, 2, 1080, '2018-12-03', NULL, 1080, 1, 1, '2018-12-10 12:43:28', 7, 8),
(9, 1, 3, 880, '2018-12-03', NULL, 880, 1, 1, '2018-12-10 12:43:28', 7, 9),
(10, 1, 4, 715, '2018-12-03', NULL, 715, 1, 1, '2018-12-10 12:43:28', 7, 10),
(11, 1, 6, 355, '2018-12-03', NULL, 355, 1, 1, '2018-12-10 12:43:29', 7, 11),
(12, 1, 7, 840, '2018-12-03', NULL, 840, 1, 1, '2018-12-10 12:43:29', 7, 12),
(13, 2, 1, 705, '2018-12-04', NULL, 705, 1, 1, '2018-12-10 12:43:45', 7, 13),
(14, 2, 2, 565, '2018-12-04', NULL, 565, 1, 1, '2018-12-10 12:43:45', 7, 14),
(15, 2, 3, 510, '2018-12-04', NULL, 510, 1, 1, '2018-12-10 12:43:46', 7, 15),
(16, 2, 4, 465, '2018-12-04', NULL, 465, 1, 1, '2018-12-10 12:43:46', 7, 16),
(17, 2, 6, 495, '2018-12-04', NULL, 495, 1, 1, '2018-12-10 12:43:46', 7, 17),
(18, 2, 7, 450, '2018-12-04', NULL, 450, 1, 1, '2018-12-10 12:43:46', 7, 18),
(19, 1, 1, 700, '2018-12-04', NULL, 700, 1, 1, '2018-12-10 12:44:06', 7, 19),
(20, 1, 2, 605, '2018-12-04', NULL, 605, 1, 1, '2018-12-10 12:44:06', 7, 20),
(21, 1, 3, 620, '2018-12-04', NULL, 620, 1, 1, '2018-12-10 12:44:06', 7, 21),
(22, 1, 4, 565, '2018-12-04', NULL, 565, 1, 1, '2018-12-10 12:44:07', 7, 22),
(23, 1, 6, 560, '2018-12-04', NULL, 560, 1, 1, '2018-12-10 12:44:07', 7, 23),
(24, 1, 7, 640, '2018-12-04', NULL, 640, 1, 1, '2018-12-10 12:44:07', 7, 24),
(25, 2, 1, 390, '2018-12-05', NULL, 390, 1, 1, '2018-12-10 12:44:19', 7, 25),
(26, 2, 2, 200, '2018-12-05', NULL, 200, 1, 1, '2018-12-10 12:44:19', 7, 26),
(27, 2, 3, 700, '2018-12-05', NULL, 700, 1, 1, '2018-12-10 12:44:19', 7, 27),
(28, 2, 4, 550, '2018-12-05', NULL, 550, 1, 1, '2018-12-10 12:44:20', 7, 28),
(29, 2, 6, 535, '2018-12-05', NULL, 535, 1, 1, '2018-12-10 12:44:20', 7, 29),
(30, 2, 7, 545, '2018-12-05', NULL, 545, 1, 1, '2018-12-10 12:44:20', 7, 30),
(31, 1, 1, 555, '2018-12-05', NULL, 555, 1, 1, '2018-12-10 12:46:12', 7, 31),
(32, 1, 2, 700, '2018-12-05', NULL, 700, 1, 1, '2018-12-10 12:46:12', 7, 32),
(33, 1, 3, 490, '2018-12-05', NULL, 490, 1, 1, '2018-12-10 12:46:13', 7, 33),
(34, 1, 4, 550, '2018-12-05', NULL, 550, 1, 1, '2018-12-10 12:46:13', 7, 34),
(35, 1, 6, 525, '2018-12-05', NULL, 525, 1, 1, '2018-12-10 12:46:13', 7, 35),
(36, 1, 7, 480, '2018-12-05', NULL, 480, 1, 1, '2018-12-10 12:46:14', 7, 36),
(37, 2, 1, 650, '2018-12-06', NULL, 650, 1, 1, '2018-12-10 12:47:07', 7, 37),
(38, 2, 2, 510, '2018-12-06', NULL, 510, 1, 1, '2018-12-10 12:47:07', 7, 38),
(39, 2, 3, 535, '2018-12-06', NULL, 535, 1, 1, '2018-12-10 12:47:07', 7, 39),
(40, 2, 4, 655, '2018-12-06', NULL, 655, 1, 1, '2018-12-10 12:47:07', 7, 40),
(41, 2, 6, 755, '2018-12-06', NULL, 755, 1, 1, '2018-12-10 12:47:07', 7, 41),
(42, 2, 7, 925, '2018-12-06', NULL, 925, 1, 1, '2018-12-10 12:47:08', 7, 42),
(43, 1, 1, 435, '2018-12-06', NULL, 435, 1, 1, '2018-12-10 12:47:58', 7, 43),
(44, 1, 2, 170, '2018-12-06', NULL, 170, 1, 1, '2018-12-10 12:47:59', 7, 44),
(45, 1, 3, 550, '2018-12-06', NULL, 550, 1, 1, '2018-12-10 12:47:59', 7, 45),
(46, 1, 4, 335, '2018-12-06', NULL, 335, 1, 1, '2018-12-10 12:47:59', 7, 46),
(47, 1, 6, 170, '2018-12-06', NULL, 170, 1, 1, '2018-12-10 12:47:59', 7, 47),
(48, 1, 7, 50, '2018-12-06', NULL, 50, 1, 1, '2018-12-10 12:47:59', 7, 48),
(49, 2, 1, 660, '2018-12-07', NULL, 660, 1, 1, '2018-12-10 12:48:15', 7, 49),
(50, 2, 2, 550, '2018-12-07', NULL, 550, 1, 1, '2018-12-10 12:48:15', 7, 50),
(51, 2, 3, 520, '2018-12-07', NULL, 520, 1, 1, '2018-12-10 12:48:15', 7, 51),
(52, 2, 4, 500, '2018-12-07', NULL, 500, 1, 1, '2018-12-10 12:48:16', 7, 52),
(53, 2, 6, 495, '2018-12-07', NULL, 495, 1, 1, '2018-12-10 12:48:16', 7, 53),
(54, 2, 7, 290, '2018-12-07', NULL, 290, 1, 1, '2018-12-10 12:48:16', 7, 54),
(55, 1, 1, 270, '2018-12-07', NULL, 270, 1, 1, '2018-12-10 12:48:26', 7, 55),
(56, 1, 2, 575, '2018-12-07', NULL, 575, 1, 1, '2018-12-10 12:48:27', 7, 56),
(57, 1, 3, 650, '2018-12-07', NULL, 650, 1, 1, '2018-12-10 12:48:27', 7, 57),
(58, 1, 4, 400, '2018-12-07', NULL, 400, 1, 1, '2018-12-10 12:48:27', 7, 58),
(59, 1, 6, 495, '2018-12-07', NULL, 495, 1, 1, '2018-12-10 12:48:27', 7, 59),
(60, 1, 7, 660, '2018-12-07', NULL, 660, 1, 1, '2018-12-10 12:48:27', 7, 60),
(61, 2, 1, 435, '2018-12-10', NULL, 435, 1, 1, '2018-12-10 12:48:46', 7, 61),
(62, 2, 2, 390, '2018-12-10', NULL, 390, 1, 1, '2018-12-10 12:48:46', 7, 62),
(63, 2, 3, 440, '2018-12-10', NULL, 440, 1, 1, '2018-12-10 12:48:46', 7, 63),
(64, 2, 4, 400, '2018-12-10', NULL, 400, 1, 1, '2018-12-10 12:48:46', 7, 64),
(65, 2, 6, 315, '2018-12-10', NULL, 315, 1, 1, '2018-12-10 12:48:46', 7, 65),
(66, 1, 1, 660, '2018-12-10', NULL, 660, 1, 1, '2018-12-10 12:48:57', 7, 66),
(67, 1, 2, 550, '2018-12-10', NULL, 550, 1, 1, '2018-12-10 12:48:57', 7, 67),
(68, 1, 3, 540, '2018-12-10', NULL, 540, 1, 1, '2018-12-10 12:48:57', 7, 68),
(69, 1, 4, 490, '2018-12-10', NULL, 490, 1, 1, '2018-12-10 12:48:57', 7, 69),
(70, 1, 6, 715, '2018-12-10', NULL, 715, 1, 1, '2018-12-10 12:48:58', 7, 70),
(71, 1, 7, 145, '2018-12-10', NULL, 145, 1, 1, '2018-12-10 12:48:58', 7, 71),
(72, 3, 1, 505, '2018-12-11', NULL, 505, 1, 1, '2018-12-11 11:18:02', 7, 72),
(73, 3, 2, 625, '2018-12-11', NULL, 625, 1, 1, '2018-12-11 11:18:03', 7, 73),
(74, 3, 3, 570, '2018-12-11', NULL, 570, 1, 1, '2018-12-11 11:18:03', 7, 74),
(75, 3, 4, 400, '2018-12-11', NULL, 400, 1, 1, '2018-12-11 11:18:03', 7, 75),
(76, 3, 6, 445, '2018-12-11', NULL, 445, 1, 1, '2018-12-11 11:18:03', 7, 76),
(77, 3, 7, 475, '2018-12-11', NULL, 475, 1, 1, '2018-12-11 11:18:04', 7, 77),
(78, 2, 1, 340, '2018-12-11', NULL, 340, 1, 1, '2018-12-11 11:18:13', 7, 78),
(79, 2, 2, 290, '2018-12-11', NULL, 290, 1, 1, '2018-12-11 11:18:14', 7, 79),
(80, 2, 3, 435, '2018-12-11', NULL, 435, 1, 1, '2018-12-11 11:18:14', 7, 80),
(81, 2, 4, 445, '2018-12-11', NULL, 445, 1, 1, '2018-12-11 11:18:14', 7, 81),
(82, 2, 6, 420, '2018-12-11', NULL, 420, 1, 1, '2018-12-11 11:18:15', 7, 82),
(83, 2, 7, 175, '2018-12-11', NULL, 175, 1, 1, '2018-12-11 11:18:15', 7, 83),
(84, 1, 1, 650, '2018-12-11', NULL, 650, 1, 1, '2018-12-11 11:18:23', 7, 84),
(85, 1, 2, 655, '2018-12-11', NULL, 655, 1, 1, '2018-12-11 11:18:24', 7, 85),
(86, 1, 3, 620, '2018-12-11', NULL, 620, 1, 1, '2018-12-11 11:18:24', 7, 86),
(87, 1, 4, 485, '2018-12-11', NULL, 485, 1, 1, '2018-12-11 11:18:24', 7, 87),
(88, 1, 6, 405, '2018-12-11', NULL, 405, 1, 1, '2018-12-11 11:18:25', 7, 88),
(89, 1, 7, 435, '2018-12-11', NULL, 435, 1, 1, '2018-12-11 11:18:25', 7, 89);

-- --------------------------------------------------------

--
-- Estructura de tabla para la tabla `stock_frio`
--

CREATE TABLE `stock_frio` (
  `id_stock_frio` int(11) NOT NULL,
  `id_consumo` int(11) NOT NULL,
  `id_stock_apertura` int(11) NOT NULL,
  `id_variedad` int(11) NOT NULL,
  `id_clasificacion_unitaria` int(11) NOT NULL,
  `id_semana` int(11) NOT NULL,
  `fecha_ingreso` date NOT NULL,
  `dias_maduracion` int(11) NOT NULL,
  `cantidad_ramos_estandar` int(11) NOT NULL,
  `estado` tinyint(1) NOT NULL DEFAULT '1',
  `fecha_registro` datetime NOT NULL DEFAULT CURRENT_TIMESTAMP
) ENGINE=InnoDB DEFAULT CHARSET=utf8 COLLATE=utf8_bin;

-- --------------------------------------------------------

--
-- Estructura de tabla para la tabla `submenu`
--

CREATE TABLE `submenu` (
  `id_submenu` int(11) NOT NULL,
  `nombre` varchar(50) COLLATE utf8_bin NOT NULL,
  `fecha_registro` datetime NOT NULL DEFAULT CURRENT_TIMESTAMP,
  `estado` char(1) COLLATE utf8_bin NOT NULL DEFAULT 'A',
  `id_menu` int(11) DEFAULT NULL,
  `url` varchar(25) COLLATE utf8_bin NOT NULL
) ENGINE=InnoDB DEFAULT CHARSET=utf8 COLLATE=utf8_bin;

--
-- Volcado de datos para la tabla `submenu`
--

INSERT INTO `submenu` (`id_submenu`, `nombre`, `fecha_registro`, `estado`, `id_menu`, `url`) VALUES
(1, 'Menú del sistema', '2018-10-02 09:50:14', 'A', 1, 'menu_sistema'),
(2, 'Usuarios', '2018-10-03 08:39:02', 'A', 1, 'usuarios'),
(3, 'Permisos', '2018-10-04 09:43:16', 'A', 1, 'permisos'),
(4, 'Plantas variedades', '2018-10-24 09:30:13', 'A', 3, 'plantas_variedades'),
(5, 'Sectores y módulos', '2018-10-24 09:31:35', 'A', 3, 'sectores_modulos'),
(6, 'Semanas', '2018-10-24 09:31:57', 'A', 3, 'semanas'),
(7, 'Marcas', '2018-10-24 09:32:47', 'A', 7, 'marcas'),
(8, 'Recepción', '2018-10-24 09:36:44', 'A', 5, 'recepcion'),
(9, 'Clasificación en verde', '2018-11-05 11:55:17', 'A', 5, 'clasificacion_verde'),
(10, 'Configuración empresa', '2018-11-05 16:48:42', 'A', 1, 'configuracion'),
(11, 'Cliente', '2018-11-06 08:30:27', 'A', 7, 'clientes'),
(12, 'Agencias de Carga', '2018-11-08 14:50:55', 'A', 7, 'agrencias_carga'),
(13, 'Apertura', '2018-11-14 09:37:28', 'A', 5, 'apertura'),
(14, 'Lotes', '2018-12-03 09:32:27', 'A', 5, 'lotes'),
(15, 'Pedidos', '2018-12-03 11:15:47', 'A', 7, 'pedidos'),
(16, 'Agencias de Transporte', '2018-12-05 09:54:47', 'A', 7, 'agencias_transporte'),
(17, 'Envíos', '2018-12-17 15:54:22', 'A', 7, 'envio');

-- --------------------------------------------------------

--
-- Estructura de tabla para la tabla `unidad_medida`
--

CREATE TABLE `unidad_medida` (
  `id_unidad_medida` int(11) NOT NULL,
  `nombre` varchar(250) COLLATE utf8_bin NOT NULL,
  `siglas` varchar(25) COLLATE utf8_bin NOT NULL,
  `fecha_registro` datetime NOT NULL DEFAULT CURRENT_TIMESTAMP,
  `estado` tinyint(1) NOT NULL DEFAULT '1',
  `tipo` char(1) COLLATE utf8_bin NOT NULL COMMENT 'P => Peso; L => Longitud'
) ENGINE=InnoDB DEFAULT CHARSET=utf8 COLLATE=utf8_bin;

--
-- Volcado de datos para la tabla `unidad_medida`
--

INSERT INTO `unidad_medida` (`id_unidad_medida`, `nombre`, `siglas`, `fecha_registro`, `estado`, `tipo`) VALUES
(1, 'Centímetros', 'cm', '2018-12-06 12:32:45', 1, 'L'),
(2, 'Gramos', 'gr', '2018-12-06 12:32:45', 1, 'P');

-- --------------------------------------------------------

--
-- Estructura de tabla para la tabla `usuario`
--

CREATE TABLE `usuario` (
  `id_usuario` int(11) NOT NULL,
  `nombre_completo` varchar(250) COLLATE utf8_bin NOT NULL,
  `correo` varchar(250) COLLATE utf8_bin NOT NULL,
  `username` varchar(250) COLLATE utf8_bin NOT NULL,
  `password` varchar(250) COLLATE utf8_bin NOT NULL,
  `id_rol` int(11) DEFAULT NULL,
  `fecha_registro` datetime NOT NULL DEFAULT CURRENT_TIMESTAMP,
  `estado` char(1) COLLATE utf8_bin NOT NULL DEFAULT 'A',
  `imagen_perfil` varchar(250) COLLATE utf8_bin NOT NULL DEFAULT 'logo_usuario.png'
) ENGINE=InnoDB DEFAULT CHARSET=utf8 COLLATE=utf8_bin;

--
-- Volcado de datos para la tabla `usuario`
--

INSERT INTO `usuario` (`id_usuario`, `nombre_completo`, `correo`, `username`, `password`, `id_rol`, `fecha_registro`, `estado`, `imagen_perfil`) VALUES
(1, 'RAFAEL PRATS RECASEN', 'prats@pyganflor.com', 'rprats', '$2y$10$EQdvjE1T2lQDOICvTtSEB.KtLIW7GheK3HoqzBqiEpMdvYnbGVw8y', 1, '2018-10-02 10:50:24', 'A', 'imagen_perfil_2018_10_10_15_22_32-rprats.jpg'),
(2, 'EDUARDO DAVALOS', 'eduardo.p@pyganflor.com', 'eduardo.p', '$2y$10$tYY0mK2AupU1bRt.QUws8uRK9QRdCv6Th.juwX8dgThMDJt8J9QV2', 2, '2018-10-04 15:35:13', 'I', 'logo_usuario.png'),
(3, 'OBRIAN VILLASMIL', 'orbian@pyganflor.com', 'obrian', '$2y$10$gu0puJhnBYh9xIDBa3zW2eacJ8yqy.c/tc5ItuankGB5rtmYuukv.', 1, '2018-11-05 11:57:32', 'A', 'logo_usuario.png');

-- --------------------------------------------------------

--
-- Estructura de tabla para la tabla `variedad`
--

CREATE TABLE `variedad` (
  `id_variedad` int(11) NOT NULL,
  `nombre` varchar(250) COLLATE utf8_bin NOT NULL,
  `siglas` varchar(25) COLLATE utf8_bin NOT NULL,
  `cantidad` int(11) NOT NULL,
  `minimo_apertura` int(11) NOT NULL,
  `maximo_apertura` int(11) NOT NULL,
  `fecha_registro` datetime NOT NULL DEFAULT CURRENT_TIMESTAMP,
  `estado` tinyint(1) NOT NULL DEFAULT '1',
  `id_planta` int(11) NOT NULL,
  `estandar_apertura` int(11) NOT NULL
) ENGINE=InnoDB DEFAULT CHARSET=utf8 COLLATE=utf8_bin;

--
-- Volcado de datos para la tabla `variedad`
--

INSERT INTO `variedad` (`id_variedad`, `nombre`, `siglas`, `cantidad`, `minimo_apertura`, `maximo_apertura`, `fecha_registro`, `estado`, `id_planta`, `estandar_apertura`) VALUES
(1, 'GALAXY', 'GLX', 5, 5, 9, '2018-10-25 09:01:47', 1, 1, 7),
(2, 'XLENCE', 'XL', 5, 3, 10, '2018-10-25 09:02:30', 1, 1, 7),
(3, 'MILLION STAR', 'MS', 5, 3, 10, '2018-10-25 09:03:46', 1, 1, 7);

--
-- Índices para tablas volcadas
--

--
-- Indices de la tabla `agencia_carga`
--
ALTER TABLE `agencia_carga`
  ADD PRIMARY KEY (`id_agencia_carga`),
  ADD UNIQUE KEY `nombre` (`nombre`);

--
-- Indices de la tabla `agencia_transporte`
--
ALTER TABLE `agencia_transporte`
  ADD PRIMARY KEY (`id_agencia_transporte`);

--
-- Indices de la tabla `bitacora`
--
ALTER TABLE `bitacora`
  ADD PRIMARY KEY (`id_bitacora`);

--
-- Indices de la tabla `clasificacion_ramo`
--
ALTER TABLE `clasificacion_ramo`
  ADD PRIMARY KEY (`id_clasificacion_ramo`),
  ADD KEY `FK_ClasificacionRamo_ConfiguracionEmpresa` (`id_configuracion_empresa`),
  ADD KEY `FK_ClasificacionRamo_UnidadMedida` (`id_unidad_medida`);

--
-- Indices de la tabla `clasificacion_unitaria`
--
ALTER TABLE `clasificacion_unitaria`
  ADD PRIMARY KEY (`id_clasificacion_unitaria`),
  ADD UNIQUE KEY `nombre` (`nombre`),
  ADD KEY `FK_ClasificacionUnitaria_ConfiguracionEmpresa` (`id_configuracion_empresa`),
  ADD KEY `FK_ClasificacionUnitaria_UnidadMedida` (`id_unidad_medida`),
  ADD KEY `FK_ClasificacionUnitaria_ClasificacionRamoEstandar` (`id_clasificacion_ramo_estandar`),
  ADD KEY `FK_ClasificacionUnitaria_ClasificacionRamoReal` (`id_clasificacion_ramo_real`);

--
-- Indices de la tabla `clasificacion_verde`
--
ALTER TABLE `clasificacion_verde`
  ADD PRIMARY KEY (`id_clasificacion_verde`),
  ADD UNIQUE KEY `fecha_ingreso` (`fecha_ingreso`),
  ADD KEY `FK_ClasificacionVerde_Semana` (`id_semana`);

--
-- Indices de la tabla `cliente`
--
ALTER TABLE `cliente`
  ADD PRIMARY KEY (`id_cliente`);

--
-- Indices de la tabla `cliente_agenciacarga`
--
ALTER TABLE `cliente_agenciacarga`
  ADD PRIMARY KEY (`id_cliente_agencia_carga`),
  ADD KEY `FK_ClienteAgenciaCarga_Cliente` (`id_cliente`),
  ADD KEY `FK_ClienteAgenciaCarga_AgenciaCarga` (`id_agencia_carga`);

--
-- Indices de la tabla `cliente_pedido_especificacion`
--
ALTER TABLE `cliente_pedido_especificacion`
  ADD PRIMARY KEY (`id_cliente_pedido_especificacion`),
  ADD KEY `id_cliente` (`id_cliente`),
  ADD KEY `id_especificacion` (`id_especificacion`);

--
-- Indices de la tabla `configuracion_empresa`
--
ALTER TABLE `configuracion_empresa`
  ADD PRIMARY KEY (`id_configuracion_empresa`),
  ADD UNIQUE KEY `estado` (`estado`);

--
-- Indices de la tabla `configuracion_user`
--
ALTER TABLE `configuracion_user`
  ADD PRIMARY KEY (`id_configuracion_user`),
  ADD KEY `FK_ConfiguracionUser_Usuario` (`id_usuario`);

--
-- Indices de la tabla `consumo`
--
ALTER TABLE `consumo`
  ADD PRIMARY KEY (`id_consumo`);

--
-- Indices de la tabla `contacto`
--
ALTER TABLE `contacto`
  ADD PRIMARY KEY (`id_contacto`);

--
-- Indices de la tabla `desglose_recepcion`
--
ALTER TABLE `desglose_recepcion`
  ADD PRIMARY KEY (`id_desglose_recepcion`),
  ADD KEY `FK_DesgloseRecepcion_Variedad` (`id_variedad`),
  ADD KEY `FK_DesgloseRecepcion_Recepcion` (`id_recepcion`);

--
-- Indices de la tabla `detallepedido_envio`
--
ALTER TABLE `detallepedido_envio`
  ADD PRIMARY KEY (`id_detallepedido_envio`),
  ADD KEY `id_envio` (`id_envio`),
  ADD KEY `FK_DetallePedidoEnvio_DetallePedido` (`id_detalle_pedido`);

--
-- Indices de la tabla `detalle_clasificacion_verde`
--
ALTER TABLE `detalle_clasificacion_verde`
  ADD PRIMARY KEY (`id_detalle_clasificacion_verde`),
  ADD KEY `FK_DetalleClasificacionVerde_Variedad` (`id_variedad`),
  ADD KEY `FK_DetalleClasificacionVerde_ClasificacionUnitaria` (`id_clasificacion_unitaria`),
  ADD KEY `FK_DetalleClasificacionVerde_ClasificacionVerde` (`id_clasificacion_verde`);

--
-- Indices de la tabla `detalle_cliente`
--
ALTER TABLE `detalle_cliente`
  ADD PRIMARY KEY (`id_detalle_cliente`),
  ADD KEY `FK_DetalleCliente_Pais` (`codigo_pais`),
  ADD KEY `FK_DetalleCliente_Cliente` (`id_cliente`);

--
-- Indices de la tabla `detalle_cliente_contacto`
--
ALTER TABLE `detalle_cliente_contacto`
  ADD PRIMARY KEY (`id_detalle_cliente_contacto`),
  ADD KEY `id_detalle_cliente` (`id_detalle_cliente`),
  ADD KEY `id_detalle_contacto` (`id_contacto`);

--
-- Indices de la tabla `detalle_empaque`
--
ALTER TABLE `detalle_empaque`
  ADD PRIMARY KEY (`id_detalle_empaque`),
  ADD KEY `id_empaque` (`id_empaque`),
  ADD KEY `id_clasificacion_ramo` (`id_clasificacion_ramo`),
  ADD KEY `id_variedad` (`id_variedad`);

--
-- Indices de la tabla `detalle_envio`
--
ALTER TABLE `detalle_envio`
  ADD PRIMARY KEY (`id_detalle_envio`),
  ADD KEY `FK_DetalleEnvio_AgenciaTransporte` (`id_agencia_transporte`),
  ADD KEY `FK_DetalleEnvio_Envio` (`id_envio`),
  ADD KEY `FK_DetalleEnvio_Especificacion` (`id_especificacion`);

--
-- Indices de la tabla `detalle_especificacionempaque`
--
ALTER TABLE `detalle_especificacionempaque`
  ADD PRIMARY KEY (`id_detalle_especificacionempaque`),
  ADD KEY `FK_DetalleEspecificacionEmpaque_Variedad` (`id_variedad`),
  ADD KEY `FK_DetalleEspecificacionEmpaque_ClasificacionRamo` (`id_clasificacion_ramo`),
  ADD KEY `FK_DetalleEspecificacionEmpaque_EmpaqueE` (`id_empaque_e`),
  ADD KEY `FK_DetalleEspecificacionEmpaque_EmpaqueP` (`id_empaque_p`),
  ADD KEY `FK_DetalleEspecificacionEmpaque_EspecificacionEmpaque` (`id_especificacion_empaque`);

--
-- Indices de la tabla `detalle_pedido`
--
ALTER TABLE `detalle_pedido`
  ADD PRIMARY KEY (`id_detalle_pedido`),
  ADD KEY `FK_DetallePedido_Pedido` (`id_pedido`),
  ADD KEY `FK_DetallePedido_ClienteEspecificacion` (`id_cliente_especificacion`);

--
-- Indices de la tabla `documento`
--
ALTER TABLE `documento`
  ADD PRIMARY KEY (`id_documento`);

--
-- Indices de la tabla `empaque`
--
ALTER TABLE `empaque`
  ADD PRIMARY KEY (`id_empaque`),
  ADD UNIQUE KEY `nombre` (`nombre`),
  ADD KEY `FK_Empaque_ConfiguracionEmpresa` (`id_configuracion_empresa`);

--
-- Indices de la tabla `envio`
--
ALTER TABLE `envio`
  ADD PRIMARY KEY (`id_envio`),
  ADD KEY `FK_Envio_AgenciaTransporte` (`id_agencia_transporte`),
  ADD KEY `FK_Envio_Pedido` (`id_pedido`);

--
-- Indices de la tabla `especificacion`
--
ALTER TABLE `especificacion`
  ADD PRIMARY KEY (`id_especificacion`);

--
-- Indices de la tabla `especificacion_empaque`
--
ALTER TABLE `especificacion_empaque`
  ADD PRIMARY KEY (`id_especificacion_empaque`),
  ADD KEY `FK_EspecificacionEmpaque_Especificacion` (`id_especificacion`),
  ADD KEY `FK_EspecificacionEmpaque_Empaque` (`id_empaque`);

--
-- Indices de la tabla `factura`
--
ALTER TABLE `factura`
  ADD PRIMARY KEY (`id_factura`),
  ADD KEY `FK_Factura_Pedido` (`id_pedido`);

--
-- Indices de la tabla `grupo_menu`
--
ALTER TABLE `grupo_menu`
  ADD PRIMARY KEY (`id_grupo_menu`),
  ADD UNIQUE KEY `nombre` (`nombre`);

--
-- Indices de la tabla `icono`
--
ALTER TABLE `icono`
  ADD PRIMARY KEY (`id_icono`),
  ADD UNIQUE KEY `nombre` (`nombre`);

--
-- Indices de la tabla `lote`
--
ALTER TABLE `lote`
  ADD PRIMARY KEY (`id_lote`),
  ADD KEY `FK_Lote_Modulo` (`id_modulo`);

--
-- Indices de la tabla `lote_re`
--
ALTER TABLE `lote_re`
  ADD PRIMARY KEY (`id_lote_re`),
  ADD KEY `FK_LoteRE_Variedad` (`id_variedad`),
  ADD KEY `FK_LoteRE_ClasificacionUnitaria` (`id_clasificacion_unitaria`),
  ADD KEY `FK_LoteRE_ClasificacionVerde` (`id_clasificacion_verde`);

--
-- Indices de la tabla `marcas`
--
ALTER TABLE `marcas`
  ADD PRIMARY KEY (`id_marca`);

--
-- Indices de la tabla `menu`
--
ALTER TABLE `menu`
  ADD PRIMARY KEY (`id_menu`),
  ADD UNIQUE KEY `nombre` (`nombre`),
  ADD KEY `FK_Menu_GrupoMenu` (`id_grupo_menu`);

--
-- Indices de la tabla `modulo`
--
ALTER TABLE `modulo`
  ADD PRIMARY KEY (`id_modulo`),
  ADD UNIQUE KEY `nombre` (`nombre`),
  ADD KEY `FK_Modulo_Sector` (`id_sector`);

--
-- Indices de la tabla `pais`
--
ALTER TABLE `pais`
  ADD PRIMARY KEY (`codigo`),
  ADD UNIQUE KEY `codigo` (`codigo`);

--
-- Indices de la tabla `pedido`
--
ALTER TABLE `pedido`
  ADD PRIMARY KEY (`id_pedido`),
  ADD KEY `FK_Pedido_Cliente` (`id_cliente`);

--
-- Indices de la tabla `planta`
--
ALTER TABLE `planta`
  ADD PRIMARY KEY (`id_planta`),
  ADD UNIQUE KEY `nombre` (`nombre`);

--
-- Indices de la tabla `precio`
--
ALTER TABLE `precio`
  ADD PRIMARY KEY (`id_precio`),
  ADD KEY `FK_Precio_Variedad` (`id_variedad`),
  ADD KEY `FK_Precio_ClasificacionRamo` (`id_clasificacion_ramo`);

--
-- Indices de la tabla `recepcion`
--
ALTER TABLE `recepcion`
  ADD PRIMARY KEY (`id_recepcion`),
  ADD KEY `FK_Recepcion_Semana` (`id_semana`);

--
-- Indices de la tabla `recepcion_clasificacion_verde`
--
ALTER TABLE `recepcion_clasificacion_verde`
  ADD PRIMARY KEY (`id_recepcion_clasificacion_verde`),
  ADD KEY `FK_RecepcionClasificacionVerde_Recepcion` (`id_recepcion`),
  ADD KEY `FK_RecepcionClasificacionVerde_ClasificacionVerde` (`id_clasificacion_verde`);

--
-- Indices de la tabla `rol`
--
ALTER TABLE `rol`
  ADD PRIMARY KEY (`id_rol`);

--
-- Indices de la tabla `rol_submenu`
--
ALTER TABLE `rol_submenu`
  ADD PRIMARY KEY (`id_rol_submenu`),
  ADD KEY `FK_RolSubmenu_Rol` (`id_rol`),
  ADD KEY `FK_RolSubmenu_Submenu` (`id_submenu`);

--
-- Indices de la tabla `sector`
--
ALTER TABLE `sector`
  ADD PRIMARY KEY (`id_sector`),
  ADD UNIQUE KEY `nombre` (`nombre`);

--
-- Indices de la tabla `semana`
--
ALTER TABLE `semana`
  ADD PRIMARY KEY (`id_semana`),
  ADD KEY `FK_Semana_Variedad` (`id_variedad`);

--
-- Indices de la tabla `stock_apertura`
--
ALTER TABLE `stock_apertura`
  ADD PRIMARY KEY (`id_stock_apertura`),
  ADD KEY `FK_StockApertura_Variedad` (`id_variedad`),
  ADD KEY `FK_StockApertura_ClasificacionUnitaria` (`id_clasificacion_unitaria`),
  ADD KEY `FK_StockApertura_LoteRE` (`id_lote_re`);

--
-- Indices de la tabla `stock_frio`
--
ALTER TABLE `stock_frio`
  ADD PRIMARY KEY (`id_stock_frio`),
  ADD KEY `FK_StockFrio_Consumo` (`id_consumo`),
  ADD KEY `FK_StockFrio_ClasificacionUnitaria` (`id_clasificacion_unitaria`),
  ADD KEY `FK_StockFrio_StockApertura` (`id_stock_apertura`),
  ADD KEY `FK_StockFrio_Semana` (`id_semana`),
  ADD KEY `FK_StockFrio_Variedad` (`id_variedad`);

--
-- Indices de la tabla `submenu`
--
ALTER TABLE `submenu`
  ADD PRIMARY KEY (`id_submenu`),
  ADD UNIQUE KEY `url` (`url`),
  ADD UNIQUE KEY `nombre` (`nombre`),
  ADD KEY `FK_Submenu_Menu` (`id_menu`);

--
-- Indices de la tabla `unidad_medida`
--
ALTER TABLE `unidad_medida`
  ADD PRIMARY KEY (`id_unidad_medida`);

--
-- Indices de la tabla `usuario`
--
ALTER TABLE `usuario`
  ADD PRIMARY KEY (`id_usuario`),
  ADD UNIQUE KEY `correo` (`correo`),
  ADD UNIQUE KEY `username` (`username`),
  ADD UNIQUE KEY `nombre_completo` (`nombre_completo`),
  ADD KEY `FK_Usuario_Rol` (`id_rol`);

--
-- Indices de la tabla `variedad`
--
ALTER TABLE `variedad`
  ADD PRIMARY KEY (`id_variedad`),
  ADD KEY `FK_Variedad_Planta` (`id_planta`);

--
-- AUTO_INCREMENT de las tablas volcadas
--

--
-- AUTO_INCREMENT de la tabla `agencia_carga`
--
ALTER TABLE `agencia_carga`
  MODIFY `id_agencia_carga` int(11) NOT NULL AUTO_INCREMENT, AUTO_INCREMENT=10;

--
-- AUTO_INCREMENT de la tabla `agencia_transporte`
--
ALTER TABLE `agencia_transporte`
  MODIFY `id_agencia_transporte` int(11) NOT NULL AUTO_INCREMENT, AUTO_INCREMENT=4;

--
-- AUTO_INCREMENT de la tabla `bitacora`
--
ALTER TABLE `bitacora`
  MODIFY `id_bitacora` int(11) NOT NULL AUTO_INCREMENT, AUTO_INCREMENT=2103;

--
-- AUTO_INCREMENT de la tabla `clasificacion_ramo`
--
ALTER TABLE `clasificacion_ramo`
  MODIFY `id_clasificacion_ramo` int(11) NOT NULL AUTO_INCREMENT, AUTO_INCREMENT=7;

--
-- AUTO_INCREMENT de la tabla `clasificacion_unitaria`
--
ALTER TABLE `clasificacion_unitaria`
  MODIFY `id_clasificacion_unitaria` int(11) NOT NULL AUTO_INCREMENT, AUTO_INCREMENT=8;

--
-- AUTO_INCREMENT de la tabla `clasificacion_verde`
--
ALTER TABLE `clasificacion_verde`
  MODIFY `id_clasificacion_verde` int(11) NOT NULL AUTO_INCREMENT, AUTO_INCREMENT=8;

--
-- AUTO_INCREMENT de la tabla `cliente`
--
ALTER TABLE `cliente`
  MODIFY `id_cliente` int(11) NOT NULL AUTO_INCREMENT, AUTO_INCREMENT=3;

--
-- AUTO_INCREMENT de la tabla `cliente_agenciacarga`
--
ALTER TABLE `cliente_agenciacarga`
  MODIFY `id_cliente_agencia_carga` int(11) NOT NULL AUTO_INCREMENT, AUTO_INCREMENT=8;

--
-- AUTO_INCREMENT de la tabla `cliente_pedido_especificacion`
--
ALTER TABLE `cliente_pedido_especificacion`
  MODIFY `id_cliente_pedido_especificacion` int(11) NOT NULL AUTO_INCREMENT, AUTO_INCREMENT=10;

--
-- AUTO_INCREMENT de la tabla `configuracion_empresa`
--
ALTER TABLE `configuracion_empresa`
  MODIFY `id_configuracion_empresa` int(11) NOT NULL AUTO_INCREMENT, AUTO_INCREMENT=2;

--
-- AUTO_INCREMENT de la tabla `configuracion_user`
--
ALTER TABLE `configuracion_user`
  MODIFY `id_configuracion_user` int(11) NOT NULL AUTO_INCREMENT, AUTO_INCREMENT=4;

--
-- AUTO_INCREMENT de la tabla `consumo`
--
ALTER TABLE `consumo`
  MODIFY `id_consumo` int(11) NOT NULL AUTO_INCREMENT;

--
-- AUTO_INCREMENT de la tabla `contacto`
--
ALTER TABLE `contacto`
  MODIFY `id_contacto` int(11) NOT NULL AUTO_INCREMENT;

--
-- AUTO_INCREMENT de la tabla `desglose_recepcion`
--
ALTER TABLE `desglose_recepcion`
  MODIFY `id_desglose_recepcion` int(11) NOT NULL AUTO_INCREMENT, AUTO_INCREMENT=32;

--
-- AUTO_INCREMENT de la tabla `detallepedido_envio`
--
ALTER TABLE `detallepedido_envio`
  MODIFY `id_detallepedido_envio` int(11) NOT NULL AUTO_INCREMENT;

--
-- AUTO_INCREMENT de la tabla `detalle_clasificacion_verde`
--
ALTER TABLE `detalle_clasificacion_verde`
  MODIFY `id_detalle_clasificacion_verde` int(11) NOT NULL AUTO_INCREMENT, AUTO_INCREMENT=127;

--
-- AUTO_INCREMENT de la tabla `detalle_cliente`
--
ALTER TABLE `detalle_cliente`
  MODIFY `id_detalle_cliente` int(11) NOT NULL AUTO_INCREMENT, AUTO_INCREMENT=3;

--
-- AUTO_INCREMENT de la tabla `detalle_cliente_contacto`
--
ALTER TABLE `detalle_cliente_contacto`
  MODIFY `id_detalle_cliente_contacto` int(11) NOT NULL AUTO_INCREMENT;

--
-- AUTO_INCREMENT de la tabla `detalle_empaque`
--
ALTER TABLE `detalle_empaque`
  MODIFY `id_detalle_empaque` int(11) NOT NULL AUTO_INCREMENT, AUTO_INCREMENT=55;

--
-- AUTO_INCREMENT de la tabla `detalle_envio`
--
ALTER TABLE `detalle_envio`
  MODIFY `id_detalle_envio` int(11) NOT NULL AUTO_INCREMENT;

--
-- AUTO_INCREMENT de la tabla `detalle_especificacionempaque`
--
ALTER TABLE `detalle_especificacionempaque`
  MODIFY `id_detalle_especificacionempaque` int(11) NOT NULL AUTO_INCREMENT, AUTO_INCREMENT=8;

--
-- AUTO_INCREMENT de la tabla `detalle_pedido`
--
ALTER TABLE `detalle_pedido`
  MODIFY `id_detalle_pedido` int(11) NOT NULL AUTO_INCREMENT, AUTO_INCREMENT=472;

--
-- AUTO_INCREMENT de la tabla `documento`
--
ALTER TABLE `documento`
  MODIFY `id_documento` int(11) NOT NULL AUTO_INCREMENT;

--
-- AUTO_INCREMENT de la tabla `empaque`
--
ALTER TABLE `empaque`
  MODIFY `id_empaque` int(11) NOT NULL AUTO_INCREMENT, AUTO_INCREMENT=9;

--
-- AUTO_INCREMENT de la tabla `envio`
--
ALTER TABLE `envio`
  MODIFY `id_envio` int(11) NOT NULL AUTO_INCREMENT;

--
-- AUTO_INCREMENT de la tabla `especificacion`
--
ALTER TABLE `especificacion`
  MODIFY `id_especificacion` int(11) NOT NULL AUTO_INCREMENT, AUTO_INCREMENT=12;

--
-- AUTO_INCREMENT de la tabla `especificacion_empaque`
--
ALTER TABLE `especificacion_empaque`
  MODIFY `id_especificacion_empaque` int(11) NOT NULL AUTO_INCREMENT, AUTO_INCREMENT=12;

--
-- AUTO_INCREMENT de la tabla `factura`
--
ALTER TABLE `factura`
  MODIFY `id_factura` int(11) NOT NULL AUTO_INCREMENT;

--
-- AUTO_INCREMENT de la tabla `grupo_menu`
--
ALTER TABLE `grupo_menu`
  MODIFY `id_grupo_menu` int(11) NOT NULL AUTO_INCREMENT, AUTO_INCREMENT=3;

--
-- AUTO_INCREMENT de la tabla `icono`
--
ALTER TABLE `icono`
  MODIFY `id_icono` int(11) NOT NULL AUTO_INCREMENT, AUTO_INCREMENT=863;

--
-- AUTO_INCREMENT de la tabla `lote`
--
ALTER TABLE `lote`
  MODIFY `id_lote` int(11) NOT NULL AUTO_INCREMENT;

--
-- AUTO_INCREMENT de la tabla `lote_re`
--
ALTER TABLE `lote_re`
  MODIFY `id_lote_re` int(111) NOT NULL AUTO_INCREMENT, AUTO_INCREMENT=90;

--
-- AUTO_INCREMENT de la tabla `marcas`
--
ALTER TABLE `marcas`
  MODIFY `id_marca` int(11) NOT NULL AUTO_INCREMENT, AUTO_INCREMENT=5;

--
-- AUTO_INCREMENT de la tabla `menu`
--
ALTER TABLE `menu`
  MODIFY `id_menu` int(11) NOT NULL AUTO_INCREMENT, AUTO_INCREMENT=8;

--
-- AUTO_INCREMENT de la tabla `modulo`
--
ALTER TABLE `modulo`
  MODIFY `id_modulo` int(11) NOT NULL AUTO_INCREMENT;

--
-- AUTO_INCREMENT de la tabla `pedido`
--
ALTER TABLE `pedido`
  MODIFY `id_pedido` int(11) NOT NULL AUTO_INCREMENT, AUTO_INCREMENT=472;

--
-- AUTO_INCREMENT de la tabla `planta`
--
ALTER TABLE `planta`
  MODIFY `id_planta` int(11) NOT NULL AUTO_INCREMENT, AUTO_INCREMENT=2;

--
-- AUTO_INCREMENT de la tabla `precio`
--
ALTER TABLE `precio`
  MODIFY `id_precio` int(11) NOT NULL AUTO_INCREMENT, AUTO_INCREMENT=26;

--
-- AUTO_INCREMENT de la tabla `recepcion`
--
ALTER TABLE `recepcion`
  MODIFY `id_recepcion` int(11) NOT NULL AUTO_INCREMENT, AUTO_INCREMENT=15;

--
-- AUTO_INCREMENT de la tabla `recepcion_clasificacion_verde`
--
ALTER TABLE `recepcion_clasificacion_verde`
  MODIFY `id_recepcion_clasificacion_verde` int(11) NOT NULL AUTO_INCREMENT, AUTO_INCREMENT=15;

--
-- AUTO_INCREMENT de la tabla `rol`
--
ALTER TABLE `rol`
  MODIFY `id_rol` int(11) NOT NULL AUTO_INCREMENT, AUTO_INCREMENT=3;

--
-- AUTO_INCREMENT de la tabla `rol_submenu`
--
ALTER TABLE `rol_submenu`
  MODIFY `id_rol_submenu` int(11) NOT NULL AUTO_INCREMENT, AUTO_INCREMENT=18;

--
-- AUTO_INCREMENT de la tabla `sector`
--
ALTER TABLE `sector`
  MODIFY `id_sector` int(11) NOT NULL AUTO_INCREMENT;

--
-- AUTO_INCREMENT de la tabla `semana`
--
ALTER TABLE `semana`
  MODIFY `id_semana` int(11) NOT NULL AUTO_INCREMENT, AUTO_INCREMENT=261;

--
-- AUTO_INCREMENT de la tabla `stock_apertura`
--
ALTER TABLE `stock_apertura`
  MODIFY `id_stock_apertura` int(11) NOT NULL AUTO_INCREMENT, AUTO_INCREMENT=90;

--
-- AUTO_INCREMENT de la tabla `stock_frio`
--
ALTER TABLE `stock_frio`
  MODIFY `id_stock_frio` int(11) NOT NULL AUTO_INCREMENT;

--
-- AUTO_INCREMENT de la tabla `submenu`
--
ALTER TABLE `submenu`
  MODIFY `id_submenu` int(11) NOT NULL AUTO_INCREMENT, AUTO_INCREMENT=18;

--
-- AUTO_INCREMENT de la tabla `unidad_medida`
--
ALTER TABLE `unidad_medida`
  MODIFY `id_unidad_medida` int(11) NOT NULL AUTO_INCREMENT, AUTO_INCREMENT=3;

--
-- AUTO_INCREMENT de la tabla `usuario`
--
ALTER TABLE `usuario`
  MODIFY `id_usuario` int(11) NOT NULL AUTO_INCREMENT, AUTO_INCREMENT=4;

--
-- AUTO_INCREMENT de la tabla `variedad`
--
ALTER TABLE `variedad`
  MODIFY `id_variedad` int(11) NOT NULL AUTO_INCREMENT, AUTO_INCREMENT=4;

--
-- Restricciones para tablas volcadas
--

--
-- Filtros para la tabla `clasificacion_ramo`
--
ALTER TABLE `clasificacion_ramo`
  ADD CONSTRAINT `FK_ClasificacionRamo_ConfiguracionEmpresa` FOREIGN KEY (`id_configuracion_empresa`) REFERENCES `configuracion_empresa` (`id_configuracion_empresa`) ON DELETE NO ACTION ON UPDATE CASCADE,
  ADD CONSTRAINT `FK_ClasificacionRamo_UnidadMedida` FOREIGN KEY (`id_unidad_medida`) REFERENCES `unidad_medida` (`id_unidad_medida`) ON DELETE NO ACTION ON UPDATE CASCADE;

--
-- Filtros para la tabla `clasificacion_unitaria`
--
ALTER TABLE `clasificacion_unitaria`
  ADD CONSTRAINT `FK_ClasificacionUnitaria_ClasificacionRamoEstandar` FOREIGN KEY (`id_clasificacion_ramo_estandar`) REFERENCES `clasificacion_ramo` (`id_clasificacion_ramo`) ON DELETE NO ACTION ON UPDATE CASCADE,
  ADD CONSTRAINT `FK_ClasificacionUnitaria_ClasificacionRamoReal` FOREIGN KEY (`id_clasificacion_ramo_real`) REFERENCES `clasificacion_ramo` (`id_clasificacion_ramo`) ON DELETE NO ACTION ON UPDATE CASCADE,
  ADD CONSTRAINT `FK_ClasificacionUnitaria_ConfiguracionEmpresa` FOREIGN KEY (`id_configuracion_empresa`) REFERENCES `configuracion_empresa` (`id_configuracion_empresa`) ON DELETE NO ACTION ON UPDATE CASCADE,
  ADD CONSTRAINT `FK_ClasificacionUnitaria_UnidadMedida` FOREIGN KEY (`id_unidad_medida`) REFERENCES `unidad_medida` (`id_unidad_medida`) ON DELETE NO ACTION ON UPDATE CASCADE;

--
-- Filtros para la tabla `clasificacion_verde`
--
ALTER TABLE `clasificacion_verde`
  ADD CONSTRAINT `FK_ClasificacionVerde_Semana` FOREIGN KEY (`id_semana`) REFERENCES `semana` (`id_semana`) ON DELETE NO ACTION ON UPDATE CASCADE;

--
-- Filtros para la tabla `cliente_agenciacarga`
--
ALTER TABLE `cliente_agenciacarga`
  ADD CONSTRAINT `FK_ClienteAgenciaCarga_AgenciaCarga` FOREIGN KEY (`id_agencia_carga`) REFERENCES `agencia_carga` (`id_agencia_carga`) ON DELETE NO ACTION ON UPDATE CASCADE,
  ADD CONSTRAINT `FK_ClienteAgenciaCarga_Cliente` FOREIGN KEY (`id_cliente`) REFERENCES `cliente` (`id_cliente`) ON DELETE NO ACTION ON UPDATE CASCADE;

--
-- Filtros para la tabla `cliente_pedido_especificacion`
--
ALTER TABLE `cliente_pedido_especificacion`
  ADD CONSTRAINT `FK_ClientePedidoEspecificacion_Cliente` FOREIGN KEY (`id_cliente`) REFERENCES `cliente` (`id_cliente`) ON DELETE NO ACTION ON UPDATE CASCADE,
  ADD CONSTRAINT `FK_ClientePedidoEspecificacion_Especificacion` FOREIGN KEY (`id_especificacion`) REFERENCES `especificacion` (`id_especificacion`) ON DELETE NO ACTION ON UPDATE CASCADE;

--
-- Filtros para la tabla `configuracion_user`
--
ALTER TABLE `configuracion_user`
  ADD CONSTRAINT `FK_ConfiguracionUser_Usuario` FOREIGN KEY (`id_usuario`) REFERENCES `usuario` (`id_usuario`) ON DELETE CASCADE ON UPDATE CASCADE;

--
-- Filtros para la tabla `desglose_recepcion`
--
ALTER TABLE `desglose_recepcion`
  ADD CONSTRAINT `FK_DesgloseRecepcion_Recepcion` FOREIGN KEY (`id_recepcion`) REFERENCES `recepcion` (`id_recepcion`) ON DELETE CASCADE ON UPDATE CASCADE,
  ADD CONSTRAINT `FK_DesgloseRecepcion_Variedad` FOREIGN KEY (`id_variedad`) REFERENCES `variedad` (`id_variedad`) ON DELETE NO ACTION ON UPDATE CASCADE;

--
-- Filtros para la tabla `detallepedido_envio`
--
ALTER TABLE `detallepedido_envio`
  ADD CONSTRAINT `FK_DetallePedidoEnvio_DetallePedido` FOREIGN KEY (`id_detalle_pedido`) REFERENCES `detalle_pedido` (`id_detalle_pedido`) ON DELETE NO ACTION ON UPDATE CASCADE,
  ADD CONSTRAINT `FK_DetallePedidoEnvio_Envio` FOREIGN KEY (`id_envio`) REFERENCES `envio` (`id_envio`) ON DELETE NO ACTION ON UPDATE CASCADE;

--
-- Filtros para la tabla `detalle_clasificacion_verde`
--
ALTER TABLE `detalle_clasificacion_verde`
  ADD CONSTRAINT `FK_DetalleClasificacionVerde_ClasificacionUnitaria` FOREIGN KEY (`id_clasificacion_unitaria`) REFERENCES `clasificacion_unitaria` (`id_clasificacion_unitaria`) ON DELETE NO ACTION ON UPDATE CASCADE,
  ADD CONSTRAINT `FK_DetalleClasificacionVerde_ClasificacionVerde` FOREIGN KEY (`id_clasificacion_verde`) REFERENCES `clasificacion_verde` (`id_clasificacion_verde`) ON DELETE NO ACTION ON UPDATE CASCADE,
  ADD CONSTRAINT `FK_DetalleClasificacionVerde_Variedad` FOREIGN KEY (`id_variedad`) REFERENCES `variedad` (`id_variedad`) ON DELETE NO ACTION ON UPDATE CASCADE;

--
-- Filtros para la tabla `detalle_cliente`
--
ALTER TABLE `detalle_cliente`
  ADD CONSTRAINT `FK_DetalleCliente_Cliente` FOREIGN KEY (`id_cliente`) REFERENCES `cliente` (`id_cliente`) ON DELETE NO ACTION ON UPDATE CASCADE,
  ADD CONSTRAINT `FK_DetalleCliente_Pais` FOREIGN KEY (`codigo_pais`) REFERENCES `pais` (`codigo`) ON DELETE NO ACTION ON UPDATE CASCADE;

--
-- Filtros para la tabla `detalle_cliente_contacto`
--
ALTER TABLE `detalle_cliente_contacto`
  ADD CONSTRAINT `FK_DetalleClienteContacto_Contacto` FOREIGN KEY (`id_contacto`) REFERENCES `contacto` (`id_contacto`) ON DELETE NO ACTION ON UPDATE CASCADE,
  ADD CONSTRAINT `FK_DetalleClienteContacto_DetalleCliente` FOREIGN KEY (`id_detalle_cliente`) REFERENCES `detalle_cliente` (`id_detalle_cliente`) ON DELETE NO ACTION ON UPDATE CASCADE;

--
-- Filtros para la tabla `detalle_empaque`
--
ALTER TABLE `detalle_empaque`
  ADD CONSTRAINT `FK_DetalleEmpaque_ClasificacionRamo` FOREIGN KEY (`id_clasificacion_ramo`) REFERENCES `clasificacion_ramo` (`id_clasificacion_ramo`) ON DELETE NO ACTION ON UPDATE CASCADE,
  ADD CONSTRAINT `FK_DetalleEmpaque_Empaque` FOREIGN KEY (`id_empaque`) REFERENCES `empaque` (`id_empaque`) ON DELETE NO ACTION ON UPDATE CASCADE,
  ADD CONSTRAINT `FK_DetalleEmpaque_Variedad` FOREIGN KEY (`id_variedad`) REFERENCES `variedad` (`id_variedad`) ON DELETE NO ACTION ON UPDATE CASCADE;

--
-- Filtros para la tabla `detalle_envio`
--
ALTER TABLE `detalle_envio`
  ADD CONSTRAINT `FK_DetalleEnvio_AgenciaTransporte` FOREIGN KEY (`id_agencia_transporte`) REFERENCES `agencia_transporte` (`id_agencia_transporte`) ON DELETE NO ACTION ON UPDATE CASCADE,
  ADD CONSTRAINT `FK_DetalleEnvio_Envio` FOREIGN KEY (`id_envio`) REFERENCES `envio` (`id_envio`) ON DELETE NO ACTION ON UPDATE CASCADE,
  ADD CONSTRAINT `FK_DetalleEnvio_Especificacion` FOREIGN KEY (`id_especificacion`) REFERENCES `especificacion` (`id_especificacion`) ON DELETE NO ACTION ON UPDATE CASCADE;

--
-- Filtros para la tabla `detalle_especificacionempaque`
--
ALTER TABLE `detalle_especificacionempaque`
  ADD CONSTRAINT `FK_DetalleEspecificacionEmpaque_ClasificacionRamo` FOREIGN KEY (`id_clasificacion_ramo`) REFERENCES `clasificacion_ramo` (`id_clasificacion_ramo`) ON DELETE NO ACTION ON UPDATE CASCADE,
  ADD CONSTRAINT `FK_DetalleEspecificacionEmpaque_EmpaqueE` FOREIGN KEY (`id_empaque_e`) REFERENCES `empaque` (`id_empaque`) ON DELETE NO ACTION ON UPDATE CASCADE,
  ADD CONSTRAINT `FK_DetalleEspecificacionEmpaque_EmpaqueP` FOREIGN KEY (`id_empaque_p`) REFERENCES `empaque` (`id_empaque`) ON DELETE NO ACTION ON UPDATE CASCADE,
  ADD CONSTRAINT `FK_DetalleEspecificacionEmpaque_EspecificacionEmpaque` FOREIGN KEY (`id_especificacion_empaque`) REFERENCES `especificacion_empaque` (`id_especificacion_empaque`) ON DELETE NO ACTION ON UPDATE CASCADE,
  ADD CONSTRAINT `FK_DetalleEspecificacionEmpaque_Variedad` FOREIGN KEY (`id_variedad`) REFERENCES `variedad` (`id_variedad`) ON DELETE NO ACTION ON UPDATE CASCADE;

--
-- Filtros para la tabla `detalle_pedido`
--
ALTER TABLE `detalle_pedido`
  ADD CONSTRAINT `FK_DetallePedido_ClienteEspecificacion` FOREIGN KEY (`id_cliente_especificacion`) REFERENCES `cliente_pedido_especificacion` (`id_cliente_pedido_especificacion`) ON DELETE NO ACTION ON UPDATE CASCADE,
  ADD CONSTRAINT `FK_DetallePedido_Pedido` FOREIGN KEY (`id_pedido`) REFERENCES `pedido` (`id_pedido`) ON DELETE NO ACTION ON UPDATE CASCADE;

--
-- Filtros para la tabla `empaque`
--
ALTER TABLE `empaque`
  ADD CONSTRAINT `FK_Empaque_ConfiguracionEmpresa` FOREIGN KEY (`id_configuracion_empresa`) REFERENCES `configuracion_empresa` (`id_configuracion_empresa`) ON DELETE NO ACTION ON UPDATE CASCADE;

--
-- Filtros para la tabla `envio`
--
ALTER TABLE `envio`
  ADD CONSTRAINT `FK_Envio_AgenciaTransporte` FOREIGN KEY (`id_agencia_transporte`) REFERENCES `agencia_transporte` (`id_agencia_transporte`) ON DELETE NO ACTION ON UPDATE CASCADE,
  ADD CONSTRAINT `FK_Envio_Pedido` FOREIGN KEY (`id_pedido`) REFERENCES `pedido` (`id_pedido`) ON DELETE NO ACTION ON UPDATE CASCADE;

--
-- Filtros para la tabla `especificacion_empaque`
--
ALTER TABLE `especificacion_empaque`
  ADD CONSTRAINT `FK_EspecificacionEmpaque_Empaque` FOREIGN KEY (`id_empaque`) REFERENCES `empaque` (`id_empaque`) ON DELETE NO ACTION ON UPDATE CASCADE,
  ADD CONSTRAINT `FK_EspecificacionEmpaque_Especificacion` FOREIGN KEY (`id_especificacion`) REFERENCES `especificacion` (`id_especificacion`) ON DELETE NO ACTION ON UPDATE CASCADE;

--
-- Filtros para la tabla `factura`
--
ALTER TABLE `factura`
  ADD CONSTRAINT `FK_Factura_Pedido` FOREIGN KEY (`id_pedido`) REFERENCES `pedido` (`id_pedido`) ON DELETE NO ACTION ON UPDATE CASCADE;

--
-- Filtros para la tabla `lote`
--
ALTER TABLE `lote`
  ADD CONSTRAINT `FK_Lote_Modulo` FOREIGN KEY (`id_modulo`) REFERENCES `modulo` (`id_modulo`) ON DELETE NO ACTION ON UPDATE CASCADE;

--
-- Filtros para la tabla `lote_re`
--
ALTER TABLE `lote_re`
  ADD CONSTRAINT `FK_LoteRE_ClasificacionUnitaria` FOREIGN KEY (`id_clasificacion_unitaria`) REFERENCES `clasificacion_unitaria` (`id_clasificacion_unitaria`) ON DELETE NO ACTION ON UPDATE CASCADE,
  ADD CONSTRAINT `FK_LoteRE_ClasificacionVerde` FOREIGN KEY (`id_clasificacion_verde`) REFERENCES `clasificacion_verde` (`id_clasificacion_verde`) ON DELETE NO ACTION ON UPDATE CASCADE,
  ADD CONSTRAINT `FK_LoteRE_Variedad` FOREIGN KEY (`id_variedad`) REFERENCES `variedad` (`id_variedad`) ON DELETE NO ACTION ON UPDATE CASCADE;

--
-- Filtros para la tabla `menu`
--
ALTER TABLE `menu`
  ADD CONSTRAINT `FK_Menu_GrupoMenu` FOREIGN KEY (`id_grupo_menu`) REFERENCES `grupo_menu` (`id_grupo_menu`) ON DELETE SET NULL ON UPDATE CASCADE;

--
-- Filtros para la tabla `modulo`
--
ALTER TABLE `modulo`
  ADD CONSTRAINT `FK_Modulo_Sector` FOREIGN KEY (`id_sector`) REFERENCES `sector` (`id_sector`) ON DELETE NO ACTION ON UPDATE CASCADE;

--
-- Filtros para la tabla `pedido`
--
ALTER TABLE `pedido`
  ADD CONSTRAINT `FK_Pedido_Cliente` FOREIGN KEY (`id_cliente`) REFERENCES `cliente` (`id_cliente`) ON DELETE NO ACTION ON UPDATE CASCADE;

--
-- Filtros para la tabla `precio`
--
ALTER TABLE `precio`
  ADD CONSTRAINT `FK_Precio_ClasificacionRamo` FOREIGN KEY (`id_clasificacion_ramo`) REFERENCES `clasificacion_ramo` (`id_clasificacion_ramo`) ON DELETE NO ACTION ON UPDATE CASCADE,
  ADD CONSTRAINT `FK_Precio_Variedad` FOREIGN KEY (`id_variedad`) REFERENCES `variedad` (`id_variedad`) ON DELETE NO ACTION ON UPDATE CASCADE;

--
-- Filtros para la tabla `recepcion`
--
ALTER TABLE `recepcion`
  ADD CONSTRAINT `FK_Recepcion_Semana` FOREIGN KEY (`id_semana`) REFERENCES `semana` (`id_semana`) ON DELETE NO ACTION ON UPDATE CASCADE;

--
-- Filtros para la tabla `recepcion_clasificacion_verde`
--
ALTER TABLE `recepcion_clasificacion_verde`
  ADD CONSTRAINT `FK_RecepcionClasificacionVerde_ClasificacionVerde` FOREIGN KEY (`id_clasificacion_verde`) REFERENCES `clasificacion_verde` (`id_clasificacion_verde`) ON DELETE NO ACTION ON UPDATE CASCADE,
  ADD CONSTRAINT `FK_RecepcionClasificacionVerde_Recepcion` FOREIGN KEY (`id_recepcion`) REFERENCES `recepcion` (`id_recepcion`) ON DELETE NO ACTION ON UPDATE CASCADE;

--
-- Filtros para la tabla `rol_submenu`
--
ALTER TABLE `rol_submenu`
  ADD CONSTRAINT `FK_RolSubmenu_Rol` FOREIGN KEY (`id_rol`) REFERENCES `rol` (`id_rol`) ON DELETE SET NULL ON UPDATE CASCADE,
  ADD CONSTRAINT `FK_RolSubmenu_Submenu` FOREIGN KEY (`id_submenu`) REFERENCES `submenu` (`id_submenu`) ON DELETE SET NULL ON UPDATE CASCADE;

--
-- Filtros para la tabla `semana`
--
ALTER TABLE `semana`
  ADD CONSTRAINT `FK_Semana_Variedad` FOREIGN KEY (`id_variedad`) REFERENCES `variedad` (`id_variedad`) ON DELETE NO ACTION ON UPDATE CASCADE;

--
-- Filtros para la tabla `stock_apertura`
--
ALTER TABLE `stock_apertura`
  ADD CONSTRAINT `FK_StockApertura_ClasificacionUnitaria` FOREIGN KEY (`id_clasificacion_unitaria`) REFERENCES `clasificacion_unitaria` (`id_clasificacion_unitaria`) ON DELETE NO ACTION ON UPDATE CASCADE,
  ADD CONSTRAINT `FK_StockApertura_LoteRE` FOREIGN KEY (`id_lote_re`) REFERENCES `lote_re` (`id_lote_re`) ON DELETE NO ACTION ON UPDATE CASCADE,
  ADD CONSTRAINT `FK_StockApertura_Variedad` FOREIGN KEY (`id_variedad`) REFERENCES `variedad` (`id_variedad`) ON DELETE NO ACTION ON UPDATE CASCADE;

--
-- Filtros para la tabla `stock_frio`
--
ALTER TABLE `stock_frio`
  ADD CONSTRAINT `FK_StockFrio_ClasificacionUnitaria` FOREIGN KEY (`id_clasificacion_unitaria`) REFERENCES `clasificacion_unitaria` (`id_clasificacion_unitaria`) ON DELETE NO ACTION ON UPDATE CASCADE,
  ADD CONSTRAINT `FK_StockFrio_Consumo` FOREIGN KEY (`id_consumo`) REFERENCES `consumo` (`id_consumo`) ON DELETE NO ACTION ON UPDATE CASCADE,
  ADD CONSTRAINT `FK_StockFrio_Semana` FOREIGN KEY (`id_semana`) REFERENCES `semana` (`id_semana`) ON DELETE NO ACTION ON UPDATE CASCADE,
  ADD CONSTRAINT `FK_StockFrio_StockApertura` FOREIGN KEY (`id_stock_apertura`) REFERENCES `stock_apertura` (`id_stock_apertura`) ON DELETE NO ACTION ON UPDATE CASCADE,
  ADD CONSTRAINT `FK_StockFrio_Variedad` FOREIGN KEY (`id_variedad`) REFERENCES `variedad` (`id_variedad`) ON DELETE NO ACTION ON UPDATE CASCADE;

--
-- Filtros para la tabla `submenu`
--
ALTER TABLE `submenu`
  ADD CONSTRAINT `FK_Submenu_Menu` FOREIGN KEY (`id_menu`) REFERENCES `menu` (`id_menu`) ON DELETE SET NULL ON UPDATE CASCADE;

--
-- Filtros para la tabla `usuario`
--
ALTER TABLE `usuario`
  ADD CONSTRAINT `FK_Usuario_Rol` FOREIGN KEY (`id_rol`) REFERENCES `rol` (`id_rol`) ON DELETE SET NULL ON UPDATE CASCADE;

--
-- Filtros para la tabla `variedad`
--
ALTER TABLE `variedad`
  ADD CONSTRAINT `FK_Variedad_Planta` FOREIGN KEY (`id_planta`) REFERENCES `planta` (`id_planta`) ON DELETE NO ACTION ON UPDATE CASCADE;
COMMIT;

/*!40101 SET CHARACTER_SET_CLIENT=@OLD_CHARACTER_SET_CLIENT */;
/*!40101 SET CHARACTER_SET_RESULTS=@OLD_CHARACTER_SET_RESULTS */;
/*!40101 SET COLLATION_CONNECTION=@OLD_COLLATION_CONNECTION */;
